[zoho-seed-upload] DB OK
[zoho-seed-upload] Loading Zoho contacts index…
[zoho-seed-upload] Loading Zoho items index…
[zoho-seed-upload] Index: 17 contacts, 6 SKUs
[zoho-seed-upload] vendor_client EI-CLI-00001: already has zoho_id
[zoho-seed-upload] vendor_client EI-CLI-00002: already has zoho_id
[zoho-seed-upload] vendor_client EI-CLI-00003: already has zoho_id
[zoho-seed-upload] vendor_client EI-CLI-00004: already has zoho_id
[zoho-seed-upload] vendor_client EI-CLI-00005: already has zoho_id
[zoho-seed-upload] vendor_client EI-CLI-00006: already has zoho_id
[zoho-seed-upload] vendor_client EI-CLI-00007: already has zoho_id
[zoho-seed-upload] vendor_client EI-CLI-00008: already has zoho_id
[zoho-seed-upload] vendor_client EI-CLI-00009: already has zoho_id
[zoho-seed-upload] vendor_client EI-CLI-00010: already has zoho_id
[zoho-seed-upload] vendor_client EI-CLI-00011: already has zoho_id
[zoho-seed-upload] vendor_client EI-CLI-00012: already has zoho_id
[zoho-seed-upload] vendor_client EI-CLI-00013: already has zoho_id
[zoho-seed-upload] vendor_client EI-CLI-00014: already has zoho_id
[zoho-seed-upload] vendor_client EI-CLI-00015: already has zoho_id
[zoho-seed-upload] vendor_client EI-CLI-00016: already has zoho_id
[zoho-seed-upload] vendor_client EI-CLI-00017: already has zoho_id
[zoho-seed-upload] vendor_client EI-CLI-00018: already has zoho_id
[zoho-seed-upload] vendor_client EI-CLI-00019: already has zoho_id
[zoho-seed-upload] vendor_client EI-CLI-00020: already has zoho_id
[zoho-seed-upload] vendor_client EI-CLI-00021: already has zoho_id
[zoho-seed-upload] vendor_client EI-CLI-00022: already has zoho_id
[zoho-seed-upload] vendor_client EI-CLI-00023: already has zoho_id
[zoho-seed-upload] vendor_client EI-CLI-00024: already has zoho_id
[zoho-seed-upload] vendor_client EI-CLI-00025: already has zoho_id
[zoho-seed-upload] vendor_client EI-CLI-00026: already has zoho_id
[zoho-seed-upload] vendor_client EI-CLI-00027: already has zoho_id
[zoho-seed-upload] vendor_client EI-CLI-00028: already has zoho_id
[zoho-seed-upload] vendor_client EI-CLI-00029: already has zoho_id
[zoho-seed-upload] vendor_client EI-CLI-00030: already has zoho_id
[zoho-seed-upload] vendor_client EI-CLI-00031: already has zoho_id
[zoho-seed-upload] vendor_client EI-CLI-00032: already has zoho_id
[zoho-seed-upload] vendor_client EI-CLI-00033: already has zoho_id
[zoho-seed-upload] vendor_client EI-CLI-00034: already has zoho_id
[zoho-seed-upload] vendor_client EI-CLI-00035: already has zoho_id
[zoho-seed-upload] vendor_client EI-CLI-00036: already has zoho_id
[zoho-seed-upload] vendor_client EI-CLI-00037: already has zoho_id
[zoho-seed-upload] vendor_client EI-CLI-00038: already has zoho_id
[zoho-seed-upload] vendor_client EI-CLI-00039: already has zoho_id
[zoho-seed-upload] vendor_client EI-CLI-00040: already has zoho_id
[zoho-seed-upload] vendor_client EI-CLI-00041: already has zoho_id
[zoho-seed-upload] vendor_client EI-CLI-00042: already has zoho_id
[zoho-seed-upload] vendor_client EI-CLI-00043: already has zoho_id
[zoho-seed-upload] vendor_client EI-CLI-00044: already has zoho_id
[zoho-seed-upload] vendor_client EI-CLI-00045: already has zoho_id
[zoho-seed-upload] vendor_client EI-CLI-00046: already has zoho_id
[zoho-seed-upload] vendor_client EI-CLI-00047: already has zoho_id
[zoho-seed-upload] vendor_client EI-CLI-00048: already has zoho_id
[zoho-seed-upload] vendor_client EI-CLI-00049: already has zoho_id
[zoho-seed-upload] vendor_client EI-CLI-00050: already has zoho_id
[zoho-seed-upload] vendor_client EI-CLI-00051: already has zoho_id
[zoho-seed-upload] vendor_client EI-CLI-00052: already has zoho_id
[zoho-seed-upload] vendor_client EI-CLI-00053: already has zoho_id
[zoho-seed-upload] vendor_client EI-CLI-00054: already has zoho_id
[zoho-seed-upload] vendor_client EI-CLI-00055: already has zoho_id
[zoho-seed-upload] vendor_client EI-CLI-00056: already has zoho_id
[zoho-seed-upload] vendor_client EI-CLI-00057: already has zoho_id
[zoho-seed-upload] vendor_client EI-CLI-00058: already has zoho_id
[zoho-seed-upload] vendor_client EI-CLI-00059: already has zoho_id
[zoho-seed-upload] vendor_client EI-CLI-00060: already has zoho_id
[zoho-seed-upload] vendor_client EI-CLI-00061: already has zoho_id
[zoho-seed-upload] vendor_client EI-CLI-00062: already has zoho_id
[zoho-seed-upload] vendor_client EI-CLI-00063: already has zoho_id
[zoho-seed-upload] vendor_client EI-CLI-00064: already has zoho_id
[zoho-seed-upload] vendor_client EI-CLI-00065: already has zoho_id
[zoho-seed-upload] vendor_client EI-CLI-00066: already has zoho_id
[zoho-seed-upload] vendor_client EI-CLI-00067: already has zoho_id
[zoho-seed-upload] vendor_client EI-CLI-00068: already has zoho_id
[zoho-seed-upload] vendor_client EI-CLI-00069: already has zoho_id
[zoho-seed-upload] vendor_client EI-CLI-00070: already has zoho_id
[zoho-seed-upload] vendor_client EI-CLI-00071: already has zoho_id
[zoho-seed-upload] vendor_client EI-CLI-00072: already has zoho_id
[zoho-seed-upload] vendor_client EI-CLI-00073: already has zoho_id
[zoho-seed-upload] vendor_client EI-CLI-00074: already has zoho_id
[zoho-seed-upload] vendor_client EI-CLI-00075: already has zoho_id
[zoho-seed-upload] vendor_client EI-CLI-00076: already has zoho_id
[zoho-seed-upload] vendor_client EI-CLI-00077: already has zoho_id
[zoho-seed-upload] vendor_client EI-CLI-00078: already has zoho_id
[zoho-seed-upload] vendor_client EI-CLI-00079: already has zoho_id
[zoho-seed-upload] vendor_client EI-CLI-00080: already has zoho_id
[zoho-seed-upload] vendor_client EI-CLI-00081: already has zoho_id
[zoho-seed-upload] vendor_client EI-CLI-00082: already has zoho_id
[zoho-seed-upload] vendor_client EI-CLI-00083: already has zoho_id
[zoho-seed-upload] vendor_client EI-CLI-00084: already has zoho_id
[zoho-seed-upload] vendor_client EI-CLI-00085: already has zoho_id
[zoho-seed-upload] vendor_client EI-CLI-00086: already has zoho_id
[zoho-seed-upload] vendor_client EI-CLI-00087: already has zoho_id
[zoho-seed-upload] vendor_client EI-CLI-00088: already has zoho_id
[zoho-seed-upload] vendor_client EI-CLI-00089: already has zoho_id
[zoho-seed-upload] vendor_client EI-CLI-00090: already has zoho_id
[zoho-seed-upload] vendor_client EI-CLI-00091: already has zoho_id
[zoho-seed-upload] vendor_client EI-CLI-00092: already has zoho_id
[zoho-seed-upload] vendor_client EI-CLI-00093: already has zoho_id
[zoho-seed-upload] vendor_client EI-CLI-00094: already has zoho_id
[zoho-seed-upload] vendor_client EI-CLI-00095: already has zoho_id
[zoho-seed-upload] vendor_client EI-CLI-00096: already has zoho_id
[zoho-seed-upload] vendor_client EI-CLI-00097: already has zoho_id
[zoho-seed-upload] vendor_client EI-CLI-00098: already has zoho_id
[zoho-seed-upload] vendor_client EI-CLI-00099: already has zoho_id
[zoho-seed-upload] vendor_client EI-CLI-00100: already has zoho_id
[zoho-seed-upload] vendor_client EI-CLI-00101: already has zoho_id
[zoho-seed-upload] vendor_client EI-CLI-00102: already has zoho_id
[zoho-seed-upload] vendor_client EI-CLI-00103: already has zoho_id
[zoho-seed-upload] vendor_client EI-CLI-00104: already has zoho_id
[zoho-seed-upload] vendor_client EI-CLI-00105: already has zoho_id
[zoho-seed-upload] vendor_client EI-CLI-00106: already has zoho_id
[zoho-seed-upload] vendor_client EI-CLI-00107: already has zoho_id
[zoho-seed-upload] vendor_client EI-CLI-00108: already has zoho_id
[zoho-seed-upload] vendor_client EI-CLI-00109: already has zoho_id
[zoho-seed-upload] vendor_client EI-CLI-00110: already has zoho_id
[zoho-seed-upload] vendor_client EI-CLI-00111: already has zoho_id
[zoho-seed-upload] vendor_client EI-CLI-00112: already has zoho_id
[zoho-seed-upload] vendor_client EI-CLI-00113: already has zoho_id
[zoho-seed-upload] vendor_client EI-CLI-00114: already has zoho_id
[zoho-seed-upload] vendor_client EI-CLI-00115: already has zoho_id
[zoho-seed-upload] vendor_client EI-CLI-00116: already has zoho_id
[zoho-seed-upload] vendor_client EI-CLI-00117: already has zoho_id
[zoho-seed-upload] vendor_client EI-CLI-00118: already has zoho_id
[zoho-seed-upload] vendor_client EI-CLI-00119: already has zoho_id
[zoho-seed-upload] vendor_client EI-CLI-00120: already has zoho_id
[zoho-seed-upload] vendor_client EI-CLI-00121: already has zoho_id
[zoho-seed-upload] vendor_client EI-CLI-00122: already has zoho_id
[zoho-seed-upload] vendor_client EI-CLI-00123: already has zoho_id
[zoho-seed-upload] vendor_client EI-CLI-00124: already has zoho_id
[zoho-seed-upload] vendor_client EI-CLI-00125: already has zoho_id
[zoho-seed-upload] vendor_client EI-CLI-00126: already has zoho_id
[zoho-seed-upload] vendor_client EI-CLI-00127: already has zoho_id
[zoho-seed-upload] vendor_client EI-CLI-00128: already has zoho_id
[zoho-seed-upload] vendor_client EI-CLI-00129: already has zoho_id
[zoho-seed-upload] vendor_client EI-CLI-00130: already has zoho_id
[zoho-seed-upload] vendor_client EI-CLI-00131: already has zoho_id
[zoho-seed-upload] vendor_client EI-CLI-00132: already has zoho_id
[zoho-seed-upload] vendor_client EI-CLI-00133: already has zoho_id
[zoho-seed-upload] vendor_client EI-CLI-00134: already has zoho_id
[zoho-seed-upload] vendor_client EI-CLI-00135: already has zoho_id
[zoho-seed-upload] vendor_client EI-CLI-00136: already has zoho_id
[zoho-seed-upload] vendor_client EI-CLI-00137: already has zoho_id
[zoho-seed-upload] vendor_client EI-CLI-00138: already has zoho_id
[zoho-seed-upload] vendor_client EI-CLI-00139: already has zoho_id
[zoho-seed-upload] vendor_client EI-CLI-00140: already has zoho_id
[zoho-seed-upload] vendor_client EI-CLI-00141: already has zoho_id
[zoho-seed-upload] vendor_client EI-CLI-00142: already has zoho_id
[zoho-seed-upload] vendor_client EI-CLI-00143: already has zoho_id
[zoho-seed-upload] vendor_client EI-CLI-00144: already has zoho_id
[zoho-seed-upload] vendor_client EI-CLI-00145: already has zoho_id
[zoho-seed-upload] vendor_client EI-CLI-00146: already has zoho_id
[zoho-seed-upload] vendor_client EI-CLI-00147: already has zoho_id
[zoho-seed-upload] vendor_client EI-CLI-00148: already has zoho_id
[zoho-seed-upload] vendor_client EI-CLI-00149: already has zoho_id
[zoho-seed-upload] vendor_client EI-CLI-00150: already has zoho_id
[zoho-seed-upload] vendor_client EI-CLI-00151: already has zoho_id
[zoho-seed-upload] vendor_client EI-CLI-00152: already has zoho_id
[zoho-seed-upload] vendor_client EI-CLI-00153: already has zoho_id
[zoho-seed-upload] vendor_client EI-CLI-00154: already has zoho_id
[zoho-seed-upload] vendor_client EI-CLI-00155: already has zoho_id
[zoho-seed-upload] vendor_client EI-CLI-00156: already has zoho_id
[zoho-seed-upload] vendor_client EI-CLI-00157: already has zoho_id
[zoho-seed-upload] vendor_client EI-CLI-00158: already has zoho_id
[zoho-seed-upload] vendor_client EI-CLI-00159: already has zoho_id
[zoho-seed-upload] vendor_client EI-CLI-00160: already has zoho_id
[zoho-seed-upload] vendor_client EI-CLI-00161: already has zoho_id
[zoho-seed-upload] vendor_client EI-CLI-00162: already has zoho_id
[zoho-seed-upload] vendor_client EI-CLI-00163: already has zoho_id
[zoho-seed-upload] vendor_client EI-CLI-00164: already has zoho_id
[zoho-seed-upload] vendor_client EI-CLI-00165: already has zoho_id
[zoho-seed-upload] vendor_client EI-CLI-00166: already has zoho_id
[zoho-seed-upload] vendor_client EI-CLI-00167: already has zoho_id
[zoho-seed-upload] vendor_client EI-CLI-00168: already has zoho_id
[zoho-seed-upload] vendor_client EI-CLI-00169: already has zoho_id
[zoho-seed-upload] vendor_client EI-CLI-00170: already has zoho_id
[zoho-seed-upload] vendor_client EI-CLI-00171: already has zoho_id
[zoho-seed-upload] vendor_client EI-CLI-00172: already has zoho_id
[zoho-seed-upload] vendor_client EI-CLI-00173: already has zoho_id
[zoho-seed-upload] vendor_client EI-CLI-00174: already has zoho_id
[zoho-seed-upload] vendor_client EI-CLI-00175: already has zoho_id
[zoho-seed-upload] vendor_client EI-CLI-00176: already has zoho_id
[zoho-seed-upload] vendor_client EI-CLI-00177: already has zoho_id
[zoho-seed-upload] vendor_client EI-CLI-00178: already has zoho_id
[zoho-seed-upload] vendor_client EI-CLI-00179: already has zoho_id
[zoho-seed-upload] vendor_client EI-CLI-00180: already has zoho_id
[zoho-seed-upload] vendor_client EI-CLI-00181: already has zoho_id
[zoho-seed-upload] vendor_client EI-CLI-00182: already has zoho_id
[zoho-seed-upload] vendor_client EI-CLI-00183: already has zoho_id
[zoho-seed-upload] vendor_client EI-CLI-00184: already has zoho_id
[zoho-seed-upload] vendor_client EI-CLI-00185: already has zoho_id
[zoho-seed-upload] vendor_client EI-CLI-00186: already has zoho_id
[zoho-seed-upload] vendor_client EI-CLI-00187: already has zoho_id
[zoho-seed-upload] vendor_client EI-CLI-00188: already has zoho_id
[zoho-seed-upload] vendor_client EI-CLI-00189: already has zoho_id
[zoho-seed-upload] vendor_client EI-CLI-00190: already has zoho_id
[zoho-seed-upload] vendor_client EI-CLI-00191: already has zoho_id
[zoho-seed-upload] vendor_client EI-CLI-00192: already has zoho_id
[zoho-seed-upload] vendor_client EI-CLI-00193: already has zoho_id
[zoho-seed-upload] vendor_client EI-CLI-00194: already has zoho_id
[zoho-seed-upload] vendor_client EI-CLI-00195: already has zoho_id
[zoho-seed-upload] vendor_client EI-CLI-00196: already has zoho_id
[zoho-seed-upload] vendor_client EI-CLI-00197: already has zoho_id
[zoho-seed-upload] vendor_client EI-CLI-00198: already has zoho_id
[zoho-seed-upload] vendor_client EI-CLI-00199: already has zoho_id
[zoho-seed-upload] vendor_client EI-CLI-00200: already has zoho_id
[zoho-seed-upload] vendor_client EI-CLI-00201: already has zoho_id
[zoho-seed-upload] vendor_client EI-CLI-00202: already has zoho_id
[zoho-seed-upload] vendor_client EI-CLI-00203: already has zoho_id
[zoho-seed-upload] vendor_client EI-CLI-00204: already has zoho_id
[zoho-seed-upload] vendor_client EI-CLI-00205: already has zoho_id
[zoho-seed-upload] vendor_client EI-CLI-00206: already has zoho_id
[zoho-seed-upload] vendor_client EI-CLI-00207: already has zoho_id
[zoho-seed-upload] vendor_client EI-CLI-00208: already has zoho_id
[zoho-seed-upload] vendor_client EI-CLI-00209: already has zoho_id
[zoho-seed-upload] vendor_client EI-CLI-00210: already has zoho_id
[zoho-seed-upload] vendor_client EI-CLI-00211: already has zoho_id
[zoho-seed-upload] vendor_client EI-CLI-00212: already has zoho_id
[zoho-seed-upload] vendor_client EI-CLI-00213: already has zoho_id
[zoho-seed-upload] vendor_client EI-CLI-00214: already has zoho_id
[zoho-seed-upload] vendor_client EI-CLI-00215: already has zoho_id
[zoho-seed-upload] vendor_client EI-CLI-00216: already has zoho_id
[zoho-seed-upload] vendor_client EI-CLI-00217: already has zoho_id
[zoho-seed-upload] vendor_client EI-CLI-00218: already has zoho_id
[zoho-seed-upload] vendor_client EI-CLI-00219: already has zoho_id
[zoho-seed-upload] vendor_client EI-CLI-00220: already has zoho_id
[zoho-seed-upload] vendor_client EI-CLI-00221: already has zoho_id
[zoho-seed-upload] vendor_client EI-CLI-00222: already has zoho_id
[zoho-seed-upload] vendor_client EI-CLI-00223: already has zoho_id
[zoho-seed-upload] vendor_client EI-CLI-00224: already has zoho_id
[zoho-seed-upload] vendor_client EI-CLI-00225: already has zoho_id
[zoho-seed-upload] vendor_client EI-CLI-00226: already has zoho_id
[zoho-seed-upload] vendor_client EI-CLI-00227: already has zoho_id
[zoho-seed-upload] vendor_client EI-CLI-00228: already has zoho_id
[zoho-seed-upload] vendor_client EI-CLI-00229: already has zoho_id
[zoho-seed-upload] vendor_client EI-CLI-00230: already has zoho_id
[zoho-seed-upload] vendor_client EI-CLI-00231: already has zoho_id
[zoho-seed-upload] vendor_client EI-CLI-00232: already has zoho_id
[zoho-seed-upload] vendor_client EI-CLI-00233: already has zoho_id
[zoho-seed-upload] vendor_client EI-CLI-00234: already has zoho_id
[zoho-seed-upload] vendor_client EI-CLI-00235: already has zoho_id
[zoho-seed-upload] vendor_client EI-CLI-00236: already has zoho_id
[zoho-seed-upload] vendor_client EI-CLI-00237: already has zoho_id
[zoho-seed-upload] vendor_client EI-CLI-00238: already has zoho_id
[zoho-seed-upload] vendor_client EI-CLI-00239: already has zoho_id
[zoho-seed-upload] vendor_client EI-CLI-00240: already has zoho_id
[zoho-seed-upload] vendor_client EI-CLI-00241: already has zoho_id
[zoho-seed-upload] vendor_client EI-CLI-00242: already has zoho_id
[zoho-seed-upload] vendor_client EI-CLI-00243: already has zoho_id
[zoho-seed-upload] vendor_client EI-CLI-00244: already has zoho_id
[zoho-seed-upload] vendor_client EI-CLI-00245: already has zoho_id
[zoho-seed-upload] vendor_client EI-CLI-00246: already has zoho_id
[zoho-seed-upload] vendor_client EI-CLI-00247: already has zoho_id
[zoho-seed-upload] vendor_client EI-CLI-00248: already has zoho_id
[zoho-seed-upload] vendor_client EI-CLI-00249: already has zoho_id
[zoho-seed-upload] vendor_client EI-CLI-00250: already has zoho_id
[zoho-seed-upload] vendor_client EI-CLI-00251: already has zoho_id
[zoho-seed-upload] vendor_client EI-CLI-00252: already has zoho_id
[zoho-seed-upload] vendor_client EI-CLI-00253: already has zoho_id
[zoho-seed-upload] vendor_client EI-CLI-00254: already has zoho_id
[zoho-seed-upload] vendor_client EI-CLI-00255: already has zoho_id
[zoho-seed-upload] vendor_client EI-CLI-00256: already has zoho_id
[zoho-seed-upload] vendor_client EI-CLI-00257: already has zoho_id
[zoho-seed-upload] vendor_client EI-CLI-00258: already has zoho_id
[zoho-seed-upload] vendor_client EI-CLI-00259: already has zoho_id
[zoho-seed-upload] vendor_client EI-CLI-00260: already has zoho_id
[zoho-seed-upload] vendor_client EI-CLI-00261: already has zoho_id
[zoho-seed-upload] vendor_client EI-CLI-00262: already has zoho_id
[zoho-seed-upload] vendor_client EI-CLI-00263: already has zoho_id
[zoho-seed-upload] vendor_client EI-CLI-00264: already has zoho_id
[zoho-seed-upload] vendor_client EI-CLI-00265: already has zoho_id
[zoho-seed-upload] vendor_client EI-CLI-00266: already has zoho_id
[zoho-seed-upload] vendor_client EI-CLI-00267: already has zoho_id
[zoho-seed-upload] vendor_client EI-CLI-00268: already has zoho_id
[zoho-seed-upload] vendor_client EI-CLI-00269: already has zoho_id
[zoho-seed-upload] vendor_client EI-CLI-00270: already has zoho_id
[zoho-seed-upload] vendor_client EI-CLI-00271: already has zoho_id
[zoho-seed-upload] vendor_client EI-CLI-00272: already has zoho_id
[zoho-seed-upload] vendor_client EI-CLI-00273: already has zoho_id
[zoho-seed-upload] vendor_client EI-CLI-00274: already has zoho_id
[zoho-seed-upload] vendor_client EI-CLI-00275: already has zoho_id
[zoho-seed-upload] vendor_client EI-CLI-00276: already has zoho_id
[zoho-seed-upload] vendor_client EI-CLI-00277: already has zoho_id
[zoho-seed-upload] vendor_client EI-CLI-00278: already has zoho_id
[zoho-seed-upload] vendor_client EI-CLI-00279: already has zoho_id
[zoho-seed-upload] vendor_client EI-CLI-00280: already has zoho_id
[zoho-seed-upload] vendor_client EI-CLI-00281: already has zoho_id
[zoho-seed-upload] vendor_client EI-CLI-00282: already has zoho_id
[zoho-seed-upload] vendor_client EI-CLI-00283: already has zoho_id
[zoho-seed-upload] vendor_client EI-CLI-00284: already has zoho_id
[zoho-seed-upload] vendor_client EI-CLI-00285: already has zoho_id
[zoho-seed-upload] vendor_client EI-CLI-00286: already has zoho_id
[zoho-seed-upload] vendor_client EI-CLI-00287: already has zoho_id
[zoho-seed-upload] vendor_client EI-CLI-00288: already has zoho_id
[zoho-seed-upload] vendor_client EI-CLI-00289: already has zoho_id
[zoho-seed-upload] vendor_client EI-CLI-00290: already has zoho_id
[zoho-seed-upload] vendor_client EI-CLI-00291: already has zoho_id
[zoho-seed-upload] vendor_client EI-CLI-00292: already has zoho_id
[zoho-seed-upload] vendor_client EI-CLI-00293: already has zoho_id
[zoho-seed-upload] vendor_client EI-CLI-00294: already has zoho_id
[zoho-seed-upload] vendor_client EI-CLI-00295: already has zoho_id
[zoho-seed-upload] vendor_client EI-CLI-00296: already has zoho_id
[zoho-seed-upload] vendor_client EI-CLI-00297: already has zoho_id
[zoho-seed-upload] vendor_client EI-CLI-00298: already has zoho_id
[zoho-seed-upload] vendor_client EI-CLI-00299: already has zoho_id
[zoho-seed-upload] vendor_client EI-CLI-00300: already has zoho_id
[zoho-seed-upload] vendor_client EI-CLI-00301: already has zoho_id
[zoho-seed-upload] vendor_client EI-CLI-00302: already has zoho_id
[zoho-seed-upload] vendor_client EI-CLI-00303: already has zoho_id
[zoho-seed-upload] vendor_client EI-CLI-00304: already has zoho_id
[zoho-seed-upload] vendor_client EI-CLI-00305: already has zoho_id
[zoho-seed-upload] vendor_client EI-CLI-00306: already has zoho_id
[zoho-seed-upload] vendor_client EI-CLI-00307: already has zoho_id
[zoho-seed-upload] vendor_client EI-CLI-00308: already has zoho_id
[zoho-seed-upload] vendor_client EI-CLI-00309: already has zoho_id
[zoho-seed-upload] vendor_client EI-CLI-00310: already has zoho_id
[zoho-seed-upload] vendor_client EI-CLI-00311: already has zoho_id
[zoho-seed-upload] vendor_client EI-CLI-00312: already has zoho_id
[zoho-seed-upload] vendor_client EI-CLI-00313: already has zoho_id
[zoho-seed-upload] vendor_client EI-CLI-00314: already has zoho_id
[zoho-seed-upload] vendor_client EI-CLI-00315: already has zoho_id
[zoho-seed-upload] vendor_client EI-CLI-00316: already has zoho_id
[zoho-seed-upload] vendor_client EI-CLI-00317: already has zoho_id
[zoho-seed-upload] vendor_client EI-CLI-00318: already has zoho_id
[zoho-seed-upload] vendor_client EI-CLI-00319: already has zoho_id
[zoho-seed-upload] vendor_client EI-CLI-00320: already has zoho_id
[zoho-seed-upload] vendor_client EI-CLI-00321: already has zoho_id
[zoho-seed-upload] vendor_client EI-CLI-00322: already has zoho_id
[zoho-seed-upload] vendor_client EI-CLI-00323: already has zoho_id
[zoho-seed-upload] vendor_client EI-CLI-00324: already has zoho_id
[zoho-seed-upload] vendor_client EI-CLI-00325: already has zoho_id
[zoho-seed-upload] vendor_client EI-CLI-00326: already has zoho_id
[zoho-seed-upload] vendor_client EI-CLI-00327: already has zoho_id
[zoho-seed-upload] vendor_client EI-CLI-00328: already has zoho_id
[zoho-seed-upload] vendor_client EI-CLI-00329: already has zoho_id
[zoho-seed-upload] vendor_client EI-CLI-00330: already has zoho_id
[zoho-seed-upload] vendor_client EI-CLI-00331: already has zoho_id
[zoho-seed-upload] vendor_client EI-CLI-00332: already has zoho_id
[zoho-seed-upload] vendor_client EI-CLI-00333: already has zoho_id
[zoho-seed-upload] vendor_client EI-CLI-00334: already has zoho_id
[zoho-seed-upload] vendor_client EI-CLI-00335: already has zoho_id
[zoho-seed-upload] vendor_client EI-CLI-00336: already has zoho_id
[zoho-seed-upload] vendor_client EI-CLI-00337: already has zoho_id
[zoho-seed-upload] vendor_client EI-CLI-00338: already has zoho_id
[zoho-seed-upload] vendor_client EI-CLI-00339: already has zoho_id
[zoho-seed-upload] vendor_client EI-CLI-00340: already has zoho_id
[zoho-seed-upload] vendor_client EI-CLI-00341: already has zoho_id
[zoho-seed-upload] vendor_client EI-CLI-00342: already has zoho_id
[zoho-seed-upload] vendor_client EI-CLI-00343: already has zoho_id
[zoho-seed-upload] vendor_client EI-CLI-00344: already has zoho_id
[zoho-seed-upload] vendor_client EI-CLI-00345: already has zoho_id
[zoho-seed-upload] vendor_client EI-CLI-00346: already has zoho_id
[zoho-seed-upload] vendor_client EI-CLI-00347: already has zoho_id
[zoho-seed-upload] vendor_client EI-CLI-00348: already has zoho_id
[zoho-seed-upload] vendor_client EI-CLI-00349: already has zoho_id
[zoho-seed-upload] vendor_client EI-CLI-00350: already has zoho_id
[zoho-seed-upload] vendor_client EI-CLI-00351: already has zoho_id
[zoho-seed-upload] vendor_client EI-CLI-00352: already has zoho_id
[zoho-seed-upload] vendor_client EI-CLI-00353: already has zoho_id
[zoho-seed-upload] vendor_client EI-CLI-00354: already has zoho_id
[zoho-seed-upload] vendor_client EI-CLI-00355: already has zoho_id
[zoho-seed-upload] vendor_client EI-CLI-00356: already has zoho_id
[zoho-seed-upload] vendor_client EI-CLI-00357: already has zoho_id
[zoho-seed-upload] vendor_client EI-CLI-00358: already has zoho_id
[zoho-seed-upload] vendor_client EI-CLI-00359: already has zoho_id
[zoho-seed-upload] vendor_client EI-CLI-00360: already has zoho_id
[zoho-seed-upload] vendor_client EI-CLI-00361: already has zoho_id
[zoho-seed-upload] vendor_client EI-CLI-00362: already has zoho_id
[zoho-seed-upload] vendor_client EI-CLI-00363: already has zoho_id
[zoho-seed-upload] vendor_client EI-CLI-00364: already has zoho_id
[zoho-seed-upload] vendor_client EI-CLI-00365: already has zoho_id
[zoho-seed-upload] vendor_client EI-CLI-00366: already has zoho_id
[zoho-seed-upload] vendor_client EI-CLI-00367: already has zoho_id
[zoho-seed-upload] vendor_client EI-CLI-00368: already has zoho_id
[zoho-seed-upload] vendor_client EI-CLI-00369: already has zoho_id
[zoho-seed-upload] vendor_client EI-CLI-00370: already has zoho_id
[zoho-seed-upload] vendor_client EI-CLI-00371: already has zoho_id
[zoho-seed-upload] vendor_client EI-CLI-00372: already has zoho_id
[zoho-seed-upload] vendor_client EI-CLI-00373: already has zoho_id
[zoho-seed-upload] vendor_client EI-CLI-00374: already has zoho_id
[zoho-seed-upload] vendor_client EI-CLI-00375: already has zoho_id
[zoho-seed-upload] vendor_client EI-CLI-00376: already has zoho_id
[zoho-seed-upload] vendor_client EI-CLI-00377: already has zoho_id
[zoho-seed-upload] vendor_client EI-CLI-00378: already has zoho_id
[zoho-seed-upload] vendor_client EI-CLI-00379: already has zoho_id
[zoho-seed-upload] vendor_client EI-CLI-00380: already has zoho_id
[zoho-seed-upload] vendor_client EI-CLI-00381: already has zoho_id
[zoho-seed-upload] vendor_client EI-CLI-00382: already has zoho_id
[zoho-seed-upload] vendor_client EI-CLI-00383: already has zoho_id
[zoho-seed-upload] vendor_client EI-CLI-00384: already has zoho_id
[zoho-seed-upload] vendor_client EI-CLI-00385: already has zoho_id
[zoho-seed-upload] vendor_client EI-CLI-00386: already has zoho_id
[zoho-seed-upload] vendor_client EI-CLI-00387: already has zoho_id
[zoho-seed-upload] vendor_client EI-CLI-00388: already has zoho_id
[zoho-seed-upload] vendor_client EI-CLI-00389: already has zoho_id
[zoho-seed-upload] vendor_client EI-CLI-00390: already has zoho_id
[zoho-seed-upload] vendor_client EI-CLI-00391: already has zoho_id
[zoho-seed-upload] vendor_client EI-CLI-00392: already has zoho_id
[zoho-seed-upload] vendor_client EI-CLI-00393: already has zoho_id
[zoho-seed-upload] vendor_client EI-CLI-00394: already has zoho_id
[zoho-seed-upload] vendor_client EI-CLI-00395: already has zoho_id
[zoho-seed-upload] vendor_client EI-CLI-00396: already has zoho_id
[zoho-seed-upload] vendor_client EI-CLI-00397: already has zoho_id
[zoho-seed-upload] vendor_client EI-CLI-00398: already has zoho_id
[zoho-seed-upload] vendor_client EI-CLI-00399: already has zoho_id
[zoho-seed-upload] vendor_client EI-CLI-00400: already has zoho_id
[zoho-seed-upload] vendor_client EI-CLI-00401: already has zoho_id
[zoho-seed-upload] vendor_client EI-CLI-00402: already has zoho_id
[zoho-seed-upload] vendor_client EI-CLI-00403: already has zoho_id
[zoho-seed-upload] vendor_client EI-CLI-00404: already has zoho_id
[zoho-seed-upload] vendor_client EI-CLI-00405: already has zoho_id
[zoho-seed-upload] vendor_client EI-CLI-00406: already has zoho_id
[zoho-seed-upload] vendor_client EI-CLI-00407: already has zoho_id
[zoho-seed-upload] vendor_client EI-CLI-00408: already has zoho_id
[zoho-seed-upload] vendor_client EI-CLI-00409: already has zoho_id
[zoho-seed-upload] vendor_client EI-CLI-00410: already has zoho_id
[zoho-seed-upload] vendor_client EI-CLI-00411: already has zoho_id
[zoho-seed-upload] vendor_client EI-CLI-00412: already has zoho_id
[zoho-seed-upload] vendor_client EI-CLI-00413: already has zoho_id
[zoho-seed-upload] vendor_client EI-CLI-00414: already has zoho_id
[zoho-seed-upload] vendor_client EI-CLI-00415: already has zoho_id
[zoho-seed-upload] vendor_client EI-CLI-00416: already has zoho_id
[zoho-seed-upload] vendor_client EI-CLI-00417: already has zoho_id
[zoho-seed-upload] vendor_client EI-CLI-00418: already has zoho_id
[zoho-seed-upload] vendor_client EI-CLI-00419: already has zoho_id
[zoho-seed-upload] vendor_client EI-CLI-00420: already has zoho_id
[zoho-seed-upload] vendor_client EI-CLI-00421: already has zoho_id
[zoho-seed-upload] vendor_client EI-CLI-00422: already has zoho_id
[zoho-seed-upload] vendor_client EI-CLI-00423: already has zoho_id
[zoho-seed-upload] vendor_client EI-CLI-00424: already has zoho_id
[zoho-seed-upload] vendor_client EI-CLI-00425: already has zoho_id
[zoho-seed-upload] vendor_client EI-CLI-00426: already has zoho_id
[zoho-seed-upload] vendor_client EI-CLI-00427: already has zoho_id
[zoho-seed-upload] vendor_client EI-CLI-00428: already has zoho_id
[zoho-seed-upload] vendor_client EI-CLI-00429: already has zoho_id
[zoho-seed-upload] vendor_client EI-CLI-00430: already has zoho_id
[zoho-seed-upload] vendor_client EI-CLI-00431: already has zoho_id
[zoho-seed-upload] vendor_client EI-CLI-00432: already has zoho_id
[zoho-seed-upload] vendor_client EI-CLI-00433: already has zoho_id
[zoho-seed-upload] vendor_client EI-CLI-00434: already has zoho_id
[zoho-seed-upload] vendor_client EI-CLI-00435: already has zoho_id
[zoho-seed-upload] vendor_client EI-CLI-00436: already has zoho_id
[zoho-seed-upload] vendor_client EI-CLI-00437: already has zoho_id
[zoho-seed-upload] vendor_client EI-CLI-00438: already has zoho_id
[zoho-seed-upload] vendor_client EI-CLI-00439: already has zoho_id
[zoho-seed-upload] vendor_client EI-CLI-00440: already has zoho_id
[zoho-seed-upload] vendor_client EI-CLI-00441: already has zoho_id
[zoho-seed-upload] vendor_client EI-CLI-00442: already has zoho_id
[zoho-seed-upload] vendor_client EI-CLI-00443: already has zoho_id
[zoho-seed-upload] vendor_client EI-CLI-00444: already has zoho_id
[zoho-seed-upload] vendor_client EI-CLI-00445: already has zoho_id
[zoho-seed-upload] vendor_client EI-CLI-00446: already has zoho_id
[zoho-seed-upload] vendor_client EI-CLI-00447: already has zoho_id
[zoho-seed-upload] vendor_client EI-CLI-00448: already has zoho_id
[zoho-seed-upload] vendor_client EI-CLI-00449: already has zoho_id
[zoho-seed-upload] vendor_client EI-CLI-00450: already has zoho_id
[zoho-seed-upload] vendor_client EI-CLI-00451: already has zoho_id
[zoho-seed-upload] vendor_client EI-CLI-00452: already has zoho_id
[zoho-seed-upload] vendor_client EI-CLI-00453: already has zoho_id
[zoho-seed-upload] vendor_client EI-CLI-00454: already has zoho_id
[zoho-seed-upload] vendor_client EI-CLI-00455: already has zoho_id
[zoho-seed-upload] vendor_client EI-CLI-00456: already has zoho_id
[zoho-seed-upload] vendor_client EI-CLI-00457: already has zoho_id
[zoho-seed-upload] vendor_client EI-CLI-00458: already has zoho_id
[zoho-seed-upload] vendor_client EI-CLI-00459: already has zoho_id
[zoho-seed-upload] vendor_client EI-CLI-00460: already has zoho_id
[zoho-seed-upload] vendor_client EI-CLI-00461: already has zoho_id
[zoho-seed-upload] vendor_client EI-CLI-00462: already has zoho_id
[zoho-seed-upload] vendor_client EI-CLI-00463: already has zoho_id
[zoho-seed-upload] vendor_client EI-CLI-00464: already has zoho_id
[zoho-seed-upload] vendor_client EI-CLI-00465: already has zoho_id
[zoho-seed-upload] vendor_client EI-CLI-00466: already has zoho_id
[zoho-seed-upload] vendor_client EI-CLI-00467: already has zoho_id
[zoho-seed-upload] vendor_client EI-CLI-00468: already has zoho_id
[zoho-seed-upload] vendor_client EI-CLI-00469: already has zoho_id
[zoho-seed-upload] vendor_client EI-CLI-00470: already has zoho_id
[zoho-seed-upload] vendor_client EI-CLI-00471: already has zoho_id
[zoho-seed-upload] vendor_client EI-CLI-00472: already has zoho_id
[zoho-seed-upload] vendor_client EI-CLI-00473: already has zoho_id
[zoho-seed-upload] vendor_client EI-CLI-00474: already has zoho_id
[zoho-seed-upload] vendor_client EI-CLI-00475: already has zoho_id
[zoho-seed-upload] vendor_client EI-CLI-00476: already has zoho_id
[zoho-seed-upload] vendor_client EI-CLI-00477: already has zoho_id
[zoho-seed-upload] vendor_client EI-CLI-00478: already has zoho_id
[zoho-seed-upload] vendor_client EI-CLI-00479: already has zoho_id
[zoho-seed-upload] vendor_client EI-CLI-00480: already has zoho_id
[zoho-seed-upload] vendor_client EI-CLI-00481: already has zoho_id
[zoho-seed-upload] vendor_client EI-CLI-00482: already has zoho_id
[zoho-seed-upload] vendor_client EI-CLI-00483: already has zoho_id
[zoho-seed-upload] vendor_client EI-CLI-00484: already has zoho_id
[zoho-seed-upload] vendor_client EI-CLI-00485: already has zoho_id
[zoho-seed-upload] vendor_client EI-CLI-00486: already has zoho_id
[zoho-seed-upload] vendor_client EI-CLI-00487: already has zoho_id
[zoho-seed-upload] vendor_client EI-CLI-00488: already has zoho_id
[zoho-seed-upload] vendor_client EI-CLI-00489: already has zoho_id
[zoho-seed-upload] vendor_client EI-CLI-00490: already has zoho_id
[zoho-seed-upload] vendor_client EI-CLI-00491: already has zoho_id
[zoho-seed-upload] vendor_client EI-CLI-00492: already has zoho_id
[zoho-seed-upload] vendor_client EI-CLI-00493: already has zoho_id
[zoho-seed-upload] vendor_client EI-CLI-00494: already has zoho_id
[zoho-seed-upload] vendor_client EI-CLI-00495: already has zoho_id
[zoho-seed-upload] vendor_client EI-CLI-00496: already has zoho_id
[zoho-seed-upload] vendor_client EI-CLI-00497: already has zoho_id
[zoho-seed-upload] vendor_client EI-CLI-00498: already has zoho_id
[zoho-seed-upload] vendor_client EI-CLI-00499: already has zoho_id
[zoho-seed-upload] vendor_client EI-CLI-00500: already has zoho_id
[zoho-seed-upload] vendor_client EI-CLI-00501: already has zoho_id
[zoho-seed-upload] vendor_client EI-CLI-00502: already has zoho_id
[zoho-seed-upload] vendor_client EI-CLI-00503: already has zoho_id
[zoho-seed-upload] vendor_client EI-CLI-00504: already has zoho_id
[zoho-seed-upload] vendor_client EI-CLI-00505: already has zoho_id
[zoho-seed-upload] vendor_client EI-CLI-00506: already has zoho_id
[zoho-seed-upload] vendor_client EI-CLI-00507: already has zoho_id
[zoho-seed-upload] vendor_client EI-CLI-00508: already has zoho_id
[zoho-seed-upload] vendor_client EI-CLI-00509: already has zoho_id
[zoho-seed-upload] vendor_client EI-CLI-00510: already has zoho_id
[zoho-seed-upload] vendor_client EI-CLI-00511: already has zoho_id
[zoho-seed-upload] vendor_client EI-CLI-00512: already has zoho_id
[zoho-seed-upload] vendor_client EI-CLI-00513: already has zoho_id
[zoho-seed-upload] vendor_client EI-CLI-00514: already has zoho_id
[zoho-seed-upload] vendor_client EI-CLI-00515: already has zoho_id
[zoho-seed-upload] vendor_client EI-CLI-00516: already has zoho_id
[zoho-seed-upload] vendor_client EI-CLI-00517: already has zoho_id
[zoho-seed-upload] vendor_client EI-CLI-00518: already has zoho_id
[zoho-seed-upload] vendor_client EI-CLI-00519: already has zoho_id
[zoho-seed-upload] vendor_client EI-CLI-00520: already has zoho_id
[zoho-seed-upload] vendor_client EI-CLI-00521: already has zoho_id
[zoho-seed-upload] vendor_client EI-CLI-00522: already has zoho_id
[zoho-seed-upload] vendor_client EI-CLI-00523: already has zoho_id
[zoho-seed-upload] vendor_client EI-CLI-00524: already has zoho_id
[zoho-seed-upload] vendor_client EI-CLI-00525: already has zoho_id
[zoho-seed-upload] vendor_client EI-CLI-00526: already has zoho_id
[zoho-seed-upload] vendor_client EI-CLI-00527: already has zoho_id
[zoho-seed-upload] vendor_client EI-CLI-00528: already has zoho_id
[zoho-seed-upload] vendor_client EI-CLI-00529: already has zoho_id
[zoho-seed-upload] vendor_client EI-CLI-00530: already has zoho_id
[zoho-seed-upload] vendor_client EI-CLI-00531: already has zoho_id
[zoho-seed-upload] vendor_client EI-CLI-00532: already has zoho_id
[zoho-seed-upload] vendor_client EI-CLI-00533: already has zoho_id
[zoho-seed-upload] vendor_client EI-CLI-00534: already has zoho_id
[zoho-seed-upload] vendor_client EI-CLI-00535: already has zoho_id
[zoho-seed-upload] vendor_client EI-CLI-00536: already has zoho_id
[zoho-seed-upload] vendor_client EI-CLI-00537: already has zoho_id
[zoho-seed-upload] vendor_client EI-CLI-00538: already has zoho_id
[zoho-seed-upload] vendor_client EI-CLI-00539: already has zoho_id
[zoho-seed-upload] vendor_client EI-CLI-00540: already has zoho_id
[zoho-seed-upload] vendor_client EI-CLI-00541: already has zoho_id
[zoho-seed-upload] vendor_client EI-CLI-00542: already has zoho_id
[zoho-seed-upload] vendor_client EI-CLI-00543: already has zoho_id
[zoho-seed-upload] vendor_client EI-CLI-00544: already has zoho_id
[zoho-seed-upload] vendor_client EI-CLI-00545: already has zoho_id
[zoho-seed-upload] vendor_client EI-CLI-00546: already has zoho_id
[zoho-seed-upload] vendor_client EI-CLI-00547: already has zoho_id
[zoho-seed-upload] vendor_client EI-CLI-00548: already has zoho_id
[zoho-seed-upload] vendor_client EI-CLI-00549: already has zoho_id
[zoho-seed-upload] vendor_client EI-CLI-00550: already has zoho_id
[zoho-seed-upload] vendor_client EI-CLI-00551: already has zoho_id
[zoho-seed-upload] vendor_client EI-CLI-00552: already has zoho_id
[zoho-seed-upload] vendor_client EI-CLI-00553: already has zoho_id
[zoho-seed-upload] vendor_client EI-VEN-00001: already has zoho_id
[zoho-seed-upload] vendor_client EI-VEN-00002: already has zoho_id
[zoho-seed-upload] vendor_client EI-VEN-00003: already has zoho_id
[zoho-seed-upload] vendor_client EI-VEN-00004: already has zoho_id
[zoho-seed-upload] vendor_client EI-VEN-00005: already has zoho_id
[zoho-seed-upload] vendor_client EI-VEN-00006: already has zoho_id
[zoho-seed-upload] vendor_client EI-VEN-00007: already has zoho_id
[zoho-seed-upload] vendor_client EI-VEN-00008: already has zoho_id
[zoho-seed-upload] vendor_client EI-VEN-00009: already has zoho_id
[zoho-seed-upload] vendor_client EI-VEN-00010: already has zoho_id
[zoho-seed-upload] vendor_client EI-VEN-00011: already has zoho_id
[zoho-seed-upload] vendor_client EI-VEN-00012: already has zoho_id
[zoho-seed-upload] vendor_client EI-VEN-00013: already has zoho_id
[zoho-seed-upload] vendor_client EI-VEN-00014: already has zoho_id
[zoho-seed-upload] vendor_client EI-VEN-00015: already has zoho_id
[zoho-seed-upload] vendor_client EI-VEN-00016: already has zoho_id
[zoho-seed-upload] vendor_client EI-VEN-00017: already has zoho_id
[zoho-seed-upload] vendor_client EI-VEN-00018: already has zoho_id
[zoho-seed-upload] vendor_client EI-VEN-00019: already has zoho_id
[zoho-seed-upload] vendor_client EI-VEN-00020: already has zoho_id
[zoho-seed-upload] vendor_client EI-VEN-00021: already has zoho_id
[zoho-seed-upload] vendor_client EI-VEN-00022: already has zoho_id
[zoho-seed-upload] vendor_client EI-VEN-00023: already has zoho_id
[zoho-seed-upload] vendor_client EI-VEN-00024: already has zoho_id
[zoho-seed-upload] vendor_client EI-VEN-00025: already has zoho_id
[zoho-seed-upload] vendor_client EI-VEN-00026: already has zoho_id
[zoho-seed-upload] vendor_client EI-VEN-00027: already has zoho_id
[zoho-seed-upload] vendor_client EI-VEN-00028: already has zoho_id
[zoho-seed-upload] vendor_client EI-VEN-00029: already has zoho_id
[zoho-seed-upload] vendor_client EI-VEN-00030: already has zoho_id
[zoho-seed-upload] vendor_client EI-VEN-00031: already has zoho_id
[zoho-seed-upload] vendor_client EI-VEN-00032: already has zoho_id
[zoho-seed-upload] vendor_client EI-VEN-00033: already has zoho_id
[zoho-seed-upload] vendor_client EI-VEN-00034: already has zoho_id
[zoho-seed-upload] vendor_client EI-VEN-00035: already has zoho_id
[zoho-seed-upload] vendor_client EI-VEN-00036: already has zoho_id
[zoho-seed-upload] vendor_client EI-VEN-00037: already has zoho_id
[zoho-seed-upload] vendor_client EI-VEN-00038: already has zoho_id
[zoho-seed-upload] vendor_client EI-VEN-00039: already has zoho_id
[zoho-seed-upload] vendor_client EI-VEN-00040: already has zoho_id
[zoho-seed-upload] vendor_client EI-VEN-00041: already has zoho_id
[zoho-seed-upload] vendor_client EI-VEN-00042: already has zoho_id
[zoho-seed-upload] vendor_client EI-VEN-00043: already has zoho_id
[zoho-seed-upload] vendor_client EI-VEN-00044: already has zoho_id
[zoho-seed-upload] vendor_client EI-VEN-00045: already has zoho_id
[zoho-seed-upload] vendor_client EI-VEN-00046: already has zoho_id
[zoho-seed-upload] vendor_client EI-VEN-00047: already has zoho_id
[zoho-seed-upload] vendor_client EI-VEN-00048: already has zoho_id
[zoho-seed-upload] vendor_client EI-VEN-00049: already has zoho_id
[zoho-seed-upload] vendor_client EI-VEN-00050: already has zoho_id
[zoho-seed-upload] vendor_client EI-VEN-00051: already has zoho_id
[zoho-seed-upload] vendor_client EI-VEN-00052: already has zoho_id
[zoho-seed-upload] vendor_client EI-VEN-00053: already has zoho_id
[zoho-seed-upload] vendor_client EI-VEN-00054: already has zoho_id
[zoho-seed-upload] vendor_client EI-VEN-00055: already has zoho_id
[zoho-seed-upload] vendor_client EI-VEN-00056: already has zoho_id
[zoho-seed-upload] vendor_client EI-VEN-00057: already has zoho_id
[zoho-seed-upload] vendor_client EI-VEN-00058: already has zoho_id
[zoho-seed-upload] vendor_client EI-VEN-00059: already has zoho_id
[zoho-seed-upload] vendor_client EI-VEN-00060: already has zoho_id
[zoho-seed-upload] vendor_client EI-VEN-00061: already has zoho_id
[zoho-seed-upload] vendor_client EI-VEN-00062: already has zoho_id
[zoho-seed-upload] vendor_client EI-VEN-00063: already has zoho_id
[zoho-seed-upload] vendor_client EI-VEN-00064: already has zoho_id
[zoho-seed-upload] vendor_client EI-VEN-00065: already has zoho_id
[zoho-seed-upload] vendor_client EI-VEN-00066: already has zoho_id
[zoho-seed-upload] vendor_client EI-VEN-00067: already has zoho_id
[zoho-seed-upload] vendor_client EI-VEN-00068: already has zoho_id
[zoho-seed-upload] vendor_client EI-VEN-00069: already has zoho_id
[zoho-seed-upload] vendor_client EI-VEN-00070: already has zoho_id
[zoho-seed-upload] vendor_client EI-VEN-00071: already has zoho_id
[zoho-seed-upload] vendor_client EI-VEN-00072: already has zoho_id
[zoho-seed-upload] vendor_client EI-VEN-00073: already has zoho_id
[zoho-seed-upload] vendor_client EI-VEN-00074: already has zoho_id
[zoho-seed-upload] vendor_client EI-VEN-00075: already has zoho_id
[zoho-seed-upload] vendor_client EI-VEN-00076: already has zoho_id
[zoho-seed-upload] vendor_client EI-VEN-00077: already has zoho_id
[zoho-seed-upload] vendor_client EI-VEN-00078: already has zoho_id
[zoho-seed-upload] vendor_client EI-VEN-00079: already has zoho_id
[zoho-seed-upload] vendor_client EI-VEN-00080: already has zoho_id
[zoho-seed-upload] vendor_client EI-VEN-00081: already has zoho_id
[zoho-seed-upload] vendor_client EI-VEN-00082: already has zoho_id
[zoho-seed-upload] vendor_client EI-VEN-00083: already has zoho_id
[zoho-seed-upload] vendor_client EI-VEN-00084: already has zoho_id
[zoho-seed-upload] vendor_client EI-VEN-00085: already has zoho_id
[zoho-seed-upload] vendor_client EI-VEN-00086: already has zoho_id
[zoho-seed-upload] vendor_client EI-VEN-00087: already has zoho_id
[zoho-seed-upload] vendor_client EI-VEN-00088: already has zoho_id
[zoho-seed-upload] vendor_client EI-VEN-00089: already has zoho_id
[zoho-seed-upload] vendor_client EI-VEN-00090: already has zoho_id
[zoho-seed-upload] vendor_client EI-VEN-00091: already has zoho_id
[zoho-seed-upload] vendor_client EI-VEN-00092: already has zoho_id
[zoho-seed-upload] vendor_client EI-VEN-00093: already has zoho_id
[zoho-seed-upload] vendor_client EI-VEN-00094: already has zoho_id
[zoho-seed-upload] vendor_client EI-VEN-00095: already has zoho_id
[zoho-seed-upload] vendor_client EI-VEN-00096: already has zoho_id
[zoho-seed-upload] vendor_client EI-VEN-00097: already has zoho_id
[zoho-seed-upload] vendor_client EI-VEN-00098: already has zoho_id
[zoho-seed-upload] vendor_client EI-VEN-00099: already has zoho_id
[zoho-seed-upload] vendor_client EI-VEN-00100: already has zoho_id
[zoho-seed-upload] vendor_client EI-VEN-00101: already has zoho_id
[zoho-seed-upload] vendor_client EI-VEN-00102: already has zoho_id
[zoho-seed-upload] vendor_client EI-VEN-00103: already has zoho_id
[zoho-seed-upload] vendor_client EI-VEN-00104: already has zoho_id
[zoho-seed-upload] vendor_client EI-VEN-00105: already has zoho_id
[zoho-seed-upload] vendor_client EI-VEN-00106: already has zoho_id
[zoho-seed-upload] vendor_client EI-VEN-00107: already has zoho_id
[zoho-seed-upload] vendor_client EI-VEN-00108: already has zoho_id
[zoho-seed-upload] vendor_client EI-VEN-00109: already has zoho_id
[zoho-seed-upload] vendor_client EI-VEN-00110: already has zoho_id
[zoho-seed-upload] vendor_client EI-VEN-00111: already has zoho_id
[zoho-seed-upload] vendor_client EI-VEN-00112: already has zoho_id
[zoho-seed-upload] vendor_client EI-VEN-00113: already has zoho_id
[zoho-seed-upload] vendor_client EI-VEN-00114: already has zoho_id
[zoho-seed-upload] vendor_client EI-VEN-00115: already has zoho_id
[zoho-seed-upload] vendor_client EI-VEN-00116: already has zoho_id
[zoho-seed-upload] vendor_client EI-VEN-00117: already has zoho_id
[zoho-seed-upload] vendor_client EI-VEN-00118: already has zoho_id
[zoho-seed-upload] vendor_client EI-VEN-00119: already has zoho_id
[zoho-seed-upload] vendor_client EI-VEN-00120: already has zoho_id
[zoho-seed-upload] vendor_client EI-VEN-00121: already has zoho_id
[zoho-seed-upload] vendor_client EI-VEN-00122: already has zoho_id
[zoho-seed-upload] vendor_client EI-VEN-00123: already has zoho_id
[zoho-seed-upload] vendor_client EI-VEN-00124: already has zoho_id
[zoho-seed-upload] vendor_client EI-VEN-00125: already has zoho_id
[zoho-seed-upload] vendor_client EI-VEN-00126: already has zoho_id
[zoho-seed-upload] vendor_client EI-VEN-00127: already has zoho_id
[zoho-seed-upload] vendor_client EI-VEN-00128: already has zoho_id
[zoho-seed-upload] vendor_client EI-VEN-00129: already has zoho_id
[zoho-seed-upload] vendor_client EI-VEN-00130: already has zoho_id
[zoho-seed-upload] vendor_client EI-VEN-00131: already has zoho_id
[zoho-seed-upload] vendor_client EI-VEN-00132: already has zoho_id
[zoho-seed-upload] vendor_client EI-VEN-00133: already has zoho_id
[zoho-seed-upload] vendor_client EI-VEN-00134: already has zoho_id
[zoho-seed-upload] vendor_client EI-VEN-00135: already has zoho_id
[zoho-seed-upload] vendor_client EI-VEN-00136: already has zoho_id
[zoho-seed-upload] vendor_client EI-VEN-00137: already has zoho_id
[zoho-seed-upload] vendor_client EI-VEN-00138: already has zoho_id
[zoho-seed-upload] vendor_client EI-VEN-00139: already has zoho_id
[zoho-seed-upload] vendor_client EI-VEN-00140: already has zoho_id
[zoho-seed-upload] vendor_client EI-VEN-00141: already has zoho_id
[zoho-seed-upload] vendor_client EI-VEN-00142: already has zoho_id
[zoho-seed-upload] vendor_client EI-VEN-00143: already has zoho_id
[zoho-seed-upload] vendor_client EI-VEN-00144: already has zoho_id
[zoho-seed-upload] vendor_client EI-VEN-00145: already has zoho_id
[zoho-seed-upload] vendor_client EI-VEN-00146: already has zoho_id
[zoho-seed-upload] vendor_client EI-VEN-00147: already has zoho_id
[zoho-seed-upload] vendor_client EI-VEN-00148: already has zoho_id
[zoho-seed-upload] vendor_client EI-VEN-00149: already has zoho_id
[zoho-seed-upload] vendor_client EI-VEN-00150: already has zoho_id
[zoho-seed-upload] vendor_client EI-VEN-00151: already has zoho_id
[zoho-seed-upload] vendor_client EI-VEN-00152: already has zoho_id
[zoho-seed-upload] vendor_client EI-VEN-00153: already has zoho_id
[zoho-seed-upload] vendor_client EI-VEN-00154: already has zoho_id
[zoho-seed-upload] vendor_client EI-VEN-00155: already has zoho_id
[zoho-seed-upload] vendor_client EI-VEN-00156: already has zoho_id
[zoho-seed-upload] vendor_client EI-VEN-00157: already has zoho_id
[zoho-seed-upload] vendor_client EI-VEN-00158: already has zoho_id
[zoho-seed-upload] vendor_client EI-VEN-00159: already has zoho_id
[zoho-seed-upload] vendor_client EI-VEN-00160: already has zoho_id
[zoho-seed-upload] vendor_client EI-VEN-00161: already has zoho_id
[zoho-seed-upload] vendor_client EI-VEN-00162: already has zoho_id
[zoho-seed-upload] vendor_client EI-VEN-00163: already has zoho_id
[zoho-seed-upload] vendor_client EI-VEN-00164: already has zoho_id
[zoho-seed-upload] vendor_client EI-VEN-00165: already has zoho_id
[zoho-seed-upload] vendor_client EI-VEN-00166: already has zoho_id
[zoho-seed-upload] vendor_client EI-VEN-00167: already has zoho_id
[zoho-seed-upload] vendor_client EI-VEN-00168: already has zoho_id
[zoho-seed-upload] vendor_client EI-VEN-00169: already has zoho_id
[zoho-seed-upload] vendor_client EI-VEN-00170: already has zoho_id
[zoho-seed-upload] vendor_client EI-VEN-00171: already has zoho_id
[zoho-seed-upload] vendor_client EI-VEN-00172: already has zoho_id
[zoho-seed-upload] vendor_client EI-VEN-00173: already has zoho_id
[zoho-seed-upload] vendor_client EI-VEN-00174: already has zoho_id
[zoho-seed-upload] vendor_client EI-VEN-00175: already has zoho_id
[zoho-seed-upload] vendor_client EI-VEN-00176: already has zoho_id
[zoho-seed-upload] vendor_client EI-VEN-00177: already has zoho_id
[zoho-seed-upload] vendor_client EI-VEN-00178: already has zoho_id
[zoho-seed-upload] vendor_client EI-VEN-00179: already has zoho_id
[zoho-seed-upload] vendor_client EI-VEN-00180: already has zoho_id
[zoho-seed-upload] vendor_client EI-VEN-00181: already has zoho_id
[zoho-seed-upload] vendor_client EI-VEN-00182: already has zoho_id
[zoho-seed-upload] vendor_client EI-VEN-00183: already has zoho_id
[zoho-seed-upload] vendor_client EI-VEN-00184: already has zoho_id
[zoho-seed-upload] vendor_client EI-VEN-00185: already has zoho_id
[zoho-seed-upload] vendor_client EI-VEN-00186: already has zoho_id
[zoho-seed-upload] vendor_client EI-VEN-00187: already has zoho_id
[zoho-seed-upload] vendor_client EI-VEN-00188: already has zoho_id
[zoho-seed-upload] vendor_client EI-VEN-00189: already has zoho_id
[zoho-seed-upload] vendor_client EI-VEN-00190: already has zoho_id
[zoho-seed-upload] vendor_client EI-VEN-00191: already has zoho_id
[zoho-seed-upload] vendor_client EI-VEN-00192: already has zoho_id
[zoho-seed-upload] vendor_client EI-VEN-00193: already has zoho_id
[zoho-seed-upload] vendor_client EI-VEN-00194: already has zoho_id
[zoho-seed-upload] vendor_client EI-VEN-00195: already has zoho_id
[zoho-seed-upload] vendor_client EI-VEN-00196: already has zoho_id
[zoho-seed-upload] vendor_client EI-VEN-00197: already has zoho_id
[zoho-seed-upload] vendor_client EI-VEN-00198: already has zoho_id
[zoho-seed-upload] vendor_client EI-VEN-00199: already has zoho_id
[zoho-seed-upload] vendor_client EI-VEN-00200: already has zoho_id
[zoho-seed-upload] vendor_client EI-VEN-00201: already has zoho_id
[zoho-seed-upload] vendor_client EI-VEN-00202: already has zoho_id
[zoho-seed-upload] vendor_client EI-VEN-00203: already has zoho_id
[zoho-seed-upload] vendor_client EI-VEN-00204: already has zoho_id
[zoho-seed-upload] vendor_client EI-VEN-00205: already has zoho_id
[zoho-seed-upload] vendor_client EI-VEN-00206: already has zoho_id
[zoho-seed-upload] vendor_client EI-VEN-00207: already has zoho_id
[zoho-seed-upload] vendor_client EI-VEN-00208: already has zoho_id
[zoho-seed-upload] vendor_client EI-VEN-00209: already has zoho_id
[zoho-seed-upload] vendor_client EI-VEN-00210: already has zoho_id
[zoho-seed-upload] vendor_client EI-VEN-00211: already has zoho_id
[zoho-seed-upload] vendor_client EI-VEN-00212: already has zoho_id
[zoho-seed-upload] vendor_client EI-VEN-00213: already has zoho_id
[zoho-seed-upload] vendor_client EI-VEN-00214: already has zoho_id
[zoho-seed-upload] vendor_client EI-VEN-00215: already has zoho_id
[zoho-seed-upload] vendor_client EI-VEN-00216: already has zoho_id
[zoho-seed-upload] vendor_client EI-VEN-00217: already has zoho_id
[zoho-seed-upload] vendor_client EI-VEN-00218: already has zoho_id
[zoho-seed-upload] vendor_client EI-VEN-00219: already has zoho_id
[zoho-seed-upload] vendor_client EI-VEN-00220: already has zoho_id
[zoho-seed-upload] vendor_client EI-VEN-00221: already has zoho_id
[zoho-seed-upload] vendor_client EI-VEN-00222: already has zoho_id
[zoho-seed-upload] vendor_client EI-VEN-00223: already has zoho_id
[zoho-seed-upload] vendor_client EI-VEN-00224: already has zoho_id
[zoho-seed-upload] vendor_client EI-VEN-00225: already has zoho_id
[zoho-seed-upload] vendor_client EI-VEN-00226: already has zoho_id
[zoho-seed-upload] vendor_client EI-VEN-00227: already has zoho_id
[zoho-seed-upload] vendor_client EI-VEN-00228: already has zoho_id
[zoho-seed-upload] vendor_client EI-VEN-00229: already has zoho_id
[zoho-seed-upload] vendor_client EI-VEN-00230: already has zoho_id
[zoho-seed-upload] vendor_client EI-VEN-00231: already has zoho_id
[zoho-seed-upload] vendor_client EI-VEN-00232: already has zoho_id
[zoho-seed-upload] vendor_client EI-VEN-00233: already has zoho_id
[zoho-seed-upload] vendor_client EI-VEN-00234: already has zoho_id
[zoho-seed-upload] vendor_client EI-VEN-00235: already has zoho_id
[zoho-seed-upload] vendor_client EI-VEN-00236: already has zoho_id
[zoho-seed-upload] vendor_client EI-VEN-00237: already has zoho_id
[zoho-seed-upload] vendor_client EI-VEN-00238: already has zoho_id
[zoho-seed-upload] vendor_client EI-VEN-00239: already has zoho_id
[zoho-seed-upload] vendor_client EI-VEN-00240: already has zoho_id
[zoho-seed-upload] vendor_client EI-VEN-00241: already has zoho_id
[zoho-seed-upload] vendor_client EI-VEN-00242: already has zoho_id
[zoho-seed-upload] vendor_client EI-VEN-00243: already has zoho_id
[zoho-seed-upload] vendor_client EI-VEN-00244: already has zoho_id
[zoho-seed-upload] vendor_client EI-VEN-00245: already has zoho_id
[zoho-seed-upload] vendor_client EI-VEN-00246: already has zoho_id
[zoho-seed-upload] vendor_client EI-VEN-00247: already has zoho_id
[zoho-seed-upload] vendor_client EI-VEN-00248: already has zoho_id
[zoho-seed-upload] vendor_client EI-VEN-00249: already has zoho_id
[zoho-seed-upload] vendor_client EI-VEN-00250: already has zoho_id
[zoho-seed-upload] vendor_client EI-VEN-00251: already has zoho_id
[zoho-seed-upload] vendor_client EI-VEN-00252: already has zoho_id
[zoho-seed-upload] vendor_client EI-VEN-00253: already has zoho_id
[zoho-seed-upload] vendor_client EI-VEN-00254: already has zoho_id
[zoho-seed-upload] vendor_client EI-VEN-00255: already has zoho_id
[zoho-seed-upload] vendor_client EI-VEN-00256: already has zoho_id
[zoho-seed-upload] vendor_client EI-VEN-00257: already has zoho_id
[zoho-seed-upload] vendor_client EI-VEN-00258: already has zoho_id
[zoho-seed-upload] vendor_client EI-VEN-00259: already has zoho_id
[zoho-seed-upload] vendor_client EI-VEN-00260: already has zoho_id
[zoho-seed-upload] vendor_client EI-VEN-00261: already has zoho_id
[zoho-seed-upload] vendor_client EI-VEN-00262: already has zoho_id
[zoho-seed-upload] vendor_client EI-VEN-00263: already has zoho_id
[zoho-seed-upload] vendor_client EI-VEN-00264: already has zoho_id
[zoho-seed-upload] vendor_client EI-VEN-00265: already has zoho_id
[zoho-seed-upload] vendor_client EI-VEN-00266: already has zoho_id
[zoho-seed-upload] vendor_client EI-VEN-00267: already has zoho_id
[zoho-seed-upload] vendor_client EI-VEN-00268: already has zoho_id
[zoho-seed-upload] vendor_client EI-VEN-00269: already has zoho_id
[zoho-seed-upload] vendor_client EI-VEN-00270: already has zoho_id
[zoho-seed-upload] vendor_client EI-VEN-00271: already has zoho_id
[zoho-seed-upload] vendor_client EI-VEN-00272: already has zoho_id
[zoho-seed-upload] vendor_client EI-VEN-00273: already has zoho_id
[zoho-seed-upload] vendor_client EI-VEN-00274: already has zoho_id
[zoho-seed-upload] vendor_client EI-VEN-00275: already has zoho_id
[zoho-seed-upload] vendor_client EI-VEN-00276: already has zoho_id
[zoho-seed-upload] vendor_client EI-VEN-00277: already has zoho_id
[zoho-seed-upload] vendor_client EI-VEN-00278: already has zoho_id
[zoho-seed-upload] vendor_client EI-VEN-00279: already has zoho_id
[zoho-seed-upload] vendor_client EI-VEN-00280: already has zoho_id
[zoho-seed-upload] vendor_client EI-VEN-00281: already has zoho_id
[zoho-seed-upload] vendor_client EI-VEN-00282: already has zoho_id
[zoho-seed-upload] vendor_client EI-VEN-00283: already has zoho_id
[zoho-seed-upload] vendor_client EI-VEN-00284: already has zoho_id
[zoho-seed-upload] vendor_client EI-VEN-00285: already has zoho_id
[zoho-seed-upload] vendor_client EI-VEN-00286: already has zoho_id
[zoho-seed-upload] vendor_client EI-VEN-00287: already has zoho_id
[zoho-seed-upload] vendor_client EI-VEN-00288: already has zoho_id
[zoho-seed-upload] vendor_client EI-VEN-00289: already has zoho_id
[zoho-seed-upload] vendor_client EI-VEN-00290: already has zoho_id
[zoho-seed-upload] vendor_client EI-VEN-00291: already has zoho_id
[zoho-seed-upload] vendor_client EI-VEN-00292: already has zoho_id
[zoho-seed-upload] vendor_client EI-VEN-00293: already has zoho_id
[zoho-seed-upload] vendor_client EI-VEN-00294: already has zoho_id
[zoho-seed-upload] vendor_client EI-VEN-00295: already has zoho_id
[zoho-seed-upload] vendor_client EI-VEN-00296: already has zoho_id
[zoho-seed-upload] vendor_client EI-VEN-00297: already has zoho_id
[zoho-seed-upload] vendor_client EI-VEN-00298: already has zoho_id
[zoho-seed-upload] vendor_client EI-VEN-00299: already has zoho_id
[zoho-seed-upload] vendor_client EI-VEN-00300: already has zoho_id
[zoho-seed-upload] vendor_client EI-VEN-00301: already has zoho_id
[zoho-seed-upload] vendor_client EI-VEN-00302: already has zoho_id
[zoho-seed-upload] vendor_client EI-VEN-00303: already has zoho_id
[zoho-seed-upload] vendor_client EI-VEN-00304: already has zoho_id
[zoho-seed-upload] vendor_client EI-VEN-00305: already has zoho_id
[zoho-seed-upload] vendor_client EI-VEN-00306: already has zoho_id
[zoho-seed-upload] vendor_client EI-VEN-00307: already has zoho_id
[zoho-seed-upload] vendor_client EI-VEN-00308: already has zoho_id
[zoho-seed-upload] vendor_client EI-VEN-00309: already has zoho_id
[zoho-seed-upload] vendor_client EI-VEN-00310: already has zoho_id
[zoho-seed-upload] vendor_client EI-VEN-00311: already has zoho_id
[zoho-seed-upload] vendor_client EI-VEN-00312: already has zoho_id
[zoho-seed-upload] vendor_client EI-VEN-00313: already has zoho_id
[zoho-seed-upload] vendor_client EI-VEN-00314: already has zoho_id
[zoho-seed-upload] vendor_client EI-VEN-00315: already has zoho_id
[zoho-seed-upload] vendor_client EI-VEN-00316: already has zoho_id
[zoho-seed-upload] vendor_client EI-VEN-00317: already has zoho_id
[zoho-seed-upload] vendor_client EI-VEN-00318: already has zoho_id
[zoho-seed-upload] vendor_client EI-VEN-00319: already has zoho_id
[zoho-seed-upload] vendor_client EI-VEN-00320: already has zoho_id
[zoho-seed-upload] vendor_client EI-VEN-00321: already has zoho_id
[zoho-seed-upload] vendor_client EI-VEN-00322: already has zoho_id
[zoho-seed-upload] vendor_client EI-VEN-00323: already has zoho_id
[zoho-seed-upload] vendor_client EI-VEN-00324: already has zoho_id
[zoho-seed-upload] vendor_client EI-VEN-00325: already has zoho_id
[zoho-seed-upload] vendor_client EI-VEN-00326: already has zoho_id
[zoho-seed-upload] vendor_client EI-VEN-00327: already has zoho_id
[zoho-seed-upload] vendor_client EI-VEN-00328: already has zoho_id
[zoho-seed-upload] vendor_client EI-VEN-00329: already has zoho_id
[zoho-seed-upload] vendor_client EI-VEN-00330: already has zoho_id
[zoho-seed-upload] vendor_client EI-VEN-00331: already has zoho_id
[zoho-seed-upload] vendor_client EI-VEN-00332: already has zoho_id
[zoho-seed-upload] vendor_client EI-VEN-00333: already has zoho_id
[zoho-seed-upload] vendor_client EI-VEN-00334: already has zoho_id
[zoho-seed-upload] vendor_client EI-VEN-00335: already has zoho_id
[zoho-seed-upload] vendor_client EI-VEN-00336: already has zoho_id
[zoho-seed-upload] vendor_client EI-VEN-00337: already has zoho_id
[zoho-seed-upload] vendor_client EI-VEN-00338: already has zoho_id
[zoho-seed-upload] vendor_client EI-VEN-00339: already has zoho_id
[zoho-seed-upload] vendor_client EI-VEN-00340: already has zoho_id
[zoho-seed-upload] vendor_client EI-VEN-00341: already has zoho_id
[zoho-seed-upload] vendor_client EI-VEN-00342: already has zoho_id
[zoho-seed-upload] vendor_client EI-VEN-00343: already has zoho_id
[zoho-seed-upload] vendor_client EI-VEN-00344: already has zoho_id
[zoho-seed-upload] vendor_client EI-VEN-00345: already has zoho_id
[zoho-seed-upload] vendor_client EI-VEN-00346: already has zoho_id
[zoho-seed-upload] vendor_client EI-VEN-00347: already has zoho_id
[zoho-seed-upload] vendor_client EI-VEN-00348: already has zoho_id
[zoho-seed-upload] vendor_client EI-VEN-00349: already has zoho_id
[zoho-seed-upload] vendor_client EI-VEN-00350: already has zoho_id
[zoho-seed-upload] vendor_client EI-VEN-00351: already has zoho_id
[zoho-seed-upload] vendor_client EI-VEN-00352: already has zoho_id
[zoho-seed-upload] vendor_client EI-VEN-00353: already has zoho_id
[zoho-seed-upload] vendor_client EI-VEN-00354: already has zoho_id
[zoho-seed-upload] vendor_client EI-VEN-00355: already has zoho_id
[zoho-seed-upload] vendor_client EI-VEN-00356: already has zoho_id
[zoho-seed-upload] vendor_client EI-VEN-00357: already has zoho_id
[zoho-seed-upload] vendor_client EI-VEN-00358: already has zoho_id
[zoho-seed-upload] vendor_client EI-VEN-00359: already has zoho_id
[zoho-seed-upload] vendor_client EI-VEN-00360: already has zoho_id
[zoho-seed-upload] vendor_client EI-VEN-00361: already has zoho_id
[zoho-seed-upload] vendor_client EI-VEN-00362: already has zoho_id
[zoho-seed-upload] vendor_client EI-VEN-00363: already has zoho_id
[zoho-seed-upload] vendor_client EI-VEN-00364: already has zoho_id
[zoho-seed-upload] vendor_client EI-VEN-00365: already has zoho_id
[zoho-seed-upload] vendor_client EI-VEN-00366: already has zoho_id
[zoho-seed-upload] vendor_client EI-VEN-00367: already has zoho_id
[zoho-seed-upload] vendor_client EI-VEN-00368: already has zoho_id
[zoho-seed-upload] vendor_client EI-VEN-00369: already has zoho_id
[zoho-seed-upload] vendor_client EI-VEN-00370: already has zoho_id
[zoho-seed-upload] vendor_client EI-VEN-00371: already has zoho_id
[zoho-seed-upload] vendor_client EI-VEN-00372: already has zoho_id
[zoho-seed-upload] vendor_client EI-VEN-00373: already has zoho_id
[zoho-seed-upload] vendor_client EI-VEN-00374: already has zoho_id
[zoho-seed-upload] vendor_client EI-VEN-00375: already has zoho_id
[zoho-seed-upload] vendor_client EI-VEN-00376: already has zoho_id
[zoho-seed-upload] vendor_client EI-VEN-00377: already has zoho_id
[zoho-seed-upload] vendor_client EI-VEN-00378: already has zoho_id
[zoho-seed-upload] vendor_client EI-VEN-00379: already has zoho_id
[zoho-seed-upload] vendor_client EI-VEN-00380: already has zoho_id
[zoho-seed-upload] vendor_client EI-VEN-00381: already has zoho_id
[zoho-seed-upload] vendor_client EI-VEN-00382: already has zoho_id
[zoho-seed-upload] vendor_client EI-VEN-00383: already has zoho_id
[zoho-seed-upload] vendor_client EI-VEN-00384: already has zoho_id
[zoho-seed-upload] vendor_client EI-VEN-00385: already has zoho_id
[zoho-seed-upload] vendor_client EI-VEN-00386: already has zoho_id
[zoho-seed-upload] vendor_client EI-VEN-00387: already has zoho_id
[zoho-seed-upload] vendor_client EI-VEN-00388: already has zoho_id
[zoho-seed-upload] vendor_client EI-VEN-00389: already has zoho_id
[zoho-seed-upload] vendor_client EI-VEN-00390: already has zoho_id
[zoho-seed-upload] vendor_client EI-VEN-00391: already has zoho_id
[zoho-seed-upload] vendor_client EI-VEN-00392: already has zoho_id
[zoho-seed-upload] vendor_client EI-VEN-00393: already has zoho_id
[zoho-seed-upload] vendor_client EI-VEN-00394: already has zoho_id
[zoho-seed-upload] user rubber@20microns.com: already has zoho_contact_id
[zoho-seed-upload] user vbbrahmbhatt@20nano.com: already has zoho_contact_id
[zoho-seed-upload] user mahesh.ajjanavar@3d-neopac.com: already has zoho_contact_id
[zoho-seed-upload] user atwozsolutionsinc@gmail.com: already has zoho_contact_id
[zoho-seed-upload] user rrskinclinic1@gmail.com: already has zoho_contact_id
[zoho-seed-upload] user dr.bhairavisenthil@gmail.com: already has zoho_contact_id
[zoho-seed-upload] user advayaskinclinic@gmail.com: already has zoho_contact_id
[zoho-seed-upload] user pooja.kumari@agpolypacks.com: already has zoho_contact_id
[zoho-seed-upload] user sagar@ajantabottle.com: already has zoho_contact_id
[zoho-seed-upload] user explore@allnaturals.in: already has zoho_contact_id
[zoho-seed-upload] user docalokderma@gmail.com: already has zoho_contact_id
[zoho-seed-upload] user pankti_allied@yahoo.com: already has zoho_contact_id
[zoho-seed-upload] user chemicals.alpha@gmail.com: already has zoho_contact_id
[zoho-seed-upload] user ritwik.mohapatra@alpla.com: already has zoho_contact_id
[zoho-seed-upload] user altitude1@altitudechemcare.com: already has zoho_contact_id
[zoho-seed-upload] user ambikaenterprisesdelhi@gmail.com: already has zoho_contact_id
[zoho-seed-upload] user ameyaapharmasolutions@gmail.com: already has zoho_contact_id
[zoho-seed-upload] user info@amittransport.cpm: already has zoho_contact_id
[zoho-seed-upload] user mehulmehta31@gmail.com: already has zoho_contact_id
[zoho-seed-upload] user amrutha_organics@yahoo.in: already has zoho_contact_id
[zoho-seed-upload] user sales.1@amvigororganics.com: already has zoho_contact_id
[zoho-seed-upload] user anandenterpriseshyd@gmail.com: already has zoho_contact_id
[zoho-seed-upload] user ananyadigitals01@gmail.com: already has zoho_contact_id
[zoho-seed-upload] user rupigoel@yahoo.com: already has zoho_contact_id
[zoho-seed-upload] user anilmohan7777@gmail.com: already has zoho_contact_id
[zoho-seed-upload] user akanksha.gajare@ankushindia.in: already has zoho_contact_id
[zoho-seed-upload] user shivaprasad.a@anshulindia.com: already has zoho_contact_id
[zoho-seed-upload] user info.in@antonpaar.com: already has zoho_contact_id
[zoho-seed-upload] user aptpackagingsolutions@gmail.com: already has zoho_contact_id
[zoho-seed-upload] user vijay.kumar@aptar.com: already has zoho_contact_id
[zoho-seed-upload] user santosh@archeeshlabs.com: already has zoho_contact_id
[zoho-seed-upload] user info@arhaderma.com: already has zoho_contact_id
[zoho-seed-upload] user arihantchem90@gmail.com: already has zoho_contact_id
[zoho-seed-upload] user mahendra@arihantinnochem.com: already has zoho_contact_id
[zoho-seed-upload] user export@arjunbeeswax.co.in: already has zoho_contact_id
[zoho-seed-upload] user raghu21884@gmail.com: already has zoho_contact_id
[zoho-seed-upload] user rajan@arunodayaprintpack.com: already has zoho_contact_id
[zoho-seed-upload] user ashirwadpolymers1@gmail.com: already has zoho_contact_id
[zoho-seed-upload] user drrabibbsr@gmail.com: already has zoho_contact_id
[zoho-seed-upload] user info@asianhyd.com: already has zoho_contact_id
[zoho-seed-upload] user dhavgada@gmail.com: already has zoho_contact_id
[zoho-seed-upload] user aactpl@hotmail.com: already has zoho_contact_id
[zoho-seed-upload] user udit.chandna@aveesbiocos.com: already has zoho_contact_id
[zoho-seed-upload] user vinay.jakkani@aveesbiocos.com: already has zoho_contact_id
[zoho-seed-upload] user info@avinaturals.com: already has zoho_contact_id
[zoho-seed-upload] user swati.ramteke@azelis.in: already has zoho_contact_id
[zoho-seed-upload] user baba.arom786@gmail.com: already has zoho_contact_id
[zoho-seed-upload] user info@indialei.in: already has zoho_contact_id
[zoho-seed-upload] user preeti@bansaltrading.com: already has zoho_contact_id
[zoho-seed-upload] user rammohan.l@anshulindia.com: already has zoho_contact_id
[zoho-seed-upload] user jagdish.jaiswal@barentz.co.in: already has zoho_contact_id
[zoho-seed-upload] user beeshma.pestcontrol@gmail.com: already has zoho_contact_id
[zoho-seed-upload] user bmaesthetique@gmail.com: already has zoho_contact_id
[zoho-seed-upload] user bhavyapack007@gmail.com: already has zoho_contact_id
[zoho-seed-upload] user biorecurso@gmail.com: already has zoho_contact_id
[zoho-seed-upload] user biospechem@gmail.com: already has zoho_contact_id
[zoho-seed-upload] user bioinnovate9@gmail.com: already has zoho_contact_id
[zoho-seed-upload] user sunny@insidein.in: already has zoho_contact_id
[zoho-seed-upload] user marketings@bmgchemicals.com: already has zoho_contact_id
[zoho-seed-upload] user care@bointernational.net: already has zoho_contact_id
[zoho-seed-upload] user diya@bottlewale.in: already has zoho_contact_id
[zoho-seed-upload] user chinmay.kshirsagar@brenntag.com: already has zoho_contact_id
[zoho-seed-upload] user vijay@brightpharma.net: already has zoho_contact_id
[zoho-seed-upload] user bipin.brk@gmail.com: already has zoho_contact_id
[zoho-seed-upload] user pranjali.c@doveriye.com: already has zoho_contact_id
[zoho-seed-upload] user buviisdermagicalz@gmail.com: already has zoho_contact_id
[zoho-seed-upload] user cm2sellpriya@gmail.com: already has zoho_contact_id
[zoho-seed-upload] user info@calinsoft.com: already has zoho_contact_id
[zoho-seed-upload] user callabservices1@gmail.com: already has zoho_contact_id
[zoho-seed-upload] user asr.canvas@gmail.com: already has zoho_contact_id
[zoho-seed-upload] user info@capart.in: already has zoho_contact_id
[zoho-seed-upload] user carvesmedical@gmail.com: already has zoho_contact_id
[zoho-seed-upload] user tarushi@crueltyfreetesting.com: already has zoho_contact_id
[zoho-seed-upload] user kulkarni08@gmail.com: already has zoho_contact_id
[zoho-seed-upload] user info@chemhousemarketing.co.in: already has zoho_contact_id
[zoho-seed-upload] user chemicalsandchemicals9@gmail.com: already has zoho_contact_id
[zoho-seed-upload] user irfan.k@in.chemicogroup.com: already has zoho_contact_id
[zoho-seed-upload] user phanindrasadhu@chemicorebiotech.com: already has zoho_contact_id
[zoho-seed-upload] user anna@miroogroup.com: already has zoho_contact_id
[zoho-seed-upload] user rdpurchase2@gopaldasvisram.in: already has zoho_contact_id
[zoho-seed-upload] user info@chromesource.in: already has zoho_contact_id
[zoho-seed-upload] user contact@circleskincare.com: already has zoho_contact_id
[zoho-seed-upload] user sales@citronscientific.com: already has zoho_contact_id
[zoho-seed-upload] user rahulsonawane@cjssc.in: already has zoho_contact_id
[zoho-seed-upload] user ashok@confiancelife.in: already has zoho_contact_id
[zoho-seed-upload] user s.subbiah@connellworld.com: already has zoho_contact_id
[zoho-seed-upload] user neha.bhandari@caldic.com: already has zoho_contact_id
[zoho-seed-upload] user rapolu.naveen9@gmail.com: already has zoho_contact_id
[zoho-seed-upload] user conturapharma@gmail.com: already has zoho_contact_id
[zoho-seed-upload] user info@cosmopharmaglass.com: already has zoho_contact_id
[zoho-seed-upload] user info.cosmodermago@gmail.com: already has zoho_contact_id
[zoho-seed-upload] user hamza.khan@cplaromas.com: already has zoho_contact_id
[zoho-seed-upload] user akshay@creativeprintandpack.com: already has zoho_contact_id
[zoho-seed-upload] user naresh.pali@croda.com: already has zoho_contact_id
[zoho-seed-upload] user dabtofabwellness@gmail.com: already has zoho_contact_id
[zoho-seed-upload] user bd@myfoodxpert.com: already has zoho_contact_id
[zoho-seed-upload] user poduri.david@gmail.com: already has zoho_contact_id
[zoho-seed-upload] user deeptinadimintipmu@gmail.com: already has zoho_contact_id
[zoho-seed-upload] user sai@dermiq.com: already has zoho_contact_id
[zoho-seed-upload] user director@deltaepl.com: already has zoho_contact_id
[zoho-seed-upload] user dr.farahkhan1@gmail.com: already has zoho_contact_id
[zoho-seed-upload] user soumyendro@simplimed.co.in: already has zoho_contact_id
[zoho-seed-upload] user dermaestheticacademy@gmail.com: already has zoho_contact_id
[zoho-seed-upload] user dermacurepharma@gmail.com: already has zoho_contact_id
[zoho-seed-upload] user dermagloclinic@yahoo.com: already has zoho_contact_id
[zoho-seed-upload] user enquiry@dermecure.com: already has zoho_contact_id
[zoho-seed-upload] user swati.vmmc@gmail.com: already has zoho_contact_id
[zoho-seed-upload] user marketing4j@dhanlakshmigroup.in: already has zoho_contact_id
[zoho-seed-upload] user divineskin24@gmail.com: already has zoho_contact_id
[zoho-seed-upload] user juili.ramteke@dksh.com: already has zoho_contact_id
[zoho-seed-upload] user skinsolutions.nanachowk@gmail.com: already has zoho_contact_id
[zoho-seed-upload] user yz6983@yuezhoum.com: already has zoho_contact_id
[zoho-seed-upload] user dr.netilaboratories@gmail.com: already has zoho_contact_id
[zoho-seed-upload] user drkishanagarwal@gmail.com: already has zoho_contact_id
[zoho-seed-upload] user arpitaarghya06@gmail.com: already has zoho_contact_id
[zoho-seed-upload] user md@orchidcosmeticsurgery.com: already has zoho_contact_id
[zoho-seed-upload] user candacebion@gmail.com: already has zoho_contact_id
[zoho-seed-upload] user drdheeraj94@gmail.com: already has zoho_contact_id
[zoho-seed-upload] user dr.priyanka@nkaara.com: already has zoho_contact_id
[zoho-seed-upload] user pureskinhairlaser@gmail.com: already has zoho_contact_id
[zoho-seed-upload] user renoveskinclinic@gmail.com: already has zoho_contact_id
[zoho-seed-upload] user contact@aurah360.com: already has zoho_contact_id
[zoho-seed-upload] user admin@indyuskin.com: already has zoho_contact_id
[zoho-seed-upload] user jatinigmc@gmail.com: already has zoho_contact_id
[zoho-seed-upload] user selphijpr@gmail.com: already has zoho_contact_id
[zoho-seed-upload] user elegancethetotalskinsolutions@gmail.com: already has zoho_contact_id
[zoho-seed-upload] user delphiskinclinic@gmail.com: already has zoho_contact_id
[zoho-seed-upload] user drmalaymehta@gmail.com: already has zoho_contact_id
[zoho-seed-upload] user guptadrnandini@gmail.com: already has zoho_contact_id
[zoho-seed-upload] user myskinhaircosmetologyclinic02@gmail.com: already has zoho_contact_id
[zoho-seed-upload] user drnoopur@skinzest.com: already has zoho_contact_id
[zoho-seed-upload] user drckprasad1@gmail.com: already has zoho_contact_id
[zoho-seed-upload] user writetovignessh@gmail.com: already has zoho_contact_id
[zoho-seed-upload] user rajdeepmr@gmail.com: already has zoho_contact_id
[zoho-seed-upload] user hello@tanusskin.com: already has zoho_contact_id
[zoho-seed-upload] user info@drsakhiyas.com: already has zoho_contact_id
[zoho-seed-upload] user renaissancederma@gmail.com: already has zoho_contact_id
[zoho-seed-upload] user quesera.skincare@gmail.com: already has zoho_contact_id
[zoho-seed-upload] user skinsolution211@gmail.com: already has zoho_contact_id
[zoho-seed-upload] user doc.humameher@gmail.com: already has zoho_contact_id
[zoho-seed-upload] user uma.cvd@gmail.com: already has zoho_contact_id
[zoho-seed-upload] user ghatedrvm@gmail.com: already has zoho_contact_id
[zoho-seed-upload] user yvrao63@gmail.com: already has zoho_contact_id
[zoho-seed-upload] user dr.praneethkumarreddy@gmail.com: already has zoho_contact_id
[zoho-seed-upload] user sagunaputtoo@yahoo.com: already has zoho_contact_id
[zoho-seed-upload] user drvimalas.shlclinics@gmail.com: already has zoho_contact_id
[zoho-seed-upload] user sales@durapak.in: already has zoho_contact_id
[zoho-seed-upload] user eanaskincare@gmail.com: already has zoho_contact_id
[zoho-seed-upload] user echo_subhash@hotmail.com: already has zoho_contact_id
[zoho-seed-upload] user shivam@estheticinsights.com: already has zoho_contact_id
[zoho-seed-upload] user krishnasai111@gmail.com: already has zoho_contact_id
[zoho-seed-upload] user aditya@elementalchemicals.com: already has zoho_contact_id
[zoho-seed-upload] user azad@elementsbiotech.com: already has zoho_contact_id
[zoho-seed-upload] user elitefragrancescorporation@gmail.com: already has zoho_contact_id
[zoho-seed-upload] user raghuprasad@elitetechindia.com: already has zoho_contact_id
[zoho-seed-upload] user purchase@encasepackaging.com: already has zoho_contact_id
[zoho-seed-upload] user entireprinters@gmail.com: already has zoho_contact_id
[zoho-seed-upload] user vamshi.kokkula@eplglobal.com: already has zoho_contact_id
[zoho-seed-upload] user pcksciences@gmail.com: already has zoho_contact_id
[zoho-seed-upload] user essmeepackaging@gmail.com: already has zoho_contact_id
[zoho-seed-upload] user deepa.customercare@eurekaforbes.com: already has zoho_contact_id
[zoho-seed-upload] user babu@etspack.com: already has zoho_contact_id
[zoho-seed-upload] user sales01@evolmax.in: already has zoho_contact_id
[zoho-seed-upload] user bdteam23@farelabs.com: already has zoho_contact_id
[zoho-seed-upload] user bhagya@fibroheal.com: already has zoho_contact_id
[zoho-seed-upload] user jason_nc@fineorganics.com: already has zoho_contact_id
[zoho-seed-upload] user krishna@buddsbuddy.com: already has zoho_contact_id
[zoho-seed-upload] user andrewlalremruata@gmail.com: already has zoho_contact_id
[zoho-seed-upload] user aditya@flychem.com: already has zoho_contact_id
[zoho-seed-upload] user fortune2408@gmail.com: already has zoho_contact_id
[zoho-seed-upload] user sales@fragomatrix.net: already has zoho_contact_id
[zoho-seed-upload] user rakesh.juwatkar@fragomatrix.net: already has zoho_contact_id
[zoho-seed-upload] user sumit@fragrancespecialities.com: already has zoho_contact_id
[zoho-seed-upload] user alice@charmoore.com: already has zoho_contact_id
[zoho-seed-upload] user 3544866322@qq.com: already has zoho_contact_id
[zoho-seed-upload] user harsh.wankhade@gangwalchem.com: already has zoho_contact_id
[zoho-seed-upload] user prajakta.gohil@gangwalhealthcare.com: already has zoho_contact_id
[zoho-seed-upload] user pkawly@gattefosse.in: already has zoho_contact_id
[zoho-seed-upload] user gaushrushtiimpex@gmail.com: already has zoho_contact_id
[zoho-seed-upload] user gayathrigraphics2012@gmail.com: already has zoho_contact_id
[zoho-seed-upload] user rohit@gayatrilabels.com: already has zoho_contact_id
[zoho-seed-upload] user info@gfpacking.com: already has zoho_contact_id
[zoho-seed-upload] user csg@glamate.in: already has zoho_contact_id
[zoho-seed-upload] user glamvaultindia@gmail.com: already has zoho_contact_id
[zoho-seed-upload] user glassplanetindia@gmail.com: already has zoho_contact_id
[zoho-seed-upload] user ram.hyd@globallogistics.co.in: already has zoho_contact_id
[zoho-seed-upload] user sales2@global-merchants.in: already has zoho_contact_id
[zoho-seed-upload] user gmglabels@gmail.com: already has zoho_contact_id
[zoho-seed-upload] user deepanraj.natarajan@godrejinds.com: already has zoho_contact_id
[zoho-seed-upload] user info@gogiafragrances.com: already has zoho_contact_id
[zoho-seed-upload] user goyalscientific@yahoo.co.in: already has zoho_contact_id
[zoho-seed-upload] user tirupathi.grapht@gmail.com: already has zoho_contact_id
[zoho-seed-upload] user m.reji@gravitychem.com: already has zoho_contact_id
[zoho-seed-upload] user pooja.gupta.dr@gmail.com: already has zoho_contact_id
[zoho-seed-upload] user jyoti@greenvibes.in: already has zoho_contact_id
[zoho-seed-upload] user q1005@gzqiaolei.com: already has zoho_contact_id
[zoho-seed-upload] user omrskinclinic@gmail.com: already has zoho_contact_id
[zoho-seed-upload] user sales05@cosmeticscasing.com: already has zoho_contact_id
[zoho-seed-upload] user vikram@hea18.com: already has zoho_contact_id
[zoho-seed-upload] user info@healios.co.in: already has zoho_contact_id
[zoho-seed-upload] user noor.pasha@skinq.com: already has zoho_contact_id
[zoho-seed-upload] user 1054619203@qq.com: already has zoho_contact_id
[zoho-seed-upload] user admin@herbonutra.com: already has zoho_contact_id
[zoho-seed-upload] user hipekent@gmail.com: already has zoho_contact_id
[zoho-seed-upload] user info.hindpolymers@gmail.com: already has zoho_contact_id
[zoho-seed-upload] user info@hiraholovision.com: already has zoho_contact_id
[zoho-seed-upload] user mythe92@gmail.com: already has zoho_contact_id
[zoho-seed-upload] user meenakshi@horizonbiolabs.com: already has zoho_contact_id
[zoho-seed-upload] user nanda.angadi@huhtamaki.com: already has zoho_contact_id
[zoho-seed-upload] user hukamchandyashpal@gmail.com: already has zoho_contact_id
[zoho-seed-upload] user mrajalingam@iberchem.es: already has zoho_contact_id
[zoho-seed-upload] user neha.ghate@ilabio.com: already has zoho_contact_id
[zoho-seed-upload] user asmit.bool@imcd.in: already has zoho_contact_id
[zoho-seed-upload] user puneet.goyal@imperialfragrances.com: already has zoho_contact_id
[zoho-seed-upload] user saradhi@incnut.com: already has zoho_contact_id
[zoho-seed-upload] user operations@incnut.com: already has zoho_contact_id
[zoho-seed-upload] user sonia@indcheminternational.com: already has zoho_contact_id
[zoho-seed-upload] user amrutagaherwar@iccindia.com: already has zoho_contact_id
[zoho-seed-upload] user sales@indianharness.in: already has zoho_contact_id
[zoho-seed-upload] user shivakumark@indoaminesltd.com: already has zoho_contact_id
[zoho-seed-upload] user praveen@estheticinsights.com: already has zoho_contact_id
[zoho-seed-upload] user north@innovisioncosmochem.com: already has zoho_contact_id
[zoho-seed-upload] user draiswaryia@gmail.com: already has zoho_contact_id
[zoho-seed-upload] user sales@ionak.com: already has zoho_contact_id
[zoho-seed-upload] user drnikhilreddyskin@gmail.com: already has zoho_contact_id
[zoho-seed-upload] user uttamkumar.dr@gmail.com: already has zoho_contact_id
[zoho-seed-upload] user azad@jbff.co.in: already has zoho_contact_id
[zoho-seed-upload] user contact@jbff.co.in: already has zoho_contact_id
[zoho-seed-upload] user jtwinspackaging1@gmail.com: already has zoho_contact_id
[zoho-seed-upload] user info@theneoderma.com: already has zoho_contact_id
[zoho-seed-upload] user jbc786@gmail.com: already has zoho_contact_id
[zoho-seed-upload] user info@jameswildherbs.in: already has zoho_contact_id
[zoho-seed-upload] user industriesjayvee@gmail.com: already has zoho_contact_id
[zoho-seed-upload] user support@rtpackaging.in: already has zoho_contact_id
[zoho-seed-upload] user af@jbmprispac.com: already has zoho_contact_id
[zoho-seed-upload] user knvprasad@jcunited.co.in: already has zoho_contact_id
[zoho-seed-upload] user jplabels404@gmail.com: already has zoho_contact_id
[zoho-seed-upload] user sachinc1903@gmail.com: already has zoho_contact_id
[zoho-seed-upload] user juvenisclinic0611@gmail.com: already has zoho_contact_id
[zoho-seed-upload] user mktg@jyotichemical.in: already has zoho_contact_id
[zoho-seed-upload] user achutarai2k3@gmail.com: already has zoho_contact_id
[zoho-seed-upload] user sales@swatipolypack.com: already has zoho_contact_id
[zoho-seed-upload] user box@kalajyothi.com: already has zoho_contact_id
[zoho-seed-upload] user sales@kamalarochem.com: already has zoho_contact_id
[zoho-seed-upload] user info@karmayogichemicals.com: already has zoho_contact_id
[zoho-seed-upload] user kbpowercare@gmail.com: already has zoho_contact_id
[zoho-seed-upload] user praveenrjain74@yahoo.com: already has zoho_contact_id
[zoho-seed-upload] user klienzherbal@gmail.com: already has zoho_contact_id
[zoho-seed-upload] user knaturals4u@gmail.com: already has zoho_contact_id
[zoho-seed-upload] user sales@koelcolours.in: already has zoho_contact_id
[zoho-seed-upload] user accounts@kosmoderma.com: already has zoho_contact_id
[zoho-seed-upload] user infokic2020@gmail.com: already has zoho_contact_id
[zoho-seed-upload] user sales1krishnapackaging@gmail.com: already has zoho_contact_id
[zoho-seed-upload] user kriyapharma@gmail.com: already has zoho_contact_id
[zoho-seed-upload] user purchase@kriyaindustries.com: already has zoho_contact_id
[zoho-seed-upload] user finance@kriyaindustries.com: already has zoho_contact_id
[zoho-seed-upload] user marketing_manager@kumarorganic.net: already has zoho_contact_id
[zoho-seed-upload] user pravinskincare@gmail.com: already has zoho_contact_id
[zoho-seed-upload] user salessouth@kvl.org.in: already has zoho_contact_id
[zoho-seed-upload] user lakshmi_ksl@hotmail.com: already has zoho_contact_id
[zoho-seed-upload] user sales@labneeds.in: already has zoho_contact_id
[zoho-seed-upload] user sales@lachemi.com: already has zoho_contact_id
[zoho-seed-upload] user drshrutibhadran@gmail.com: already has zoho_contact_id
[zoho-seed-upload] user product@scienceofskinclinic.com: already has zoho_contact_id
[zoho-seed-upload] user lavanya@lauriko.com: already has zoho_contact_id
[zoho-seed-upload] user sdharmana@gmail.com: already has zoho_contact_id
[zoho-seed-upload] user divyalakshz@gmail.com: already has zoho_contact_id
[zoho-seed-upload] user anushree@letragraphix.com: already has zoho_contact_id
[zoho-seed-upload] user lipimkt@lprintpack.com: already has zoho_contact_id
[zoho-seed-upload] user suman@lopan.co.in: already has zoho_contact_id
[zoho-seed-upload] user sales@lozanopack.com: already has zoho_contact_id
[zoho-seed-upload] user sanju.syspack@gmail.com: already has zoho_contact_id
[zoho-seed-upload] user mrtpune@gmail.com: already has zoho_contact_id
[zoho-seed-upload] user mayankw9@gmail.com: already has zoho_contact_id
[zoho-seed-upload] user info@agrocoolindia.com: already has zoho_contact_id
[zoho-seed-upload] user sales@printotech.com: already has zoho_contact_id
[zoho-seed-upload] user psnraju_64@yahoo.com: already has zoho_contact_id
[zoho-seed-upload] user advanceskin2019@gmail.com: already has zoho_contact_id
[zoho-seed-upload] user mahadevadigitals@gmail.com: already has zoho_contact_id
[zoho-seed-upload] user atul1004@gmail.com: already has zoho_contact_id
[zoho-seed-upload] user mahalaxmipharmachem@gmail.com: already has zoho_contact_id
[zoho-seed-upload] user hegde@mahikapack.com: already has zoho_contact_id
[zoho-seed-upload] user ninad.salaskar@toothsi.in: already has zoho_contact_id
[zoho-seed-upload] user lalit.singh@manjushreeindia.com: already has zoho_contact_id
[zoho-seed-upload] user tisha@mascotspincontrol.in: already has zoho_contact_id
[zoho-seed-upload] user masterpackaging9@gmail.com: already has zoho_contact_id
[zoho-seed-upload] user bd@mayvi.com: already has zoho_contact_id
[zoho-seed-upload] user mdmbtenterprises@gmail.com: already has zoho_contact_id
[zoho-seed-upload] user medmanorproduction2013@gmail.com: already has zoho_contact_id
[zoho-seed-upload] user vja@medmanor.in: already has zoho_contact_id
[zoho-seed-upload] user murali@medpackindia.com: already has zoho_contact_id
[zoho-seed-upload] user vbabuu@gmail.com: already has zoho_contact_id
[zoho-seed-upload] user vishal@meliorapackaging.com: already has zoho_contact_id
[zoho-seed-upload] user mensafutura21@gmail.com: already has zoho_contact_id
[zoho-seed-upload] user drmercedesaesthetica@gmail.com: already has zoho_contact_id
[zoho-seed-upload] user metatech@hotmail.com: already has zoho_contact_id
[zoho-seed-upload] user midconpharmeceuticals@gmail.com: already has zoho_contact_id
[zoho-seed-upload] user milanlabels@gmail.com: already has zoho_contact_id
[zoho-seed-upload] user bharatintr@gmail.com: already has zoho_contact_id
[zoho-seed-upload] user mishrachemicals@gmail.com: already has zoho_contact_id
[zoho-seed-upload] user kishnanin09@gmail.com: already has zoho_contact_id
[zoho-seed-upload] user sales@mohiniorganics.com: already has zoho_contact_id
[zoho-seed-upload] user anjali@mokshalifestyle.com: already has zoho_contact_id
[zoho-seed-upload] user venkateswarareddy@monographpharma.com: already has zoho_contact_id
[zoho-seed-upload] user morinalifestyle@gmail.com: already has zoho_contact_id
[zoho-seed-upload] user akhil@packstories.com: already has zoho_contact_id
[zoho-seed-upload] user gandhi_anand2006@yahoo.com: already has zoho_contact_id
[zoho-seed-upload] user contact@merakispa.in: already has zoho_contact_id
[zoho-seed-upload] user hmraero@gmail.com: already has zoho_contact_id
[zoho-seed-upload] user sagargupta00771@gmail.com: already has zoho_contact_id
[zoho-seed-upload] user shreya@baylaskin.com: already has zoho_contact_id
[zoho-seed-upload] user info@eternelleaesthetics.in: already has zoho_contact_id
[zoho-seed-upload] user mudraflexibleprinters@gmail.com: already has zoho_contact_id
[zoho-seed-upload] user munanipolyplast@gmail.com: already has zoho_contact_id
[zoho-seed-upload] user karthik.t@muthraglobal.com: already has zoho_contact_id
[zoho-seed-upload] user myskinncosmeceuticals@gmail.com: already has zoho_contact_id
[zoho-seed-upload] user yatharth.budhiraja@nvorganics.com: already has zoho_contact_id
[zoho-seed-upload] user nagalaxmiprintingpress@gmail.com: already has zoho_contact_id
[zoho-seed-upload] user customercare@modesthete.com: already has zoho_contact_id
[zoho-seed-upload] user nandinimkt@yahoo.co.in: already has zoho_contact_id
[zoho-seed-upload] user anjum@chemicalbrothers.co.in: already has zoho_contact_id
[zoho-seed-upload] user narmada.chem_industries@yahoo.in: already has zoho_contact_id
[zoho-seed-upload] user majid986@gmail.com: already has zoho_contact_id
[zoho-seed-upload] user ashutosh@nature-tech.in: already has zoho_contact_id
[zoho-seed-upload] user info@naturganic.in: already has zoho_contact_id
[zoho-seed-upload] user vikram.singh@naturiscosmetics.in: already has zoho_contact_id
[zoho-seed-upload] user nitin@neelkanthfinechem.com: already has zoho_contact_id
[zoho-seed-upload] user neodermalifesciences@gmail.com: already has zoho_contact_id
[zoho-seed-upload] user globebottles@gmail.com: already has zoho_contact_id
[zoho-seed-upload] user newlifecosmeceuticalsllp@gmail.com: already has zoho_contact_id
[zoho-seed-upload] user yash@nexus-specialities.com: already has zoho_contact_id
[zoho-seed-upload] user rishivankudoth123@gmail.com: already has zoho_contact_id
[zoho-seed-upload] user secunderabad.ss@nilkamal.com: already has zoho_contact_id
[zoho-seed-upload] user suryavadan.vemula@nilkamal.com: already has zoho_contact_id
[zoho-seed-upload] user alison@nblongway.com: already has zoho_contact_id
[zoho-seed-upload] user niramspeciality@gmail.com: already has zoho_contact_id
[zoho-seed-upload] user nirmalaprintpack@gmail.com: already has zoho_contact_id
[zoho-seed-upload] user skinnirvana2@gmail.com: already has zoho_contact_id
[zoho-seed-upload] user raghu@spoorthilabeling.com: already has zoho_contact_id
[zoho-seed-upload] user vishal@norex.in: already has zoho_contact_id
[zoho-seed-upload] user rajpraveen2626@gmail.com: already has zoho_contact_id
[zoho-seed-upload] user shadab.khan@rawble.com: already has zoho_contact_id
[zoho-seed-upload] user ganeshgir.g@ocspl.com: already has zoho_contact_id
[zoho-seed-upload] user oladerm@hotmail.com: already has zoho_contact_id
[zoho-seed-upload] user uday.kamjula@olivaclinic.com: already has zoho_contact_id
[zoho-seed-upload] user onehealthmedics@gmail.com: already has zoho_contact_id
[zoho-seed-upload] user optimitysoln@gmail.com: already has zoho_contact_id
[zoho-seed-upload] user vivek.dayanand@orientalaromatics.com: already has zoho_contact_id
[zoho-seed-upload] user paceseatinghyd@gmail.com: already has zoho_contact_id
[zoho-seed-upload] user pack.seal21@gmail.com: already has zoho_contact_id
[zoho-seed-upload] user yogesh@packtest.com: already has zoho_contact_id
[zoho-seed-upload] user info@parenterprise.com: already has zoho_contact_id
[zoho-seed-upload] user sbofficenorth1@parkashgroup.com: already has zoho_contact_id
[zoho-seed-upload] user parthaproduct@gmail.com: already has zoho_contact_id
[zoho-seed-upload] user csd@labelex.net: already has zoho_contact_id
[zoho-seed-upload] user deepali.gehani@mcaffeine.com: already has zoho_contact_id
[zoho-seed-upload] user pharmamultipleequipments@gmail.com: already has zoho_contact_id
[zoho-seed-upload] user support@pharmacos.in: already has zoho_contact_id
[zoho-seed-upload] user askmicro442554@gmail.com: already has zoho_contact_id
[zoho-seed-upload] user supportphyto@plpl.in: already has zoho_contact_id
[zoho-seed-upload] user pie.industries@yahoo.com: already has zoho_contact_id
[zoho-seed-upload] user vaibhav.d@pioma.net: already has zoho_contact_id
[zoho-seed-upload] user pkskincity@gmail.com: already has zoho_contact_id
[zoho-seed-upload] user poojachemical1990@gmail.com: already has zoho_contact_id
[zoho-seed-upload] user poojaindustries14100@gmail.com: already has zoho_contact_id
[zoho-seed-upload] user dipak@pragati.com: already has zoho_contact_id
[zoho-seed-upload] user srinivas.g@pragati.com: already has zoho_contact_id
[zoho-seed-upload] user sales@pgp.co.in: already has zoho_contact_id
[zoho-seed-upload] user ppindia07@gmail.com: already has zoho_contact_id
[zoho-seed-upload] user pratapkoppala@gmail.com: already has zoho_contact_id
[zoho-seed-upload] user primariocosmetics@gmail.com: already has zoho_contact_id
[zoho-seed-upload] user mktg1@prishatubes.com: already has zoho_contact_id
[zoho-seed-upload] user garlicoherbal@gmail.com: already has zoho_contact_id
[zoho-seed-upload] user pulsekinshop@gmail.com: already has zoho_contact_id
[zoho-seed-upload] user punarnawah@gmail.com: already has zoho_contact_id
[zoho-seed-upload] user mukhtar@punepolytech.com: already has zoho_contact_id
[zoho-seed-upload] user nilesh@puritypolytubes.com: already has zoho_contact_id
[zoho-seed-upload] user quality@qi-qualityindustries.com: already has zoho_contact_id
[zoho-seed-upload] user abdul@microlit.com: already has zoho_contact_id
[zoho-seed-upload] user sales@qubeplast.com: already has zoho_contact_id
[zoho-seed-upload] user rbec_rbec@yahoo.co.in: already has zoho_contact_id
[zoho-seed-upload] user rpchem02@gmail.com: already has zoho_contact_id
[zoho-seed-upload] user rrdigipress@gmail.com: already has zoho_contact_id
[zoho-seed-upload] user marketing2@radcompackaging.com: already has zoho_contact_id
[zoho-seed-upload] user accounts@radiantresearch.in: already has zoho_contact_id
[zoho-seed-upload] user rainbowsmsgroup@gmail.com: already has zoho_contact_id
[zoho-seed-upload] user orcacosmeticsindia@gmail.com: already has zoho_contact_id
[zoho-seed-upload] user gautam.joshi@redachem.com: already has zoho_contact_id
[zoho-seed-upload] user ruchir@remedoapp.com: already has zoho_contact_id
[zoho-seed-upload] user revibesclinic@gmail.com: already has zoho_contact_id
[zoho-seed-upload] user saranyaganesan@riddhienterprises.com: already has zoho_contact_id
[zoho-seed-upload] user oshin@rishichem.com: already has zoho_contact_id
[zoho-seed-upload] user rahul@inncoslifesciences.com: already has zoho_contact_id
[zoho-seed-upload] user rkpharmaorder@gmail.com: already has zoho_contact_id
[zoho-seed-upload] user govardhan.surjan@rkpolymer.in: already has zoho_contact_id
[zoho-seed-upload] user malleshamgupta@gmail.com: already has zoho_contact_id
[zoho-seed-upload] user priya@romat.in: already has zoho_contact_id
[zoho-seed-upload] user rsenterprisehyd09@gmail.com: already has zoho_contact_id
[zoho-seed-upload] user rudranshpharma20@gmail.com: already has zoho_contact_id
[zoho-seed-upload] user sachchidanand.rumanaturals@gmail.com: already has zoho_contact_id
[zoho-seed-upload] user sales@westerncommercial.in: already has zoho_contact_id
[zoho-seed-upload] user drjsahoo13@gmail.com: already has zoho_contact_id
[zoho-seed-upload] user ravi.yadav@ryderpropack.com: already has zoho_contact_id
[zoho-seed-upload] user sbaromatic2020@gmail.com: already has zoho_contact_id
[zoho-seed-upload] user ashwin.kulkarni@keva.co.in: already has zoho_contact_id
[zoho-seed-upload] user sslabels2019@gmail.com: already has zoho_contact_id
[zoho-seed-upload] user anutekscales@gmail.com: already has zoho_contact_id
[zoho-seed-upload] user satishsalian@skushalchand.com: already has zoho_contact_id
[zoho-seed-upload] user sspack007@gmail.com: already has zoho_contact_id
[zoho-seed-upload] user shobana17@rediffmail.com: already has zoho_contact_id
[zoho-seed-upload] user saaenterprises4@gmail.com: already has zoho_contact_id
[zoho-seed-upload] user surajit.basak@sacheerome.com: already has zoho_contact_id
[zoho-seed-upload] user safeypackaging4@gmail.com: already has zoho_contact_id
[zoho-seed-upload] user info@sagarasia.com: already has zoho_contact_id
[zoho-seed-upload] user mamidalahimabindu4@gmail.com: already has zoho_contact_id
[zoho-seed-upload] user prasanthi@ixoreal.com: already has zoho_contact_id
[zoho-seed-upload] user saipackages@gmail.com: already has zoho_contact_id
[zoho-seed-upload] user salesadmin2@salicylates.net: already has zoho_contact_id
[zoho-seed-upload] user samkin.mktg@gmail.com: already has zoho_contact_id
[zoho-seed-upload] user sarika@sannjhonline.store: already has zoho_contact_id
[zoho-seed-upload] user sarojinient@yahoo.co.in: already has zoho_contact_id
[zoho-seed-upload] user sarvodhaya.hyd@gmail.com: already has zoho_contact_id
[zoho-seed-upload] user info@sattvaa.co.in: already has zoho_contact_id
[zoho-seed-upload] user srisbssolutions@gmail.com: already has zoho_contact_id
[zoho-seed-upload] user rohit.jain@scope-india.com: already has zoho_contact_id
[zoho-seed-upload] user info@spcprintpack.com: already has zoho_contact_id
[zoho-seed-upload] user orders@securement.in: already has zoho_contact_id
[zoho-seed-upload] user seguroindustries3@gamil.com: already has zoho_contact_id
[zoho-seed-upload] user seguropolymers@gmail.com: already has zoho_contact_id
[zoho-seed-upload] user quicksaleplanet@gmail.com: already has zoho_contact_id
[zoho-seed-upload] user sales@shinepolypacks.com: already has zoho_contact_id
[zoho-seed-upload] user ashish@satiplastics.com: already has zoho_contact_id
[zoho-seed-upload] user naveenkumar@shrija.co.in: already has zoho_contact_id
[zoho-seed-upload] user nangadi@signode.com: already has zoho_contact_id
[zoho-seed-upload] user marketing@simsonlabs.com: already has zoho_contact_id
[zoho-seed-upload] user prashant.nandigam@sironagroup.in: already has zoho_contact_id
[zoho-seed-upload] user sitonspropack@gmail.com: already has zoho_contact_id
[zoho-seed-upload] user manchalasrinivasulu9@gmail.com: already has zoho_contact_id
[zoho-seed-upload] user mi9cosmeceuticals@gmail.com: already has zoho_contact_id
[zoho-seed-upload] user enquiry@dcskinhealth.com: already has zoho_contact_id
[zoho-seed-upload] user feedback@skincredible.in: already has zoho_contact_id
[zoho-seed-upload] user skinpossible@gmail.com: already has zoho_contact_id
[zoho-seed-upload] user gudge09@gmail.com: already has zoho_contact_id
[zoho-seed-upload] user skintechcity@gmail.com: already has zoho_contact_id
[zoho-seed-upload] user info@skinblissclinic.com: already has zoho_contact_id
[zoho-seed-upload] user skinixpharma@gmail.com: already has zoho_contact_id
[zoho-seed-upload] user shivam@skinncells.com: already has zoho_contact_id
[zoho-seed-upload] user phani@skincells.com: already has zoho_contact_id
[zoho-seed-upload] user sachith_abraham@yahoo.com: already has zoho_contact_id
[zoho-seed-upload] user skinovahealthcare9999@gmail.com: already has zoho_contact_id
[zoho-seed-upload] user drankursarin@gmail.com: already has zoho_contact_id
[zoho-seed-upload] user skmlifesciences@gmail.com: already has zoho_contact_id
[zoho-seed-upload] user cst@skypackindia.com: already has zoho_contact_id
[zoho-seed-upload] user xerox2slg@gmail.com: already has zoho_contact_id
[zoho-seed-upload] user shyamsunderreddy1987@gmail.com: already has zoho_contact_id
[zoho-seed-upload] user support@bizongo.com: already has zoho_contact_id
[zoho-seed-upload] user sbsclinic1@gmail.com: already has zoho_contact_id
[zoho-seed-upload] user cv@snehahydrosystems.com: already has zoho_contact_id
[zoho-seed-upload] user kumar.abhishek72@gmail.com: already has zoho_contact_id
[zoho-seed-upload] user snsprinters2022@gmail.com: already has zoho_contact_id
[zoho-seed-upload] user info@southformpacking.com: already has zoho_contact_id
[zoho-seed-upload] user info@spoorthilabeling.com: already has zoho_contact_id
[zoho-seed-upload] user squarepharma59@gmail.com: already has zoho_contact_id
[zoho-seed-upload] user parekh0807@gmail.com: already has zoho_contact_id
[zoho-seed-upload] user sreesaanvipolypack@gmail.com: already has zoho_contact_id
[zoho-seed-upload] user hyderabadtubes@gmail.com: already has zoho_contact_id
[zoho-seed-upload] user sreeslnchemicals@gmail.com: already has zoho_contact_id
[zoho-seed-upload] user info@sreevenprintpack.in: already has zoho_contact_id
[zoho-seed-upload] user sriabletechnologies@gmail.com: already has zoho_contact_id
[zoho-seed-upload] user sbdsameerpet@gmail.com: already has zoho_contact_id
[zoho-seed-upload] user madhu.blx@gmail.com: already has zoho_contact_id
[zoho-seed-upload] user sgpi2006@gmail.com: already has zoho_contact_id
[zoho-seed-upload] user srikrishnaplastic2010@gmail.com: already has zoho_contact_id
[zoho-seed-upload] user srirenukapackages9@gmail.com: already has zoho_contact_id
[zoho-seed-upload] user srisaibhavanienterprises@gmail.com: already has zoho_contact_id
[zoho-seed-upload] user sannjana@gmail.com: already has zoho_contact_id
[zoho-seed-upload] user vijaysimhag@yahoo.com: already has zoho_contact_id
[zoho-seed-upload] user vasaviprinters1996@gmail.com: already has zoho_contact_id
[zoho-seed-upload] user srivenkateswarapacking12@gmail.com: already has zoho_contact_id
[zoho-seed-upload] user sridevigraphics@gmail.com: already has zoho_contact_id
[zoho-seed-upload] user acctssiappltd@gamil.com: already has zoho_contact_id
[zoho-seed-upload] user bd@srrlabs.com: already has zoho_contact_id
[zoho-seed-upload] user ssprinter2021@gmail.com: already has zoho_contact_id
[zoho-seed-upload] user primederm11@gmail.com: already has zoho_contact_id
[zoho-seed-upload] user sales@ssvindia.com: already has zoho_contact_id
[zoho-seed-upload] user shail@ssvindia.com: already has zoho_contact_id
[zoho-seed-upload] user sales@steadystep.in: already has zoho_contact_id
[zoho-seed-upload] user steam.tech70@gmail.com: already has zoho_contact_id
[zoho-seed-upload] user strategixsol@gmail.com: already has zoho_contact_id
[zoho-seed-upload] user info@drsujataambalal.com: already has zoho_contact_id
[zoho-seed-upload] user sunlifesciences@gmail.com: already has zoho_contact_id
[zoho-seed-upload] user sunithapurchaseorder@gmail.com: already has zoho_contact_id
[zoho-seed-upload] user sunrays.dp@gmail.com: already has zoho_contact_id
[zoho-seed-upload] user ssspapers663@gmail.com: already has zoho_contact_id
[zoho-seed-upload] user shivani.naidu@sunshineindia.co.in: already has zoho_contact_id
[zoho-seed-upload] user info@suruchemical.com: already has zoho_contact_id
[zoho-seed-upload] user suvarnaent2007@rediffmail.com: already has zoho_contact_id
[zoho-seed-upload] user matt@vankypack.com: already has zoho_contact_id
[zoho-seed-upload] user commercial@svvscallabs.com: already has zoho_contact_id
[zoho-seed-upload] user alekhya.v@swaptoools.in: already has zoho_contact_id
[zoho-seed-upload] user swathisunit2@gmail.com: already has zoho_contact_id
[zoho-seed-upload] user gopi@swisspac.net: already has zoho_contact_id
[zoho-seed-upload] user ashwini.anchan@symrise.com: already has zoho_contact_id
[zoho-seed-upload] user marketing@synercare.in: already has zoho_contact_id
[zoho-seed-upload] user vikasgurudu1998@gmail.com: already has zoho_contact_id
[zoho-seed-upload] user chandana@synthite.com: already has zoho_contact_id
[zoho-seed-upload] user sales@syspack.co.in: already has zoho_contact_id
[zoho-seed-upload] user abhinav.chaudhary@takemotoindia.com: already has zoho_contact_id
[zoho-seed-upload] user tashadermacare@gmail.com: already has zoho_contact_id
[zoho-seed-upload] user drsushma.derma@gmail.com: already has zoho_contact_id
[zoho-seed-upload] user komaljpanchal@gmail.com: already has zoho_contact_id
[zoho-seed-upload] user aloviaskinhair@gmail.com: already has zoho_contact_id
[zoho-seed-upload] user customerservice-south3@thermolabservices.com: already has zoho_contact_id
[zoho-seed-upload] user sales-south@thermolabscientific.com: already has zoho_contact_id
[zoho-seed-upload] user totalindlsolution@gmail.com: already has zoho_contact_id
[zoho-seed-upload] user info@transbreeze.com: already has zoho_contact_id
[zoho-seed-upload] user info.trendglobal@gmail.com: already has zoho_contact_id
[zoho-seed-upload] user tsipl.connect@gmail.com: already has zoho_contact_id
[zoho-seed-upload] user mulpatel99@gmail.com: already has zoho_contact_id
[zoho-seed-upload] user sales@udpharmaproducts.com: already has zoho_contact_id
[zoho-seed-upload] user akash@ultimachem.com: already has zoho_contact_id
[zoho-seed-upload] user us@ultragroup.in: already has zoho_contact_id
[zoho-seed-upload] user dhanesh.bastani@ultraintl.com: already has zoho_contact_id
[zoho-seed-upload] user info@uniquepolymer.in: already has zoho_contact_id
[zoho-seed-upload] user accounts@uniteddescaler.com: already has zoho_contact_id
[zoho-seed-upload] user info@unitedent.in: already has zoho_contact_id
[zoho-seed-upload] user vaishnavi@unsweetenedbeauty.com: already has zoho_contact_id
[zoho-seed-upload] user utsavgraphics@gmail.com: already has zoho_contact_id
[zoho-seed-upload] user mala@valuetree.in: already has zoho_contact_id
[zoho-seed-upload] user marketing@veerafragrances.com: already has zoho_contact_id
[zoho-seed-upload] user romaderma@gmail.com: already has zoho_contact_id
[zoho-seed-upload] user impex.vijay@gmail.com: already has zoho_contact_id
[zoho-seed-upload] user dhara.purohit@vimallifesciences.com: already has zoho_contact_id
[zoho-seed-upload] user arvindj@viridisbiopharma.com: already has zoho_contact_id
[zoho-seed-upload] user teja@virtuellpackaging.com: already has zoho_contact_id
[zoho-seed-upload] user vispac3@gmail.com: already has zoho_contact_id
[zoho-seed-upload] user docveenamanish@gmail.com: already has zoho_contact_id
[zoho-seed-upload] user vivaanherbals@live.com: already has zoho_contact_id
[zoho-seed-upload] user marketing@vivekanandaprinters.com: already has zoho_contact_id
[zoho-seed-upload] user vividplastics@gmail.com: already has zoho_contact_id
[zoho-seed-upload] user vrsholistics@gmail.com: already has zoho_contact_id
[zoho-seed-upload] user drvrurane@gmail.com: already has zoho_contact_id
[zoho-seed-upload] user info@vtpolypacks.com: already has zoho_contact_id
[zoho-seed-upload] user srinu@webpacklabels.com: already has zoho_contact_id
[zoho-seed-upload] user mayur.trivedi@wppg.com: already has zoho_contact_id
[zoho-seed-upload] user info.wbinnovations@gmail.com: already has zoho_contact_id
[zoho-seed-upload] user wfimumbai@rediffmail.com: already has zoho_contact_id
[zoho-seed-upload] user shreeshail@yasham.in: already has zoho_contact_id
[zoho-seed-upload] user shruthi@vanabotanicals.com: already has zoho_contact_id
[zoho-seed-upload] user zkcontainers786@gmail.com: already has zoho_contact_id
[zoho-seed-upload] user zenskinnenterprises@gmail.com: already has zoho_contact_id
[zoho-seed-upload] user prerna.m@zetwerk.com: already has zoho_contact_id
[zoho-seed-upload] user jobszrpl@gmail.com: already has zoho_contact_id
[Zoho] contact created for user 579 contact_id: 3529895000000368002
[zoho-seed-upload] user superadmin@example.com → zoho_contact_id=3529895000000368002
[Zoho] contact created for user 580 contact_id: 3529895000000369002
[zoho-seed-upload] user admin@example.com → zoho_contact_id=3529895000000369002
[Zoho] contact created for user 581 contact_id: 3529895000000370002
[zoho-seed-upload] user admin2@example.com → zoho_contact_id=3529895000000370002
[zoho-seed-upload] product AC2303CMDS → zoho_item_id=3529895000000371001
[zoho-seed-upload] product AC2303DRPM → zoho_item_id=3529895000000372001
[zoho-seed-upload] product AC2303ECRC → zoho_item_id=3529895000000373001
[zoho-seed-upload] product AC2303SSDR → zoho_item_id=3529895000000374001
[zoho-seed-upload] product AC2303SSFS → zoho_item_id=3529895000000375001
[zoho-seed-upload] product AE2208HS → zoho_item_id=3529895000000376001
[zoho-seed-upload] product AR2305MRO → zoho_item_id=3529895000000377001
[zoho-seed-upload] product CM2302AAMG → zoho_item_id=3529895000000378001
[zoho-seed-upload] product CS2303AANS → zoho_item_id=3529895000000379001
[zoho-seed-upload] product CS2303SDSS → zoho_item_id=3529895000000380001
[zoho-seed-upload] product CS2303SDUT → zoho_item_id=3529895000000381001
[zoho-seed-upload] product CS2303USDS → zoho_item_id=3529895000000382001
[zoho-seed-upload] product DD2206NHAS → zoho_item_id=3529895000000367002
[zoho-seed-upload] product DD2206SGSS → zoho_item_id=3529895000000383001
[zoho-seed-upload] product DD2210BRS → zoho_item_id=3529895000000384001
[zoho-seed-upload] product DD2210SPED → zoho_item_id=3529895000000385001
[zoho-seed-upload] product DD2305GHGC → zoho_item_id=3529895000000386001
[zoho-seed-upload] product DE2207HBPS → zoho_item_id=3529895000000368011
[zoho-seed-upload] product DE2301MSD → zoho_item_id=3529895000000370011
[zoho-seed-upload] product DE2305SBW → zoho_item_id=3529895000000387001
[zoho-seed-upload] product DE2305SFBR → zoho_item_id=3529895000000388001
[zoho-seed-upload] product DE2305SFBW → zoho_item_id=3529895000000373010
[zoho-seed-upload] product DE2305SPW → zoho_item_id=3529895000000374010
[zoho-seed-upload] product DE2305SSSS → zoho_item_id=3529895000000389001
[zoho-seed-upload] product DI2302IRM → zoho_item_id=3529895000000390001
[zoho-seed-upload] product DO2304SCSGS → zoho_item_id=3529895000000380010
[zoho-seed-upload] product DP2112RFW → zoho_item_id=3529895000000391001
[zoho-seed-upload] product DP2112RUC → zoho_item_id=3529895000000392001
[zoho-seed-upload] product DP2112SLO → zoho_item_id=3529895000000381010
[zoho-seed-upload] product DP2112ZFF → zoho_item_id=3529895000000382010
[zoho-seed-upload] product DQ2108FM → zoho_item_id=3529895000000367011
[zoho-seed-upload] product DQ2108HGS → zoho_item_id=3529895000000385010
[zoho-seed-upload] product DQ2108RL → zoho_item_id=3529895000000386010
[zoho-seed-upload] product DSN2301ASS → zoho_item_id=3529895000000369011
[zoho-seed-upload] product DSN2301FC → zoho_item_id=3529895000000387010
[zoho-seed-upload] product DSN2301MDM → zoho_item_id=3529895000000388010
[zoho-seed-upload] product DSN2301MNM → zoho_item_id=3529895000000372010
[zoho-seed-upload] product DSN2301MOM → zoho_item_id=3529895000000374019
[zoho-seed-upload] product DSN2301NGS → zoho_item_id=3529895000000390010
[zoho-seed-upload] product DSN2301SLC → zoho_item_id=3529895000000391010
[zoho-seed-upload] product EC2305SBC → zoho_item_id=3529895000000392010
[zoho-seed-upload] product EI2207ALSE → zoho_item_id=3529895000000381019
[zoho-seed-upload] product EI2207BESE → zoho_item_id=3529895000000382019
[zoho-seed-upload] product EI2207GASE → zoho_item_id=3529895000000367020
[zoho-seed-upload] product EI2207MOIS → zoho_item_id=3529895000000385019
[zoho-seed-upload] product EI2207SSWS → zoho_item_id=3529895000000368020
[zoho-seed-upload] product EIDSNS072022 → zoho_item_id=3529895000000369020
[zoho-seed-upload] product EISUGS062022 → zoho_item_id=3529895000000370020
[zoho-seed-upload] product EU2303SFS → zoho_item_id=3529895000000387019
[zoho-seed-upload] product EX2201FM → zoho_item_id=3529895000000371010
[zoho-seed-upload] product FL2212BSS → zoho_item_id=3529895000000388019
[zoho-seed-upload] product HW2202SBC → zoho_item_id=3529895000000393001
[zoho-seed-upload] product HZ2303HGS → zoho_item_id=3529895000000373019
[zoho-seed-upload] product IG2212HSS → zoho_item_id=3529895000000374028
[zoho-seed-upload] product IG2305MYCL → zoho_item_id=3529895000000389010
[zoho-seed-upload] product IS2208OBH → zoho_item_id=3529895000000375010
[zoho-seed-upload] product IS2703AGS → zoho_item_id=3529895000000390019
[zoho-seed-upload] product JE2302LBS → zoho_item_id=3529895000000377010
[zoho-seed-upload] product JG2304HSAG → zoho_item_id=3529895000000378010
[zoho-seed-upload] product JN2207REPS → zoho_item_id=3529895000000379010
[zoho-seed-upload] product JN2207RESS → zoho_item_id=3529895000000394001
[zoho-seed-upload] product KD2109ABCS → zoho_item_id=3529895000000380019
[zoho-seed-upload] product KD2109MBC1 → zoho_item_id=3529895000000391019
[zoho-seed-upload] product KD2109PPSG → zoho_item_id=3529895000000392019
[zoho-seed-upload] product KD2203DGC → zoho_item_id=3529895000000382028
[zoho-seed-upload] product KD2203HBG → zoho_item_id=3529895000000367029
[zoho-seed-upload] product KD2203MBC → zoho_item_id=3529895000000383010
[zoho-seed-upload] product KD2203UMB → zoho_item_id=3529895000000384010
[zoho-seed-upload] product LJ2203GGL → zoho_item_id=3529895000000386019
[zoho-seed-upload] product LP2303HO → zoho_item_id=3529895000000368029
[zoho-seed-upload] product LP2303HS → zoho_item_id=3529895000000369029
[zoho-seed-upload] product ME2206BFFW → zoho_item_id=3529895000000370029
[zoho-seed-upload] product ME2208GEHS → zoho_item_id=3529895000000371019
[zoho-seed-upload] product ME2303RS → zoho_item_id=3529895000000388028
[zoho-seed-upload] product MF2204HRS → zoho_item_id=3529895000000372019
[zoho-seed-upload] product MM2111THS → zoho_item_id=3529895000000373028
[zoho-seed-upload] product MM2206ML → zoho_item_id=3529895000000389019
[zoho-seed-upload] product MM2207TBS → zoho_item_id=3529895000000375019
[zoho-seed-upload] product MM2207TBSs → zoho_item_id=3529895000000376010
[zoho-seed-upload] product MM2207TOS → zoho_item_id=3529895000000377019
[zoho-seed-upload] product MM2207TOSs → zoho_item_id=3529895000000379019
[zoho-seed-upload] product MM2210THM → zoho_item_id=3529895000000394010
[zoho-seed-upload] product MM2210THSV → zoho_item_id=3529895000000380028
[zoho-seed-upload] product MM2304HMS → zoho_item_id=3529895000000391028
[zoho-seed-upload] product MM2305PHSP → zoho_item_id=3529895000000392028
[zoho-seed-upload] product MM2305THVS → zoho_item_id=3529895000000382037
[zoho-seed-upload] product MM2306CUER → zoho_item_id=3529895000000367038
[zoho-seed-upload] product MO2208ASGS → zoho_item_id=3529895000000383019
[zoho-seed-upload] product MS2206AG → zoho_item_id=3529895000000385028
[zoho-seed-upload] product MS2206IS30 → zoho_item_id=3529895000000386028
[zoho-seed-upload] product MS2206IS50 → zoho_item_id=3529895000000370038
[zoho-seed-upload] product MS2206LC → zoho_item_id=3529895000000387028
[zoho-seed-upload] product MS2206LCS → zoho_item_id=3529895000000388037
[zoho-seed-upload] product MS2206WB → zoho_item_id=3529895000000393010
[zoho-seed-upload] product MS2210GLB → zoho_item_id=3529895000000372028
[zoho-seed-upload] product MS2212BW → zoho_item_id=3529895000000373037
[zoho-seed-upload] product MS2212NR → zoho_item_id=3529895000000374037
[zoho-seed-upload] product MS2212NR(EIMFR) → zoho_item_id=3529895000000389028
[zoho-seed-upload] product MY2304RHS → zoho_item_id=3529895000000376019
[zoho-seed-upload] product N2201NS → zoho_item_id=3529895000000377028
[zoho-seed-upload] product N2207IIBS → zoho_item_id=3529895000000378019
[zoho-seed-upload] product ND1706MFS → zoho_item_id=3529895000000379028
[zoho-seed-upload] product ND2303MFW → zoho_item_id=3529895000000380037
[zoho-seed-upload] product NS2108FSL → zoho_item_id=3529895000000392037
[zoho-seed-upload] product NS2108SD → zoho_item_id=3529895000000381028
[zoho-seed-upload] product NS2110HS → zoho_item_id=3529895000000367047
[zoho-seed-upload] product NS2304ACCS → zoho_item_id=3529895000000368038
[zoho-seed-upload] product NS2304LLGS → zoho_item_id=3529895000000387037
[zoho-seed-upload] product NS2304OSS → zoho_item_id=3529895000000371028
[zoho-seed-upload] product NS2304RHSS → zoho_item_id=3529895000000388046
[zoho-seed-upload] product NS2304RLNS → zoho_item_id=3529895000000389037
[zoho-seed-upload] product NS2304RMDS → zoho_item_id=3529895000000375028
[zoho-seed-upload] product OL2108HC → zoho_item_id=3529895000000376028
[zoho-seed-upload] product OL2108HCI → zoho_item_id=3529895000000377037
[zoho-seed-upload] product OL2108RFC → zoho_item_id=3529895000000378028
[zoho-seed-upload] product OL2108RMG → zoho_item_id=3529895000000379037
[zoho-seed-upload] product OL2205DSK → zoho_item_id=3529895000000394019
[zoho-seed-upload] product OL2205DTC → zoho_item_id=3529895000000380046
[zoho-seed-upload] product OL2205GFC → zoho_item_id=3529895000000391037
[zoho-seed-upload] product OL2205NSK → zoho_item_id=3529895000000381037
[zoho-seed-upload] product OL2205SFC → zoho_item_id=3529895000000382046
[zoho-seed-upload] product OL2205SL → zoho_item_id=3529895000000383028
[zoho-seed-upload] product OL2207TCD → zoho_item_id=3529895000000384019
[zoho-seed-upload] product OL2207TSD → zoho_item_id=3529895000000386037
[zoho-seed-upload] product OL2207TSNO → zoho_item_id=3529895000000369038
[zoho-seed-upload] product OL2301BM → zoho_item_id=3529895000000370047
[zoho-seed-upload] product OL2301BS → zoho_item_id=3529895000000387046
[zoho-seed-upload] product OL2301BW → zoho_item_id=3529895000000393019
[zoho-seed-upload] product OL2301RBBK → zoho_item_id=3529895000000373046
[zoho-seed-upload] product OL2308BMI → zoho_item_id=3529895000000389046
[zoho-seed-upload] product PB2108DCS → zoho_item_id=3529895000000375037
[zoho-seed-upload] product PB2108EBC → zoho_item_id=3529895000000376037
[zoho-seed-upload] product PB2111CPM → zoho_item_id=3529895000000377046
[zoho-seed-upload] product PB2201AFC → zoho_item_id=3529895000000378037
[zoho-seed-upload] product PB2201CPM → zoho_item_id=3529895000000379046
[zoho-seed-upload] product PB2201HRM → zoho_item_id=3529895000000380055
[zoho-seed-upload] product PB2201IHM → zoho_item_id=3529895000000391046
[zoho-seed-upload] product PB2201LLB → zoho_item_id=3529895000000392046
[zoho-seed-upload] product PB2201OML → zoho_item_id=3529895000000367056
[zoho-seed-upload] product PB2201RML → zoho_item_id=3529895000000384028
[zoho-seed-upload] product PB2201VCS → zoho_item_id=3529895000000385037
[zoho-seed-upload] product PC2201ALG → zoho_item_id=3529895000000368047
[zoho-seed-upload] product PP2108DBS → zoho_item_id=3529895000000370056
[zoho-seed-upload] product PP2109DAM → zoho_item_id=3529895000000387055
[zoho-seed-upload] product PP2109DNM → zoho_item_id=3529895000000388055
[zoho-seed-upload] product PP2204CDT → zoho_item_id=3529895000000390028
[zoho-seed-upload] product PP2302DAMM → zoho_item_id=3529895000000378046
[zoho-seed-upload] product PP2303GTG → zoho_item_id=3529895000000394028
[zoho-seed-upload] product PR0000578 → zoho_item_id=3529895000000381046
[zoho-seed-upload] product PR0000607 → zoho_item_id=3529895000000382055
[zoho-seed-upload] product PR0000735 → zoho_item_id=3529895000000367065
[zoho-seed-upload] product PR0000804 → zoho_item_id=3529895000000385046
[zoho-seed-upload] product PR0000805 → zoho_item_id=3529895000000369047
[zoho-seed-upload] product PR0000806 → zoho_item_id=3529895000000371037
[zoho-seed-upload] product PR0000807 → zoho_item_id=3529895000000388064
[zoho-seed-upload] product PR0000808 → zoho_item_id=3529895000000389055
[zoho-seed-upload] product PR0000809 → zoho_item_id=3529895000000375046
[zoho-seed-upload] product PR0000815 → zoho_item_id=3529895000000377055
[zoho-seed-upload] product PR0000816 → zoho_item_id=3529895000000394037
[zoho-seed-upload] product PR0000847 → zoho_item_id=3529895000000380064
[zoho-seed-upload] product PR0000928 → zoho_item_id=3529895000000391055
[zoho-seed-upload] product PR0000930 → zoho_item_id=3529895000000392055
[zoho-seed-upload] product PR0000931 → zoho_item_id=3529895000000381055
[zoho-seed-upload] product PR0001070 → zoho_item_id=3529895000000382064
[zoho-seed-upload] product PR0001393 → zoho_item_id=3529895000000383037
[zoho-seed-upload] product PR0001394 → zoho_item_id=3529895000000384037
[zoho-seed-upload] product PR0001852 → zoho_item_id=3529895000000385055
[zoho-seed-upload] product PR0001886 → zoho_item_id=3529895000000368056
[zoho-seed-upload] product PR0001959 → zoho_item_id=3529895000000370065
[zoho-seed-upload] product PR0001962 → zoho_item_id=3529895000000387064
[zoho-seed-upload] product PR0002001 → zoho_item_id=3529895000000388073
[zoho-seed-upload] product PR0002005 → zoho_item_id=3529895000000373055
[zoho-seed-upload] product PR0002013 → zoho_item_id=3529895000000389064
[zoho-seed-upload] product PR0002022 → zoho_item_id=3529895000000375055
[zoho-seed-upload] product PR0002136 → zoho_item_id=3529895000000378055
[zoho-seed-upload] product PR0002187 → zoho_item_id=3529895000000379055
[zoho-seed-upload] product PR0002187-1 → zoho_item_id=3529895000000391064
[zoho-seed-upload] product PR0002212 → zoho_item_id=3529895000000392064
[zoho-seed-upload] product PR0002229 → zoho_item_id=3529895000000382073
[zoho-seed-upload] product PR0002317 → zoho_item_id=3529895000000367074
[zoho-seed-upload] product PR0002371 → zoho_item_id=3529895000000384046
[zoho-seed-upload] product PR0002372 → zoho_item_id=3529895000000385064
[zoho-seed-upload] product PR0002373 → zoho_item_id=3529895000000386046
[zoho-seed-upload] product PR0002374 → zoho_item_id=3529895000000370074
[zoho-seed-upload] product PR0002375 → zoho_item_id=3529895000000388082
[zoho-seed-upload] product PR0002376 → zoho_item_id=3529895000000389073
[zoho-seed-upload] product PR0002496 → zoho_item_id=3529895000000390037
[zoho-seed-upload] product PR0002539 → zoho_item_id=3529895000000394046
[zoho-seed-upload] product PR0002540 → zoho_item_id=3529895000000391073
[zoho-seed-upload] product PR0002541 → zoho_item_id=3529895000000381064
[zoho-seed-upload] product PR0002543 → zoho_item_id=3529895000000383046
[zoho-seed-upload] product PR0002544 → zoho_item_id=3529895000000385073
[zoho-seed-upload] product PR0002545 → zoho_item_id=3529895000000368065
[zoho-seed-upload] product PR0002557 → zoho_item_id=3529895000000370083
[zoho-seed-upload] product PR0002558 → zoho_item_id=3529895000000387073
[zoho-seed-upload] product PR0002559 → zoho_item_id=3529895000000371046
[zoho-seed-upload] product PR0002644 → zoho_item_id=3529895000000372037
[zoho-seed-upload] product PR0002708 → zoho_item_id=3529895000000373064
[zoho-seed-upload] product PR0002711 → zoho_item_id=3529895000000374046
[zoho-seed-upload] product PR0002712 → zoho_item_id=3529895000000389082
[zoho-seed-upload] product PR0002713 → zoho_item_id=3529895000000390046
[zoho-seed-upload] product PR0002714 → zoho_item_id=3529895000000394055
[zoho-seed-upload] product PR0002718 → zoho_item_id=3529895000000380073
[zoho-seed-upload] product PR0002768 → zoho_item_id=3529895000000391082
[zoho-seed-upload] product PR0002783 → zoho_item_id=3529895000000392073
[zoho-seed-upload] product PR0002841 → zoho_item_id=3529895000000381073
[zoho-seed-upload] product PR0002844 → zoho_item_id=3529895000000367083
[zoho-seed-upload] product PR0002871 → zoho_item_id=3529895000000383055
[zoho-seed-upload] product PR0002872 → zoho_item_id=3529895000000385082
[zoho-seed-upload] product PR0002873 → zoho_item_id=3529895000000368074
[zoho-seed-upload] product PR0002875 → zoho_item_id=3529895000000370092
[zoho-seed-upload] product PR0002881 → zoho_item_id=3529895000000387082
[zoho-seed-upload] product PR0002882 → zoho_item_id=3529895000000371055
[zoho-seed-upload] product PR0002884 → zoho_item_id=3529895000000388091
[zoho-seed-upload] product PR0002889 → zoho_item_id=3529895000000373073
[zoho-seed-upload] product PR0002892 → zoho_item_id=3529895000000374055
[zoho-seed-upload] product PR0002897 → zoho_item_id=3529895000000389091
[zoho-seed-upload] product PR0002900 → zoho_item_id=3529895000000390055
[zoho-seed-upload] product PR0002934 → zoho_item_id=3529895000000378064
[zoho-seed-upload] product PR0002935 → zoho_item_id=3529895000000379064
[zoho-seed-upload] product PR0002936 → zoho_item_id=3529895000000380082
[zoho-seed-upload] product PR0002938 → zoho_item_id=3529895000000391091
[zoho-seed-upload] product PR0002945 → zoho_item_id=3529895000000392082
[zoho-seed-upload] product PR0002965 → zoho_item_id=3529895000000382082
[zoho-seed-upload] product PR0002997 → zoho_item_id=3529895000000367092
[zoho-seed-upload] product PR0003003 → zoho_item_id=3529895000000383064
[zoho-seed-upload] product PR0003012 → zoho_item_id=3529895000000384055
[zoho-seed-upload] product PR0003016 → zoho_item_id=3529895000000385091
[zoho-seed-upload] product PR0003129 → zoho_item_id=3529895000000386055
[zoho-seed-upload] product PR0003146 → zoho_item_id=3529895000000368083
[zoho-seed-upload] product PR0003169 → zoho_item_id=3529895000000370101
[zoho-seed-upload] product PR0003176 → zoho_item_id=3529895000000387091
[zoho-seed-upload] product PR0003203 → zoho_item_id=3529895000000388100
[zoho-seed-upload] product PR0003346 → zoho_item_id=3529895000000393028
[zoho-seed-upload] product PR0003347 → zoho_item_id=3529895000000372046
[zoho-seed-upload] product PR0003361 → zoho_item_id=3529895000000374064
[zoho-seed-upload] product PR0003373 → zoho_item_id=3529895000000389100
[zoho-seed-upload] product PR0003374 → zoho_item_id=3529895000000375064
[zoho-seed-upload] product PR0003379 → zoho_item_id=3529895000000390064
[zoho-seed-upload] product PR0003400 → zoho_item_id=3529895000000376046
[zoho-seed-upload] product PR0003419 → zoho_item_id=3529895000000378073
[zoho-seed-upload] product PR0003425 → zoho_item_id=3529895000000379073
[zoho-seed-upload] product PR0003429 → zoho_item_id=3529895000000380091
[zoho-seed-upload] product PR0003440 → zoho_item_id=3529895000000381082
[zoho-seed-upload] product PR0003464 → zoho_item_id=3529895000000383073
[zoho-seed-upload] product PR0003465 → zoho_item_id=3529895000000384064
[zoho-seed-upload] product PR0003494 → zoho_item_id=3529895000000385100
[zoho-seed-upload] product PR0003495 → zoho_item_id=3529895000000386064
[zoho-seed-upload] product PR0003496 → zoho_item_id=3529895000000368092
[zoho-seed-upload] product PR0003497 → zoho_item_id=3529895000000387100
[zoho-seed-upload] product PR0003507 → zoho_item_id=3529895000000371064
[zoho-seed-upload] product PR0003509 → zoho_item_id=3529895000000388109
[zoho-seed-upload] product PR0003510 → zoho_item_id=3529895000000372055
[zoho-seed-upload] product PR0003511 → zoho_item_id=3529895000000373082
[zoho-seed-upload] product PR0003515 → zoho_item_id=3529895000000374073
[zoho-seed-upload] product PR0003516 → zoho_item_id=3529895000000375073
[zoho-seed-upload] product PR0003517 → zoho_item_id=3529895000000377064
[zoho-seed-upload] product PR0003539 → zoho_item_id=3529895000000379082
[zoho-seed-upload] product PR0003540 → zoho_item_id=3529895000000391100
[zoho-seed-upload] product PR0003541 → zoho_item_id=3529895000000392091
[zoho-seed-upload] product PR0003542 → zoho_item_id=3529895000000381091
[zoho-seed-upload] product PR0003543 → zoho_item_id=3529895000000382091
[zoho-seed-upload] product PR0003544 → zoho_item_id=3529895000000367101
[zoho-seed-upload] product PR0003545 → zoho_item_id=3529895000000383082
[zoho-seed-upload] product PR0003546 → zoho_item_id=3529895000000385109
[zoho-seed-upload] product PR0003547 → zoho_item_id=3529895000000369056
[zoho-seed-upload] product PR0003548 → zoho_item_id=3529895000000387109
[zoho-seed-upload] product PR0003549 → zoho_item_id=3529895000000371073
[zoho-seed-upload] product PR0003550 → zoho_item_id=3529895000000372064
[zoho-seed-upload] product PR0003551 → zoho_item_id=3529895000000373091
[zoho-seed-upload] product PR0003553 → zoho_item_id=3529895000000389109
[zoho-seed-upload] product PR0003554 → zoho_item_id=3529895000000375082
[zoho-seed-upload] product PR0003555 → zoho_item_id=3529895000000376055
[zoho-seed-upload] product PR0003561 → zoho_item_id=3529895000000377073
[zoho-seed-upload] product PR0003567 → zoho_item_id=3529895000000378082
[zoho-seed-upload] product PR0003569 → zoho_item_id=3529895000000379091
[zoho-seed-upload] product PR0003590 → zoho_item_id=3529895000000392100
[zoho-seed-upload] product PR0003599 → zoho_item_id=3529895000000381100
[zoho-seed-upload] product PR0003610 → zoho_item_id=3529895000000383091
[zoho-seed-upload] product PR0003612 → zoho_item_id=3529895000000385118
[zoho-seed-upload] product PR0003614 → zoho_item_id=3529895000000386073
[zoho-seed-upload] product PR0003615 → zoho_item_id=3529895000000369065
[zoho-seed-upload] product PR0003616 → zoho_item_id=3529895000000387118
[zoho-seed-upload] product PR0003619 → zoho_item_id=3529895000000371082
[zoho-seed-upload] product PR0003621 → zoho_item_id=3529895000000393037
[zoho-seed-upload] product PR0003630 → zoho_item_id=3529895000000373100
[zoho-seed-upload] product PR0003689 → zoho_item_id=3529895000000374082
[zoho-seed-upload] product PR0003704 → zoho_item_id=3529895000000389118
[zoho-seed-upload] product PR0003710 → zoho_item_id=3529895000000390073
[zoho-seed-upload] product PR0003724 → zoho_item_id=3529895000000377082
[zoho-seed-upload] product PR0003725 → zoho_item_id=3529895000000379100
[zoho-seed-upload] product PR0003732 → zoho_item_id=3529895000000394064
[zoho-seed-upload] product PR0003747 → zoho_item_id=3529895000000391109
[zoho-seed-upload] product PR0003748 → zoho_item_id=3529895000000381109
[zoho-seed-upload] product PR0003749 → zoho_item_id=3529895000000382100
[zoho-seed-upload] product PR0003750 → zoho_item_id=3529895000000383100
[zoho-seed-upload] product PR0003758 → zoho_item_id=3529895000000384073
[zoho-seed-upload] product PR0003759 → zoho_item_id=3529895000000386082
[zoho-seed-upload] product PR0003760 → zoho_item_id=3529895000000368101
[zoho-seed-upload] product PR0003766 → zoho_item_id=3529895000000370110
[zoho-seed-upload] product PR0003767 → zoho_item_id=3529895000000387127
[zoho-seed-upload] product PR0003771 → zoho_item_id=3529895000000371091
[zoho-seed-upload] product PR0003774 → zoho_item_id=3529895000000388118
[zoho-seed-upload] product PR0003787 → zoho_item_id=3529895000000393046
[zoho-seed-upload] product PR0003788 → zoho_item_id=3529895000000373109
[zoho-seed-upload] product PR0003789 → zoho_item_id=3529895000000374091
[zoho-seed-upload] product PR0003805 → zoho_item_id=3529895000000389127
[zoho-seed-upload] product PR0003819 → zoho_item_id=3529895000000375091
[zoho-seed-upload] product PR0003820 → zoho_item_id=3529895000000390082
[zoho-seed-upload] product PR0003823 → zoho_item_id=3529895000000379109
[zoho-seed-upload] product PR0003828 → zoho_item_id=3529895000000394073
[zoho-seed-upload] product PR0003830 → zoho_item_id=3529895000000380100
[zoho-seed-upload] product PR0003836 → zoho_item_id=3529895000000392109
[zoho-seed-upload] product PR0003852 → zoho_item_id=3529895000000381118
[zoho-seed-upload] product PR0003853 → zoho_item_id=3529895000000367110
[zoho-seed-upload] product PR0003860 → zoho_item_id=3529895000000383109
[zoho-seed-upload] product PR0003861 → zoho_item_id=3529895000000385127
[zoho-seed-upload] product PR0003864 → zoho_item_id=3529895000000386091
[zoho-seed-upload] product PR0003867 → zoho_item_id=3529895000000369074
[zoho-seed-upload] product PR0003868 → zoho_item_id=3529895000000387136
[zoho-seed-upload] product PR0003869 → zoho_item_id=3529895000000393055
[zoho-seed-upload] product PR0003870 → zoho_item_id=3529895000000373118
[zoho-seed-upload] product PR0003874 → zoho_item_id=3529895000000389136
[zoho-seed-upload] product PR0003890 → zoho_item_id=3529895000000375100
[zoho-seed-upload] product PR0003891 → zoho_item_id=3529895000000390091
[zoho-seed-upload] product PR0003893 → zoho_item_id=3529895000000379118
[zoho-seed-upload] product PR0003895 → zoho_item_id=3529895000000380109
[zoho-seed-upload] product PR0003898 → zoho_item_id=3529895000000381127
[zoho-seed-upload] product PR0003905 → zoho_item_id=3529895000000382109
[zoho-seed-upload] product PR0003906-OLD → zoho_item_id=3529895000000383118
[zoho-seed-upload] product PR0003920 → zoho_item_id=3529895000000368110
[zoho-seed-upload] product PR0003921 → zoho_item_id=3529895000000369083
[zoho-seed-upload] product PR0003922 → zoho_item_id=3529895000000387145
[zoho-seed-upload] product PR0003923 → zoho_item_id=3529895000000371100
[zoho-seed-upload] product PR0003924 → zoho_item_id=3529895000000388127
[zoho-seed-upload] product PR0003925 → zoho_item_id=3529895000000390100
[zoho-seed-upload] product PR0003926 → zoho_item_id=3529895000000381136
[zoho-seed-upload] product PR0003927 → zoho_item_id=3529895000000382118
[zoho-seed-upload] product PR0003932 → zoho_item_id=3529895000000367119
[zoho-seed-upload] product PR0003971 → zoho_item_id=3529895000000384082
[zoho-seed-upload] product PR0003985 → zoho_item_id=3529895000000385136
[zoho-seed-upload] product PR0003986 → zoho_item_id=3529895000000368119
[zoho-seed-upload] product PR0003987 → zoho_item_id=3529895000000370119
[zoho-seed-upload] product PR0003988 → zoho_item_id=3529895000000387154
[zoho-seed-upload] product PR0003990 → zoho_item_id=3529895000000371109
[zoho-seed-upload] product PR0003990-KC → zoho_item_id=3529895000000388136
[zoho-seed-upload] product PR0003991 → zoho_item_id=3529895000000372073
[zoho-seed-upload] product PR0003991-KC → zoho_item_id=3529895000000373127
[zoho-seed-upload] product PR0003992 → zoho_item_id=3529895000000374100
[zoho-seed-upload] product PR0003992-KC → zoho_item_id=3529895000000389145
[zoho-seed-upload] product PR0003997 → zoho_item_id=3529895000000375109
[zoho-seed-upload] product PR0004006 → zoho_item_id=3529895000000377091
[zoho-seed-upload] product PR0004010 → zoho_item_id=3529895000000378091
[zoho-seed-upload] product PR0004015 → zoho_item_id=3529895000000394082
[zoho-seed-upload] product PR0004030 → zoho_item_id=3529895000000391118
[zoho-seed-upload] product PR0004032 → zoho_item_id=3529895000000381145
[zoho-seed-upload] product PR0004035 → zoho_item_id=3529895000000367128
[zoho-seed-upload] product PR0004036 → zoho_item_id=3529895000000384091
[zoho-seed-upload] product PR0004037 → zoho_item_id=3529895000000385145
[zoho-seed-upload] product PR0004038 → zoho_item_id=3529895000000386100
[zoho-seed-upload] product PR0004053 → zoho_item_id=3529895000000369092
[zoho-seed-upload] product PR0004054 → zoho_item_id=3529895000000370128
[zoho-seed-upload] product PR0004055 → zoho_item_id=3529895000000387163
[zoho-seed-upload] product PR0004056 → zoho_item_id=3529895000000371118
[zoho-seed-upload] product PR0004057 → zoho_item_id=3529895000000388145
[zoho-seed-upload] product PR0004058 → zoho_item_id=3529895000000375118
[zoho-seed-upload] product PR0004076 → zoho_item_id=3529895000000390109
[zoho-seed-upload] product PR0004085 → zoho_item_id=3529895000000378100
[zoho-seed-upload] product PR0004087 → zoho_item_id=3529895000000394091
[zoho-seed-upload] product PR0004092 → zoho_item_id=3529895000000380118
[zoho-seed-upload] product PR0004095 → zoho_item_id=3529895000000392118
[zoho-seed-upload] product PR0004096 → zoho_item_id=3529895000000381154
[zoho-seed-upload] product PR0004097 → zoho_item_id=3529895000000382127
[zoho-seed-upload] product PR0004100 → zoho_item_id=3529895000000367137
[zoho-seed-upload] product PR0004101 → zoho_item_id=3529895000000384100
[zoho-seed-upload] product PR0004103 → zoho_item_id=3529895000000385154
[zoho-seed-upload] product PR0004108 → zoho_item_id=3529895000000386109
[zoho-seed-upload] product PR0004110 → zoho_item_id=3529895000000368128
[zoho-seed-upload] product PR0004131 → zoho_item_id=3529895000000369101
[zoho-seed-upload] product PR0004135 → zoho_item_id=3529895000000370137
[zoho-seed-upload] product PR0004138 → zoho_item_id=3529895000000387172
[zoho-seed-upload] product PR0004143 → zoho_item_id=3529895000000371127
[zoho-seed-upload] product PR0004145 → zoho_item_id=3529895000000388154
[zoho-seed-upload] product PR0004148 → zoho_item_id=3529895000000373136
[zoho-seed-upload] product PR0004150 → zoho_item_id=3529895000000374109
[zoho-seed-upload] product PR0004153 → zoho_item_id=3529895000000389154
[zoho-seed-upload] product PR0004156 → zoho_item_id=3529895000000390118
[zoho-seed-upload] product PR0004157 → zoho_item_id=3529895000000378109
[zoho-seed-upload] product PR0004158 → zoho_item_id=3529895000000379127
[zoho-seed-upload] product PR0004162 → zoho_item_id=3529895000000392127
[zoho-seed-upload] product PR0004164 → zoho_item_id=3529895000000381163
[zoho-seed-upload] product PR0004166 → zoho_item_id=3529895000000367146
[zoho-seed-upload] product PR0004170 → zoho_item_id=3529895000000383127
[zoho-seed-upload] product PR0004185 → zoho_item_id=3529895000000384109
[zoho-seed-upload] product PR0004187 → zoho_item_id=3529895000000385163
[zoho-seed-upload] product PR0004188 → zoho_item_id=3529895000000368137
[zoho-seed-upload] product PR0004195 → zoho_item_id=3529895000000369110
[zoho-seed-upload] product PR0004196 → zoho_item_id=3529895000000370146
[zoho-seed-upload] product PR0004197 → zoho_item_id=3529895000000387181
[zoho-seed-upload] product PR0004204 → zoho_item_id=3529895000000388163
[zoho-seed-upload] product PR0004205 → zoho_item_id=3529895000000374118
[zoho-seed-upload] product PR0004211 → zoho_item_id=3529895000000375127
[zoho-seed-upload] product PR0004224-KC → zoho_item_id=3529895000000376064
[zoho-seed-upload] product PR0004225-KC → zoho_item_id=3529895000000377100
[zoho-seed-upload] product PR0004226-KC → zoho_item_id=3529895000000378118
[zoho-seed-upload] product PR0004227 → zoho_item_id=3529895000000379136
[zoho-seed-upload] product PR0004228 → zoho_item_id=3529895000000380127
[zoho-seed-upload] product PR0004229 → zoho_item_id=3529895000000391127
[zoho-seed-upload] product PR0004233 → zoho_item_id=3529895000000382136
[zoho-seed-upload] product PR0004235 → zoho_item_id=3529895000000367155
[zoho-seed-upload] product PR0004236 → zoho_item_id=3529895000000383136
[zoho-seed-upload] product PR0004237 → zoho_item_id=3529895000000385172
[zoho-seed-upload] product PR0004238 → zoho_item_id=3529895000000368146
[zoho-seed-upload] product PR0004239 → zoho_item_id=3529895000000369119
[zoho-seed-upload] product PR0004241 → zoho_item_id=3529895000000370155
[zoho-seed-upload] product PR0004250 → zoho_item_id=3529895000000387190
[zoho-seed-upload] product PR0004258 → zoho_item_id=3529895000000371136
[zoho-seed-upload] product PR0004259 → zoho_item_id=3529895000000388172
[zoho-seed-upload] product PR0004265 → zoho_item_id=3529895000000378127
[zoho-seed-upload] product PR0004268 → zoho_item_id=3529895000000394100
[zoho-seed-upload] product PR0004269 → zoho_item_id=3529895000000380136
[zoho-seed-upload] product PR0004270 → zoho_item_id=3529895000000392136
[zoho-seed-upload] product PR0004272 → zoho_item_id=3529895000000381172
[zoho-seed-upload] product PR0004277 → zoho_item_id=3529895000000383145
[zoho-seed-upload] product PR0004282 → zoho_item_id=3529895000000386118
[zoho-seed-upload] product PR0004287 → zoho_item_id=3529895000000368155
[zoho-seed-upload] product PR0004295 → zoho_item_id=3529895000000369128
[zoho-seed-upload] product PR0004307 → zoho_item_id=3529895000000387199
[zoho-seed-upload] product PR0004312 → zoho_item_id=3529895000000371145
[zoho-seed-upload] product PR0004313 → zoho_item_id=3529895000000393064
[zoho-seed-upload] product PR0004314 → zoho_item_id=3529895000000372082
[zoho-seed-upload] product PR0004345 → zoho_item_id=3529895000000375136
[zoho-seed-upload] product PR0004347 → zoho_item_id=3529895000000377109
[zoho-seed-upload] product PR0004348 → zoho_item_id=3529895000000379145
[zoho-seed-upload] product PR0004349 → zoho_item_id=3529895000000391136
[zoho-seed-upload] product PR0004350 → zoho_item_id=3529895000000392145
[zoho-seed-upload] product PR0004351 → zoho_item_id=3529895000000381181
[zoho-seed-upload] product PR0004370 → zoho_item_id=3529895000000382145
[zoho-seed-upload] product PR0004376 → zoho_item_id=3529895000000383154
[zoho-seed-upload] product PR0004382 → zoho_item_id=3529895000000384118
[zoho-seed-upload] product PR0004383 → zoho_item_id=3529895000000386127
[zoho-seed-upload] product PR0004384 → zoho_item_id=3529895000000369137
[zoho-seed-upload] product PR0004386 → zoho_item_id=3529895000000387208
[zoho-seed-upload] product PR0004387 → zoho_item_id=3529895000000371154
[zoho-seed-upload] product PR0004388 → zoho_item_id=3529895000000388181
[zoho-seed-upload] product PR0004389 → zoho_item_id=3529895000000372091
[zoho-seed-upload] product PR0004390 → zoho_item_id=3529895000000374127
[zoho-seed-upload] product PR0004391 → zoho_item_id=3529895000000389163
[zoho-seed-upload] product PR0004392 → zoho_item_id=3529895000000375145
[zoho-seed-upload] product PR0004393 → zoho_item_id=3529895000000377118
[zoho-seed-upload] product PR0004399 → zoho_item_id=3529895000000378136
[zoho-seed-upload] product PR0004404 → zoho_item_id=3529895000000379154
[zoho-seed-upload] product PR0004405 → zoho_item_id=3529895000000391145
[zoho-seed-upload] product PR0004407 → zoho_item_id=3529895000000392154
[zoho-seed-upload] product PR0004408 → zoho_item_id=3529895000000382154
[zoho-seed-upload] product PR0004409 → zoho_item_id=3529895000000367164
[zoho-seed-upload] product PR0004410 → zoho_item_id=3529895000000383163
[zoho-seed-upload] product PR0004411 → zoho_item_id=3529895000000384127
[zoho-seed-upload] product PR0004413 → zoho_item_id=3529895000000386136
[zoho-seed-upload] product PR0004415 → zoho_item_id=3529895000000368164
[zoho-seed-upload] product PR0004416 → zoho_item_id=3529895000000370164
[zoho-seed-upload] product PR0004423 → zoho_item_id=3529895000000387217
[zoho-seed-upload] product PR0004425 → zoho_item_id=3529895000000371163
[zoho-seed-upload] product PR0004441 → zoho_item_id=3529895000000388190
[zoho-seed-upload] product PR0004443 → zoho_item_id=3529895000000374136
[zoho-seed-upload] product PR0004455 → zoho_item_id=3529895000000390127
[zoho-seed-upload] product PR0004456 → zoho_item_id=3529895000000380145
[zoho-seed-upload] product PR0004457 → zoho_item_id=3529895000000391154
[zoho-seed-upload] product PR0004458 → zoho_item_id=3529895000000392163
[zoho-seed-upload] product PR0004468 → zoho_item_id=3529895000000381190
[zoho-seed-upload] product PR0004483 → zoho_item_id=3529895000000382163
[zoho-seed-upload] product PR0004485 → zoho_item_id=3529895000000367173
[zoho-seed-upload] product PR0004486 → zoho_item_id=3529895000000383172
[zoho-seed-upload] product PR0004515 → zoho_item_id=3529895000000384136
[zoho-seed-upload] product PR0004516 → zoho_item_id=3529895000000386145
[zoho-seed-upload] product PR0004523 → zoho_item_id=3529895000000368173
[zoho-seed-upload] product PR0004524 → zoho_item_id=3529895000000370173
[zoho-seed-upload] product PR0004570 → zoho_item_id=3529895000000387226
[zoho-seed-upload] product PR0004571 → zoho_item_id=3529895000000371172
[zoho-seed-upload] product PR0004585 → zoho_item_id=3529895000000388199
[zoho-seed-upload] product PR0004586 → zoho_item_id=3529895000000393073
[zoho-seed-upload] product PR0004587 → zoho_item_id=3529895000000373145
[zoho-seed-upload] product PR0004588 → zoho_item_id=3529895000000375154
[zoho-seed-upload] product PR0004598 → zoho_item_id=3529895000000377127
[zoho-seed-upload] product PR0004602 → zoho_item_id=3529895000000378145
[zoho-seed-upload] product PR0004603 → zoho_item_id=3529895000000379163
[zoho-seed-upload] product PR0004604 → zoho_item_id=3529895000000380154
[zoho-seed-upload] product PR0004609 → zoho_item_id=3529895000000381199
[zoho-seed-upload] product PR0004614 → zoho_item_id=3529895000000382172
[zoho-seed-upload] product PR0004618 → zoho_item_id=3529895000000367182
[zoho-seed-upload] product PR0004619 → zoho_item_id=3529895000000383181
[zoho-seed-upload] product PR0004625 → zoho_item_id=3529895000000385181
[zoho-seed-upload] product PR0004626 → zoho_item_id=3529895000000386154
[zoho-seed-upload] product PR0004627 → zoho_item_id=3529895000000368182
[zoho-seed-upload] product PR0004628 → zoho_item_id=3529895000000370182
[zoho-seed-upload] product PR0004629 → zoho_item_id=3529895000000387235
[zoho-seed-upload] product PR0004630 → zoho_item_id=3529895000000371181
[zoho-seed-upload] product PR0004641 → zoho_item_id=3529895000000388208
[zoho-seed-upload] product PR0004644 → zoho_item_id=3529895000000374145
[zoho-seed-upload] product PR0004645 → zoho_item_id=3529895000000389172
[zoho-seed-upload] product PR0004647 → zoho_item_id=3529895000000376073
[zoho-seed-upload] product PR0004665 → zoho_item_id=3529895000000377136
[zoho-seed-upload] product PR0004672 → zoho_item_id=3529895000000378154
[zoho-seed-upload] product PR0004674 → zoho_item_id=3529895000000392172
[zoho-seed-upload] product PR0004675 → zoho_item_id=3529895000000381208
[zoho-seed-upload] product PR0004680 → zoho_item_id=3529895000000382181
[zoho-seed-upload] product PR0004681 → zoho_item_id=3529895000000367191
[zoho-seed-upload] product PR0004682 → zoho_item_id=3529895000000383190
[zoho-seed-upload] product PR0004683 → zoho_item_id=3529895000000384145
[zoho-seed-upload] product PR0004685 → zoho_item_id=3529895000000385190
[zoho-seed-upload] product PR0004686 → zoho_item_id=3529895000000370191
[zoho-seed-upload] product PR0004687 → zoho_item_id=3529895000000387244
[zoho-seed-upload] product PR0004688 → zoho_item_id=3529895000000371190
[zoho-seed-upload] product PR0004689 → zoho_item_id=3529895000000393082
[zoho-seed-upload] product PR0004693 → zoho_item_id=3529895000000373154
[zoho-seed-upload] product PR0004694 → zoho_item_id=3529895000000389181
[zoho-seed-upload] product PR0004697 → zoho_item_id=3529895000000390136
[zoho-seed-upload] product PR0004704 → zoho_item_id=3529895000000383199
[zoho-seed-upload] product PR0004708 → zoho_item_id=3529895000000369146
[zoho-seed-upload] product PR0004715 → zoho_item_id=3529895000000387253
[zoho-seed-upload] product PR0004716 → zoho_item_id=3529895000000393091
[zoho-seed-upload] product PR0004718 → zoho_item_id=3529895000000373163
[zoho-seed-upload] product PR0004720 → zoho_item_id=3529895000000389190
[zoho-seed-upload] product PR0004733.. → zoho_item_id=3529895000000375163
[zoho-seed-upload] product PR0004734 → zoho_item_id=3529895000000390145
[zoho-seed-upload] product PR0004735 → zoho_item_id=3529895000000392181
[zoho-seed-upload] product PR0004737 → zoho_item_id=3529895000000367200
[zoho-seed-upload] product PR0004759 → zoho_item_id=3529895000000385199
[zoho-seed-upload] product PR0004773 → zoho_item_id=3529895000000386163
[zoho-seed-upload] product PR0004774 → zoho_item_id=3529895000000369155
[zoho-seed-upload] product PR0004787 → zoho_item_id=3529895000000371199
[zoho-seed-upload] product PR0004788 → zoho_item_id=3529895000000388217
[zoho-seed-upload] product PR0004789 → zoho_item_id=3529895000000372101
[zoho-seed-upload] product PR0004790 → zoho_item_id=3529895000000389199
[zoho-seed-upload] product PR0004791 → zoho_item_id=3529895000000390154
[zoho-seed-upload] product PR0004792 → zoho_item_id=3529895000000372110
[zoho-seed-upload] product PR0004795 → zoho_item_id=3529895000000373172
[zoho-seed-upload] product PR0004799 → zoho_item_id=3529895000000389208
[zoho-seed-upload] product PR0004801 → zoho_item_id=3529895000000375172
[zoho-seed-upload] product PR0004806 → zoho_item_id=3529895000000390163
[zoho-seed-upload] product PR0004827 → zoho_item_id=3529895000000368191
[zoho-seed-upload] product PR0004828 → zoho_item_id=3529895000000369164
[zoho-seed-upload] product PR0004829 → zoho_item_id=3529895000000387262
[zoho-seed-upload] product PR0004830 → zoho_item_id=3529895000000388226
[zoho-seed-upload] product PR0004842 → zoho_item_id=3529895000000389217
[zoho-seed-upload] product PR0004843 → zoho_item_id=3529895000000375181
[zoho-seed-upload] product PR0004844 → zoho_item_id=3529895000000376082
[zoho-seed-upload] product PR0004845 → zoho_item_id=3529895000000377145
[zoho-seed-upload] product PR0004846 → zoho_item_id=3529895000000378163
[zoho-seed-upload] product PR0004847 → zoho_item_id=3529895000000379172
[zoho-seed-upload] product PR0004848 → zoho_item_id=3529895000000380163
[zoho-seed-upload] product PR0004849 → zoho_item_id=3529895000000367209
[zoho-seed-upload] product PR0004850 → zoho_item_id=3529895000000385208
[zoho-seed-upload] product PR0004851 → zoho_item_id=3529895000000386172
[zoho-seed-upload] product PR0004869 → zoho_item_id=3529895000000369173
[zoho-seed-upload] product PR0004873 → zoho_item_id=3529895000000370200
[zoho-seed-upload] product PR0004874 → zoho_item_id=3529895000000387271
[zoho-seed-upload] product PR0004890 → zoho_item_id=3529895000000371208
[zoho-seed-upload] product PR0004891 → zoho_item_id=3529895000000388235
[zoho-seed-upload] product PR0004895 → zoho_item_id=3529895000000372119
[zoho-seed-upload] product PR0004897 → zoho_item_id=3529895000000373181
[zoho-seed-upload] product PR0004905 → zoho_item_id=3529895000000374154
[zoho-seed-upload] product PR0004906 → zoho_item_id=3529895000000375190
[zoho-seed-upload] product PR0004913 → zoho_item_id=3529895000000376091
[zoho-seed-upload] product PR0004915 → zoho_item_id=3529895000000377154
[zoho-seed-upload] product PR0004917 → zoho_item_id=3529895000000378172
[zoho-seed-upload] product PR0004918 → zoho_item_id=3529895000000394109
[zoho-seed-upload] product PR0004919 → zoho_item_id=3529895000000380172
[zoho-seed-upload] product PR0004920 → zoho_item_id=3529895000000381217
[zoho-seed-upload] product PR0004921 → zoho_item_id=3529895000000382190
[zoho-seed-upload] product PR0004927 → zoho_item_id=3529895000000383208
[zoho-seed-upload] product PR0004943 → zoho_item_id=3529895000000387280
[zoho-seed-upload] product PR0004947 → zoho_item_id=3529895000000371217
[zoho-seed-upload] product PR0004950 → zoho_item_id=3529895000000388244
[zoho-seed-upload] product PR0004959 → zoho_item_id=3529895000000373190
[zoho-seed-upload] product PR0004961 → zoho_item_id=3529895000000390172
[zoho-seed-upload] product PR0004970 → zoho_item_id=3529895000000367218
[zoho-seed-upload] product PR0004971 → zoho_item_id=3529895000000385217
[zoho-seed-upload] product PR0004972 → zoho_item_id=3529895000000368200
[zoho-seed-upload] product PR0004974 → zoho_item_id=3529895000000370209
[zoho-seed-upload] product PR0004981 → zoho_item_id=3529895000000371226
[zoho-seed-upload] product PR0004982 → zoho_item_id=3529895000000388253
[zoho-seed-upload] product PR0004983 → zoho_item_id=3529895000000372128
[zoho-seed-upload] product PR0004987 → zoho_item_id=3529895000000389226
[zoho-seed-upload] product PR0004990 → zoho_item_id=3529895000000390181
[zoho-seed-upload] product PR0004993 → zoho_item_id=3529895000000391163
[zoho-seed-upload] product PR0004994 → zoho_item_id=3529895000000381226
[zoho-seed-upload] product PR0004995 → zoho_item_id=3529895000000382199
[zoho-seed-upload] product PR0005004 → zoho_item_id=3529895000000367227
[zoho-seed-upload] product PR0005005 → zoho_item_id=3529895000000385226
[zoho-seed-upload] product PR0005007 → zoho_item_id=3529895000000370218
[zoho-seed-upload] product PR0005008 → zoho_item_id=3529895000000387289
[zoho-seed-upload] product PR0005009 → zoho_item_id=3529895000000371235
[zoho-seed-upload] product PR0005013 → zoho_item_id=3529895000000393100
[zoho-seed-upload] product PR0005015 → zoho_item_id=3529895000000372137
[zoho-seed-upload] product PR0005016 → zoho_item_id=3529895000000374163
[zoho-seed-upload] product PR0005017 → zoho_item_id=3529895000000389235
[zoho-seed-upload] product PR0005018 → zoho_item_id=3529895000000390190
[zoho-seed-upload] product PR0005019 → zoho_item_id=3529895000000391172
[zoho-seed-upload] product PR0005020 → zoho_item_id=3529895000000392190
[zoho-seed-upload] product PR0005021 → zoho_item_id=3529895000000381235
[zoho-seed-upload] product PR0005025 → zoho_item_id=3529895000000367236
[zoho-seed-upload] product PR0005027 → zoho_item_id=3529895000000386181
[zoho-seed-upload] product PR0005028 → zoho_item_id=3529895000000369182
[zoho-seed-upload] product PR0005029 → zoho_item_id=3529895000000387298
[zoho-seed-upload] product PR0005030 → zoho_item_id=3529895000000388262
[zoho-seed-upload] product PR0005031 → zoho_item_id=3529895000000389244
[zoho-seed-upload] product PR0005032 → zoho_item_id=3529895000000390199
[zoho-seed-upload] product PR0005033 → zoho_item_id=3529895000000386190
[zoho-seed-upload] product PR0005037 → zoho_item_id=3529895000000369191
[zoho-seed-upload] product PR0005038 → zoho_item_id=3529895000000370227
[zoho-seed-upload] product PR0005041 → zoho_item_id=3529895000000371244
[zoho-seed-upload] product PR0005043 → zoho_item_id=3529895000000388271
[zoho-seed-upload] product PR0005044 → zoho_item_id=3529895000000393109
[zoho-seed-upload] product PR0005047 → zoho_item_id=3529895000000372146
[zoho-seed-upload] product PR0005048 → zoho_item_id=3529895000000374172
[zoho-seed-upload] product PR0005052 → zoho_item_id=3529895000000390208
[zoho-seed-upload] product PR0005053 → zoho_item_id=3529895000000380181
[zoho-seed-upload] product PR0005054 → zoho_item_id=3529895000000392199
[zoho-seed-upload] product PR0005057 → zoho_item_id=3529895000000381244
[zoho-seed-upload] product PR0005060 → zoho_item_id=3529895000000367245
[zoho-seed-upload] product PR0005062 → zoho_item_id=3529895000000386199
[zoho-seed-upload] product PR0005063 → zoho_item_id=3529895000000368209
[zoho-seed-upload] product PR0005064 → zoho_item_id=3529895000000370236
[zoho-seed-upload] product PR0005077 → zoho_item_id=3529895000000387307
[zoho-seed-upload] product PR0005078 → zoho_item_id=3529895000000371253
[zoho-seed-upload] product PR0005080 → zoho_item_id=3529895000000393118
[zoho-seed-upload] product PR0005081 → zoho_item_id=3529895000000372155
[zoho-seed-upload] product PR0005086 → zoho_item_id=3529895000000375199
[zoho-seed-upload] product PR0005087 → zoho_item_id=3529895000000380190
[zoho-seed-upload] product PR0005089 → zoho_item_id=3529895000000392208
[zoho-seed-upload] product PR0005091 → zoho_item_id=3529895000000367254
[zoho-seed-upload] product PR0005092 → zoho_item_id=3529895000000383217
[zoho-seed-upload] product PR0005124 → zoho_item_id=3529895000000386208
[zoho-seed-upload] product PR0005125 → zoho_item_id=3529895000000368218
[zoho-seed-upload] product PR0005126 → zoho_item_id=3529895000000387316
[zoho-seed-upload] product PR0005127 → zoho_item_id=3529895000000371262
[zoho-seed-upload] product PR0005130 → zoho_item_id=3529895000000372164
[zoho-seed-upload] product PR0005133 → zoho_item_id=3529895000000374181
[zoho-seed-upload] product PR0005135 → zoho_item_id=3529895000000375208
[zoho-seed-upload] product PR0005138 → zoho_item_id=3529895000000378181
[zoho-seed-upload] product PR0005139 → zoho_item_id=3529895000000379181
[zoho-seed-upload] product PR0005145 → zoho_item_id=3529895000000394118
[zoho-seed-upload] product PR0005147 → zoho_item_id=3529895000000392217
[zoho-seed-upload] product PR0005152 → zoho_item_id=3529895000000383226
[zoho-seed-upload] product PR0005154 → zoho_item_id=3529895000000370245
[zoho-seed-upload] product PR0005157 → zoho_item_id=3529895000000371271
[zoho-seed-upload] product PR0005158 → zoho_item_id=3529895000000388280
[zoho-seed-upload] product PR0005161 → zoho_item_id=3529895000000373199
[zoho-seed-upload] product PR0005166 → zoho_item_id=3529895000000375217
[zoho-seed-upload] product PR0005167 → zoho_item_id=3529895000000391181
[zoho-seed-upload] product PR0005174 → zoho_item_id=3529895000000367263
[zoho-seed-upload] product PR0005176 → zoho_item_id=3529895000000384154
[zoho-seed-upload] product PR0005177 → zoho_item_id=3529895000000386217
[zoho-seed-upload] product PR0005189 → zoho_item_id=3529895000000368227
[zoho-seed-upload] product PR0005203 → zoho_item_id=3529895000000370254
[zoho-seed-upload] product PR0005204 → zoho_item_id=3529895000000371280
[zoho-seed-upload] product PR0005205 → zoho_item_id=3529895000000388289
[zoho-seed-upload] product PR0005220 → zoho_item_id=3529895000000389253
[zoho-seed-upload] product PR0005227 → zoho_item_id=3529895000000390217
[zoho-seed-upload] product PR0005234 → zoho_item_id=3529895000000381253
[zoho-seed-upload] product PR0005235 → zoho_item_id=3529895000000367272
[zoho-seed-upload] product PR0005242 → zoho_item_id=3529895000000385235
[zoho-seed-upload] product PR0005243 → zoho_item_id=3529895000000386226
[zoho-seed-upload] product PR0005289 → zoho_item_id=3529895000000368236
[zoho-seed-upload] product PR0005304 → zoho_item_id=3529895000000370263
[zoho-seed-upload] product PR0005311 → zoho_item_id=3529895000000387325
[zoho-seed-upload] product PR0005324 → zoho_item_id=3529895000000388298
[zoho-seed-upload] product PR0005339 → zoho_item_id=3529895000000393127
[zoho-seed-upload] product PR0005340 → zoho_item_id=3529895000000373208
[zoho-seed-upload] product PR0005341 → zoho_item_id=3529895000000374190
[zoho-seed-upload] product PR0005342 → zoho_item_id=3529895000000389262
[zoho-seed-upload] product PR0005343 → zoho_item_id=3529895000000390226
[zoho-seed-upload] product PR0005344 → zoho_item_id=3529895000000394127
[zoho-seed-upload] product PR0005345 → zoho_item_id=3529895000000380199
[zoho-seed-upload] product PR0005346 → zoho_item_id=3529895000000391190
[zoho-seed-upload] product PR0005347 → zoho_item_id=3529895000000382208
[zoho-seed-upload] product PR0005348 → zoho_item_id=3529895000000367281
[zoho-seed-upload] product PR0005349 → zoho_item_id=3529895000000383235
[zoho-seed-upload] product PR0005350 → zoho_item_id=3529895000000384163
[zoho-seed-upload] product PR0005352 → zoho_item_id=3529895000000386235
[zoho-seed-upload] product PR0005353 → zoho_item_id=3529895000000368245
[zoho-seed-upload] product PR0005354 → zoho_item_id=3529895000000369200
[zoho-seed-upload] product PR0005355 → zoho_item_id=3529895000000387334
[zoho-seed-upload] product PR0005367 → zoho_item_id=3529895000000371289
[zoho-seed-upload] product PR0005368 → zoho_item_id=3529895000000388307
[zoho-seed-upload] product PR0005369 → zoho_item_id=3529895000000372173
[zoho-seed-upload] product PR0005373 → zoho_item_id=3529895000000389271
[zoho-seed-upload] product PR0005375 → zoho_item_id=3529895000000375226
[zoho-seed-upload] product PR0005376 → zoho_item_id=3529895000000390235
[zoho-seed-upload] product PR0005377 → zoho_item_id=3529895000000380208
[zoho-seed-upload] product PR0005378 → zoho_item_id=3529895000000391199
[zoho-seed-upload] product PR0005379 → zoho_item_id=3529895000000392226
[zoho-seed-upload] product PR0005380 → zoho_item_id=3529895000000367290
[zoho-seed-upload] product PR0005388 → zoho_item_id=3529895000000384172
[zoho-seed-upload] product PR0005411 → zoho_item_id=3529895000000385244
[zoho-seed-upload] product PR0005418 → zoho_item_id=3529895000000368254
[zoho-seed-upload] product PR0005425 → zoho_item_id=3529895000000369209
[zoho-seed-upload] product PR0005426 → zoho_item_id=3529895000000370272
[zoho-seed-upload] product PR0005427 → zoho_item_id=3529895000000387343
[zoho-seed-upload] product PR0005428 → zoho_item_id=3529895000000371298
[zoho-seed-upload] product PR0005429 → zoho_item_id=3529895000000388316
[zoho-seed-upload] product PR0005430 → zoho_item_id=3529895000000393136
[zoho-seed-upload] product PR0005431 → zoho_item_id=3529895000000372182
[zoho-seed-upload] product PR0005432 → zoho_item_id=3529895000000374199
[zoho-seed-upload] product PR0005434 → zoho_item_id=3529895000000389280
[zoho-seed-upload] product PR0005435 → zoho_item_id=3529895000000390244
[zoho-seed-upload] product PR0005438 → zoho_item_id=3529895000000378190
[zoho-seed-upload] product PR0005441 → zoho_item_id=3529895000000394136
[zoho-seed-upload] product PR0005445 → zoho_item_id=3529895000000392235
[zoho-seed-upload] product PR0005446 → zoho_item_id=3529895000000382217
[zoho-seed-upload] product PR0005448 → zoho_item_id=3529895000000367299
[zoho-seed-upload] product PR0005450 → zoho_item_id=3529895000000385253
[zoho-seed-upload] product PR0005452 → zoho_item_id=3529895000000386244
[zoho-seed-upload] product PR0005453 → zoho_item_id=3529895000000370281
[zoho-seed-upload] product PR0005458 → zoho_item_id=3529895000000387352
[zoho-seed-upload] product PR0005459 → zoho_item_id=3529895000000371307
[zoho-seed-upload] product PR0005463 → zoho_item_id=3529895000000388325
[zoho-seed-upload] product PR0005467 → zoho_item_id=3529895000000372191
[zoho-seed-upload] product PR0005469 → zoho_item_id=3529895000000389289
[zoho-seed-upload] product PR0005473 → zoho_item_id=3529895000000375235
[zoho-seed-upload] product PR0005474 → zoho_item_id=3529895000000378199
[zoho-seed-upload] product PR0005475 → zoho_item_id=3529895000000379190
[zoho-seed-upload] product PR0005476 → zoho_item_id=3529895000000394145
[zoho-seed-upload] product PR0005478 → zoho_item_id=3529895000000391208
[zoho-seed-upload] product PR0005485 → zoho_item_id=3529895000000392244
[zoho-seed-upload] product PR0005486 → zoho_item_id=3529895000000381262
[zoho-seed-upload] product PR0005504 → zoho_item_id=3529895000000367308
[zoho-seed-upload] product PR0005507 → zoho_item_id=3529895000000385262
[zoho-seed-upload] product PR0005517 → zoho_item_id=3529895000000386253
[zoho-seed-upload] product PR0005523 → zoho_item_id=3529895000000370290
[zoho-seed-upload] product PR0005524 → zoho_item_id=3529895000000387361
[zoho-seed-upload] product PR0005525 → zoho_item_id=3529895000000371316
[zoho-seed-upload] product PR0005526 → zoho_item_id=3529895000000388334
[zoho-seed-upload] product PR0005527 → zoho_item_id=3529895000000393145
[zoho-seed-upload] product PR0005528 → zoho_item_id=3529895000000373217
[zoho-seed-upload] product PR0005541 → zoho_item_id=3529895000000374208
[zoho-seed-upload] product PR0005543 → zoho_item_id=3529895000000389298
[zoho-seed-upload] product PR0005544 → zoho_item_id=3529895000000390253
[zoho-seed-upload] product PR0005545 → zoho_item_id=3529895000000378208
[zoho-seed-upload] product PR0005550 → zoho_item_id=3529895000000379199
[zoho-seed-upload] product PR0005552 → zoho_item_id=3529895000000392253
[zoho-seed-upload] product PR0005569 → zoho_item_id=3529895000000381271
[zoho-seed-upload] product PR0005588 → zoho_item_id=3529895000000382226
[zoho-seed-upload] product PR0005612 → zoho_item_id=3529895000000367317
[zoho-seed-upload] product PR0005617 → zoho_item_id=3529895000000383244
[zoho-seed-upload] product PR0005620 → zoho_item_id=3529895000000386262
[zoho-seed-upload] product PR0005626 → zoho_item_id=3529895000000369218
[zoho-seed-upload] product PR0005629 → zoho_item_id=3529895000000370299
[zoho-seed-upload] product PR0005652 → zoho_item_id=3529895000000371325
[zoho-seed-upload] product PR0005653 → zoho_item_id=3529895000000393154
[zoho-seed-upload] product PR0005656 → zoho_item_id=3529895000000372200
[zoho-seed-upload] product PR0005689 → zoho_item_id=3529895000000373226
[zoho-seed-upload] product PR0005690 → zoho_item_id=3529895000000374217
[zoho-seed-upload] product PR0005691 → zoho_item_id=3529895000000389307
[zoho-seed-upload] product PR0005692 → zoho_item_id=3529895000000390262
[zoho-seed-upload] product PR0005697 → zoho_item_id=3529895000000378217
[zoho-seed-upload] product PR0005699 → zoho_item_id=3529895000000379208
[zoho-seed-upload] product PR0005701 → zoho_item_id=3529895000000380217
[zoho-seed-upload] product PR0005713 → zoho_item_id=3529895000000391217
[zoho-seed-upload] product PR0005721 → zoho_item_id=3529895000000381280
[zoho-seed-upload] product PR0005725 → zoho_item_id=3529895000000382235
[zoho-seed-upload] product PR0005741 → zoho_item_id=3529895000000367326
[zoho-seed-upload] product PR0005763 → zoho_item_id=3529895000000383253
[zoho-seed-upload] product PR0005778 → zoho_item_id=3529895000000386271
[zoho-seed-upload] product PR0005780 → zoho_item_id=3529895000000368263
[zoho-seed-upload] product PR0005781 → zoho_item_id=3529895000000369227
[zoho-seed-upload] product PR0005782 → zoho_item_id=3529895000000370308
[zoho-seed-upload] product PR0005784 → zoho_item_id=3529895000000387370
[zoho-seed-upload] product PR0005785 → zoho_item_id=3529895000000371334
[zoho-seed-upload] product PR0005787 → zoho_item_id=3529895000000388343
[zoho-seed-upload] product PR0005788 → zoho_item_id=3529895000000393163
[zoho-seed-upload] product PR0005789 → zoho_item_id=3529895000000372209
[zoho-seed-upload] product PR0005790 → zoho_item_id=3529895000000373235
[zoho-seed-upload] product PR0005797 → zoho_item_id=3529895000000374226
[zoho-seed-upload] product PR0005798 → zoho_item_id=3529895000000389316
[zoho-seed-upload] product PR0005799 → zoho_item_id=3529895000000375244
[zoho-seed-upload] product PR0005809 → zoho_item_id=3529895000000377163
[zoho-seed-upload] product PR0005813 → zoho_item_id=3529895000000378226
[zoho-seed-upload] product PR0005818 → zoho_item_id=3529895000000379217
[zoho-seed-upload] product PR0005836 → zoho_item_id=3529895000000394154
[zoho-seed-upload] product PR0005859 → zoho_item_id=3529895000000381289
[zoho-seed-upload] product PR0005862 → zoho_item_id=3529895000000383262
[zoho-seed-upload] product PR0005866 → zoho_item_id=3529895000000386280
[zoho-seed-upload] product PR0005868 → zoho_item_id=3529895000000370317
[zoho-seed-upload] product PR0005877 → zoho_item_id=3529895000000387379
[zoho-seed-upload] product PR0005887 → zoho_item_id=3529895000000371343
[zoho-seed-upload] product PR0005900 → zoho_item_id=3529895000000388352
[zoho-seed-upload] product PR0005901 → zoho_item_id=3529895000000372218
[zoho-seed-upload] product PR0005905 → zoho_item_id=3529895000000373244
[zoho-seed-upload] product PR0005911 → zoho_item_id=3529895000000374235
[zoho-seed-upload] product PR0005912 → zoho_item_id=3529895000000375253
[zoho-seed-upload] product PR0005918 → zoho_item_id=3529895000000376100
[zoho-seed-upload] product PR0005932 → zoho_item_id=3529895000000377172
[zoho-seed-upload] product PR0005933 → zoho_item_id=3529895000000378235
[zoho-seed-upload] product PR0005934 → zoho_item_id=3529895000000379226
[zoho-seed-upload] product PR0005935 → zoho_item_id=3529895000000380226
[zoho-seed-upload] product PR0005978 → zoho_item_id=3529895000000391226
[zoho-seed-upload] product PR0005979 → zoho_item_id=3529895000000392262
[zoho-seed-upload] product PR0005980 → zoho_item_id=3529895000000381298
[zoho-seed-upload] product PR0005983 → zoho_item_id=3529895000000382244
[zoho-seed-upload] product PR0005984 → zoho_item_id=3529895000000367335
[zoho-seed-upload] product PR0006005 → zoho_item_id=3529895000000385271
[zoho-seed-upload] product PR0006006 → zoho_item_id=3529895000000368272
[zoho-seed-upload] product PR0006013 → zoho_item_id=3529895000000369236
[zoho-seed-upload] product PR0006014 → zoho_item_id=3529895000000387388
[zoho-seed-upload] product PR0006015 → zoho_item_id=3529895000000371352
[zoho-seed-upload] product PR0006016 → zoho_item_id=3529895000000388361
[zoho-seed-upload] product PR0006018 → zoho_item_id=3529895000000373253
[zoho-seed-upload] product PR0006023 → zoho_item_id=3529895000000374244
[zoho-seed-upload] product PR0006036 → zoho_item_id=3529895000000390271
[zoho-seed-upload] product PR0006037 → zoho_item_id=3529895000000377181
[zoho-seed-upload] product PR0006055 → zoho_item_id=3529895000000378244
[zoho-seed-upload] product PR0006062 → zoho_item_id=3529895000000379235
[zoho-seed-upload] product PR0006082 → zoho_item_id=3529895000000391235
[zoho-seed-upload] product PR0006084 → zoho_item_id=3529895000000392271
[zoho-seed-upload] product PR0006087 → zoho_item_id=3529895000000382253
[zoho-seed-upload] product PR0006089 → zoho_item_id=3529895000000367344
[zoho-seed-upload] product PR0006090 → zoho_item_id=3529895000000383271
[zoho-seed-upload] product PR0006091 → zoho_item_id=3529895000000385280
[zoho-seed-upload] product PR0006092 → zoho_item_id=3529895000000386289
[zoho-seed-upload] product PR0006098 → zoho_item_id=3529895000000368281
[zoho-seed-upload] product PR0006104 → zoho_item_id=3529895000000369245
[zoho-seed-upload] product PR0006105 → zoho_item_id=3529895000000387397
[zoho-seed-upload] product PR0006106 → zoho_item_id=3529895000000393172
[zoho-seed-upload] product PR0006107 → zoho_item_id=3529895000000373262
[zoho-seed-upload] product PR0006111 → zoho_item_id=3529895000000375262
[zoho-seed-upload] product PR0006112 → zoho_item_id=3529895000000377190
[zoho-seed-upload] product PR0006114 → zoho_item_id=3529895000000379244
[zoho-seed-upload] product PR0006115 → zoho_item_id=3529895000000380235
[zoho-seed-upload] product PR0006121 → zoho_item_id=3529895000000391244
[zoho-seed-upload] product PR0006126 → zoho_item_id=3529895000000381307
[zoho-seed-upload] product PR0006129 → zoho_item_id=3529895000000382262
[zoho-seed-upload] product PR0006132 → zoho_item_id=3529895000000367353
[zoho-seed-upload] product PR0006153 → zoho_item_id=3529895000000383280
[zoho-seed-upload] product PR0006155 → zoho_item_id=3529895000000386298
[zoho-seed-upload] product PR0006156 → zoho_item_id=3529895000000369254
[zoho-seed-upload] product PR0006159 → zoho_item_id=3529895000000370326
[zoho-seed-upload] product PR0006166 → zoho_item_id=3529895000000387406
[zoho-seed-upload] product PR0006170 → zoho_item_id=3529895000000371361
[zoho-seed-upload] product PR0006171 → zoho_item_id=3529895000000388370
[zoho-seed-upload] product PR0006174 → zoho_item_id=3529895000000372227
[zoho-seed-upload] product PR0006183 → zoho_item_id=3529895000000374253
[zoho-seed-upload] product PR0006184 → zoho_item_id=3529895000000389325
[zoho-seed-upload] product PR0006213 → zoho_item_id=3529895000000375271
[zoho-seed-upload] product PR0006216 → zoho_item_id=3529895000000376109
[zoho-seed-upload] product PR0006217 → zoho_item_id=3529895000000377199
[zoho-seed-upload] product PR0006222 → zoho_item_id=3529895000000379253
[zoho-seed-upload] product PR0006223 → zoho_item_id=3529895000000367362
[zoho-seed-upload] product PR0006224 → zoho_item_id=3529895000000384181
[zoho-seed-upload] product PR0006229 → zoho_item_id=3529895000000385289
[zoho-seed-upload] product PR0006237 → zoho_item_id=3529895000000386307
[zoho-seed-upload] product PR0006253 → zoho_item_id=3529895000000369263
[zoho-seed-upload] product PR0006262 → zoho_item_id=3529895000000387415
[zoho-seed-upload] product PR0006276 → zoho_item_id=3529895000000371370
[zoho-seed-upload] product PR0006277 → zoho_item_id=3529895000000388379
[zoho-seed-upload] product PR0006302 → zoho_item_id=3529895000000372236
[zoho-seed-upload] product PR0006305 → zoho_item_id=3529895000000373271
[zoho-seed-upload] product PR0006306 → zoho_item_id=3529895000000374262
[zoho-seed-upload] product PR0006307 → zoho_item_id=3529895000000389334
[zoho-seed-upload] product PR0006312 → zoho_item_id=3529895000000390280
[zoho-seed-upload] product PR0006323 → zoho_item_id=3529895000000391253
[zoho-seed-upload] product PR0006342 → zoho_item_id=3529895000000381316
[zoho-seed-upload] product PR0006343 → zoho_item_id=3529895000000367371
[zoho-seed-upload] product PR0006352 → zoho_item_id=3529895000000383289
[zoho-seed-upload] product PR0006353 → zoho_item_id=3529895000000385298
[zoho-seed-upload] product PR0006365 → zoho_item_id=3529895000000368290
[zoho-seed-upload] product PR0006367 → zoho_item_id=3529895000000370335
[zoho-seed-upload] product PR0006373 → zoho_item_id=3529895000000388388
[zoho-seed-upload] product PR0006381 → zoho_item_id=3529895000000393181
[zoho-seed-upload] product PR0006385 → zoho_item_id=3529895000000372245
[zoho-seed-upload] product PR0006391 → zoho_item_id=3529895000000373280
[zoho-seed-upload] product PR0006393 → zoho_item_id=3529895000000374271
[zoho-seed-upload] product PR0006394 → zoho_item_id=3529895000000389343
[zoho-seed-upload] product PR0006395 → zoho_item_id=3529895000000376118
[zoho-seed-upload] product PR0006396 → zoho_item_id=3529895000000377208
[zoho-seed-upload] product PR0006401 → zoho_item_id=3529895000000378253
[zoho-seed-upload] product PR0006408 → zoho_item_id=3529895000000379262
[zoho-seed-upload] product PR0006409 → zoho_item_id=3529895000000394163
[zoho-seed-upload] product PR0006410 → zoho_item_id=3529895000000380244
[zoho-seed-upload] product PR0006411 → zoho_item_id=3529895000000391262
[zoho-seed-upload] product PR0006412 → zoho_item_id=3529895000000392280
[zoho-seed-upload] product PR0006413 → zoho_item_id=3529895000000381325
[zoho-seed-upload] product PR0006416 → zoho_item_id=3529895000000382271
[zoho-seed-upload] product PR0006417 → zoho_item_id=3529895000000384190
[zoho-seed-upload] product PR0006418 → zoho_item_id=3529895000000385307
[zoho-seed-upload] product PR0006419 → zoho_item_id=3529895000000386316
[zoho-seed-upload] product PR0006420 → zoho_item_id=3529895000000368299
[zoho-seed-upload] product PR0006421 → zoho_item_id=3529895000000369272
[zoho-seed-upload] product PR0006422 → zoho_item_id=3529895000000370344
[zoho-seed-upload] product PR0006437 → zoho_item_id=3529895000000387424
[zoho-seed-upload] product PR0006448 → zoho_item_id=3529895000000371379
[zoho-seed-upload] product PR0006450 → zoho_item_id=3529895000000393190
[zoho-seed-upload] product PR0006453 → zoho_item_id=3529895000000372254
[zoho-seed-upload] product PR0006454 → zoho_item_id=3529895000000373289
[zoho-seed-upload] product PR0006455 → zoho_item_id=3529895000000374280
[zoho-seed-upload] product PR0006456 → zoho_item_id=3529895000000375280
[zoho-seed-upload] product PR0006457 → zoho_item_id=3529895000000376127
[zoho-seed-upload] product PR0006458 → zoho_item_id=3529895000000378262
[zoho-seed-upload] product PR0006461 → zoho_item_id=3529895000000379271
[zoho-seed-upload] product PR0006462 → zoho_item_id=3529895000000380253
[zoho-seed-upload] product PR0006472 → zoho_item_id=3529895000000391271
[zoho-seed-upload] product PR0006474 → zoho_item_id=3529895000000392289
[zoho-seed-upload] product PR0006490 → zoho_item_id=3529895000000381334
[zoho-seed-upload] product PR0006491 → zoho_item_id=3529895000000382280
[zoho-seed-upload] product PR0006495 → zoho_item_id=3529895000000383298
[zoho-seed-upload] product PR0006496 → zoho_item_id=3529895000000384199
[zoho-seed-upload] product PR0006497 → zoho_item_id=3529895000000386325
[zoho-seed-upload] product PR0006500 → zoho_item_id=3529895000000368308
[zoho-seed-upload] product PR0006516 → zoho_item_id=3529895000000369281
[zoho-seed-upload] product PR0006517 → zoho_item_id=3529895000000387433
[zoho-seed-upload] product PR0006518 → zoho_item_id=3529895000000388397
[zoho-seed-upload] product PR0006519 → zoho_item_id=3529895000000372263
[zoho-seed-upload] product PR0006520 → zoho_item_id=3529895000000373298
[zoho-seed-upload] product PR0006521 → zoho_item_id=3529895000000389352
[zoho-seed-upload] product PR0006522 → zoho_item_id=3529895000000375289
[zoho-seed-upload] product PR0006523 → zoho_item_id=3529895000000377217
[zoho-seed-upload] product PR0006524 → zoho_item_id=3529895000000379280
[zoho-seed-upload] product PR0006540 → zoho_item_id=3529895000000394172
[zoho-seed-upload] product PR0006542 → zoho_item_id=3529895000000380262
[zoho-seed-upload] product PR0006543 → zoho_item_id=3529895000000392298
[zoho-seed-upload] product PR0006573 → zoho_item_id=3529895000000381343
[zoho-seed-upload] product PR0006574 → zoho_item_id=3529895000000367905
[zoho-seed-upload] product PR0006576 → zoho_item_id=3529895000000384208
[zoho-seed-upload] product PR0006597 → zoho_item_id=3529895000000385316
[zoho-seed-upload] product PR0006599 → zoho_item_id=3529895000000386334
[zoho-seed-upload] product PR0006603 → zoho_item_id=3529895000000369290
[zoho-seed-upload] product PR0006604 → zoho_item_id=3529895000000370353
[zoho-seed-upload] product PR0006605 → zoho_item_id=3529895000000387442
[zoho-seed-upload] product PR0006606 → zoho_item_id=3529895000000371388
[zoho-seed-upload] product PR0006607 → zoho_item_id=3529895000000393199
[zoho-seed-upload] product PR0006615 → zoho_item_id=3529895000000373307
[zoho-seed-upload] product PR0006637 → zoho_item_id=3529895000000375298
[zoho-seed-upload] product PR0006638 → zoho_item_id=3529895000000394181
[zoho-seed-upload] product PR0006639 → zoho_item_id=3529895000000380271
[zoho-seed-upload] product PR0006647 → zoho_item_id=3529895000000392307
[zoho-seed-upload] product PR0006650 → zoho_item_id=3529895000000381352
[zoho-seed-upload] product PR0006651 → zoho_item_id=3529895000000382289
[zoho-seed-upload] product PR0006652 → zoho_item_id=3529895000000396089
[zoho-seed-upload] product PR0006653 → zoho_item_id=3529895000000385325
[zoho-seed-upload] product PR0006660 → zoho_item_id=3529895000000386343
[zoho-seed-upload] product PR0006661 → zoho_item_id=3529895000000368317
[zoho-seed-upload] product PR0006663 → zoho_item_id=3529895000000369299
[zoho-seed-upload] product PR0006665 → zoho_item_id=3529895000000371397
[zoho-seed-upload] product PR0006668 → zoho_item_id=3529895000000388406
[zoho-seed-upload] product PR0006683 → zoho_item_id=3529895000000372272
[zoho-seed-upload] product PR0006696 → zoho_item_id=3529895000000374289
[zoho-seed-upload] product PR0006700 → zoho_item_id=3529895000000389361
[zoho-seed-upload] product PR0006701 → zoho_item_id=3529895000000390289
[zoho-seed-upload] product PR0006702 → zoho_item_id=3529895000000376136
[zoho-seed-upload] product PR0006706 → zoho_item_id=3529895000000378271
[zoho-seed-upload] product PR0006709 → zoho_item_id=3529895000000379289
[zoho-seed-upload] product PR0006710 → zoho_item_id=3529895000000380280
[zoho-seed-upload] product PR0006713 → zoho_item_id=3529895000000391280
[zoho-seed-upload] product PR0006714 → zoho_item_id=3529895000000381361
[zoho-seed-upload] product PR0006716 → zoho_item_id=3529895000000396273
[zoho-seed-upload] product PR0006718 → zoho_item_id=3529895000000384217
[zoho-seed-upload] product PR0006719 → zoho_item_id=3529895000000368326
[zoho-seed-upload] product PR0006725 → zoho_item_id=3529895000000369308
[zoho-seed-upload] product PR0006726 → zoho_item_id=3529895000000370362
[zoho-seed-upload] product PR0006729 → zoho_item_id=3529895000000387451
[zoho-seed-upload] product PR0006733 → zoho_item_id=3529895000000371406
[zoho-seed-upload] product PR0006734 → zoho_item_id=3529895000000388415
[zoho-seed-upload] product PR0006735 → zoho_item_id=3529895000000372281
[zoho-seed-upload] product PR0006736 → zoho_item_id=3529895000000374298
[zoho-seed-upload] product PR0006740 → zoho_item_id=3529895000000389370
[zoho-seed-upload] product PR0006742 → zoho_item_id=3529895000000375307
[zoho-seed-upload] product PR0006746 → zoho_item_id=3529895000000390298
[zoho-seed-upload] product PR0006757 → zoho_item_id=3529895000000377226
[zoho-seed-upload] product PR0006760 → zoho_item_id=3529895000000378280
[zoho-seed-upload] product PR0006766 → zoho_item_id=3529895000000379298
[zoho-seed-upload] product PR0006774 → zoho_item_id=3529895000000380289
[zoho-seed-upload] product PR0006775 → zoho_item_id=3529895000000392316
[zoho-seed-upload] product PR0006780 → zoho_item_id=3529895000000381370
[zoho-seed-upload] product PR0006781 → zoho_item_id=3529895000000382298
[zoho-seed-upload] product PR0006791 → zoho_item_id=3529895000000396632
[zoho-seed-upload] product PR0006792 → zoho_item_id=3529895000000384226
[zoho-seed-upload] product PR0006805 → zoho_item_id=3529895000000385334
[zoho-seed-upload] product PR0006806 → zoho_item_id=3529895000000386352
[zoho-seed-upload] product PR0006807 → zoho_item_id=3529895000000368335
[zoho-seed-upload] product PR0006808 → zoho_item_id=3529895000000370371
[zoho-seed-upload] product PR0006809 → zoho_item_id=3529895000000387460
[zoho-seed-upload] product PR0006810 → zoho_item_id=3529895000000371415
[zoho-seed-upload] product PR0006811 → zoho_item_id=3529895000000393208
[zoho-seed-upload] product PR0006813 → zoho_item_id=3529895000000372290
[zoho-seed-upload] product PR0006814 → zoho_item_id=3529895000000389379
[zoho-seed-upload] product PR0006815 → zoho_item_id=3529895000000376145
[zoho-seed-upload] product PR0006816 → zoho_item_id=3529895000000379307
[zoho-seed-upload] product PR0006818 → zoho_item_id=3529895000000392325
[zoho-seed-upload] product PR0006819 → zoho_item_id=3529895000000382307
[zoho-seed-upload] product PR0006831 → zoho_item_id=3529895000000396816
[zoho-seed-upload] product PR0006832 → zoho_item_id=3529895000000383307
[zoho-seed-upload] product PR0006847 → zoho_item_id=3529895000000368344
[zoho-seed-upload] product PR0006848 → zoho_item_id=3529895000000369317
[zoho-seed-upload] product PR0006850 → zoho_item_id=3529895000000371424
[zoho-seed-upload] product PR0006851 → zoho_item_id=3529895000000385343
[zoho-seed-upload] product PR0006852 → zoho_item_id=3529895000000368353
[zoho-seed-upload] product PR0006853 → zoho_item_id=3529895000000369326
[zoho-seed-upload] product PR0006854 → zoho_item_id=3529895000000371433
[zoho-seed-upload] product PR0006855 → zoho_item_id=3529895000000372299
[zoho-seed-upload] product PR0006863 → zoho_item_id=3529895000000374307
[zoho-seed-upload] product PR0006870 → zoho_item_id=3529895000000389388
[zoho-seed-upload] product PR0006871 → zoho_item_id=3529895000000390307
[zoho-seed-upload] product PR0006872 → zoho_item_id=3529895000000394190
[zoho-seed-upload] product PR0006879 → zoho_item_id=3529895000000380298
[zoho-seed-upload] product PR0006890 → zoho_item_id=3529895000000382316
[zoho-seed-upload] product PR0006893 → zoho_item_id=3529895000000397175
[zoho-seed-upload] product PR0006894 → zoho_item_id=3529895000000383316
[zoho-seed-upload] product PR0006895 → zoho_item_id=3529895000000384235
[zoho-seed-upload] product PR0006896 → zoho_item_id=3529895000000385352
[zoho-seed-upload] product PR0006906 → zoho_item_id=3529895000000386361
[zoho-seed-upload] product PR0006907 → zoho_item_id=3529895000000368362
[zoho-seed-upload] product PR0006908 → zoho_item_id=3529895000000370380
[zoho-seed-upload] product PR0006909 → zoho_item_id=3529895000000387469
[zoho-seed-upload] product PR0006910 → zoho_item_id=3529895000000371442
[zoho-seed-upload] product PR0006911 → zoho_item_id=3529895000000393217
[zoho-seed-upload] product PR0006913 → zoho_item_id=3529895000000372308
[zoho-seed-upload] product PR0006914 → zoho_item_id=3529895000000373316
[zoho-seed-upload] product PR0006915 → zoho_item_id=3529895000000389397
[zoho-seed-upload] product PR0006916 → zoho_item_id=3529895000000375316
[zoho-seed-upload] product PR0006917 → zoho_item_id=3529895000000376154
[zoho-seed-upload] product PR0006918 → zoho_item_id=3529895000000378289
[zoho-seed-upload] product PR0006919 → zoho_item_id=3529895000000394199
[zoho-seed-upload] product PR0006920 → zoho_item_id=3529895000000380307
[zoho-seed-upload] product PR0006921 → zoho_item_id=3529895000000391289
[zoho-seed-upload] product PR0006922 → zoho_item_id=3529895000000392334
[zoho-seed-upload] product PR0006923 → zoho_item_id=3529895000000381379
[zoho-seed-upload] product PR0006925 → zoho_item_id=3529895000000382325
[zoho-seed-upload] product PR0006926 → zoho_item_id=3529895000000397359
[zoho-seed-upload] product PR0006944 → zoho_item_id=3529895000000384244
[zoho-seed-upload] product PR0006945 → zoho_item_id=3529895000000385361
[zoho-seed-upload] product PR0006951 → zoho_item_id=3529895000000368371
[zoho-seed-upload] product PR0006953 → zoho_item_id=3529895000000369335
[zoho-seed-upload] product PR0006954 → zoho_item_id=3529895000000371451
[zoho-seed-upload] product PR0006989 → zoho_item_id=3529895000000388424
[zoho-seed-upload] product PR0007031 → zoho_item_id=3529895000000393226
[zoho-seed-upload] product PR0007032 → zoho_item_id=3529895000000372317
[zoho-seed-upload] product PR0007033 → zoho_item_id=3529895000000373325
[zoho-seed-upload] product PR0007034 → zoho_item_id=3529895000000389406
[zoho-seed-upload] product PR0007035 → zoho_item_id=3529895000000375325
[zoho-seed-upload] product PR0007036 → zoho_item_id=3529895000000376163
[zoho-seed-upload] product PR0007039 → zoho_item_id=3529895000000377235
[zoho-seed-upload] product PR0007043 → zoho_item_id=3529895000000379316
[zoho-seed-upload] product PR0007044 → zoho_item_id=3529895000000394208
[zoho-seed-upload] product PR0007045 → zoho_item_id=3529895000000391298
[zoho-seed-upload] product PR0007046 → zoho_item_id=3529895000000392343
[zoho-seed-upload] product PR0007047 → zoho_item_id=3529895000000381388
[zoho-seed-upload] product PR0007048 → zoho_item_id=3529895000000382334
[zoho-seed-upload] product PR0007050 → zoho_item_id=3529895000000397543
[zoho-seed-upload] product PR0007060 → zoho_item_id=3529895000000385370
[zoho-seed-upload] product PR0007061 → zoho_item_id=3529895000000386370
[zoho-seed-upload] product PR0007062 → zoho_item_id=3529895000000369344
[zoho-seed-upload] product PR0007063 → zoho_item_id=3529895000000370389
[zoho-seed-upload] product PR0007064 → zoho_item_id=3529895000000387478
[zoho-seed-upload] product PR0007065 → zoho_item_id=3529895000000371460
[zoho-seed-upload] product PR0007066 → zoho_item_id=3529895000000372326
[zoho-seed-upload] product PR0007097 → zoho_item_id=3529895000000373334
[zoho-seed-upload] product PR0007099 → zoho_item_id=3529895000000374316
[zoho-seed-upload] product PR0007100 → zoho_item_id=3529895000000375334
[zoho-seed-upload] product PR0007101 → zoho_item_id=3529895000000378298
[zoho-seed-upload] product PR0007102 → zoho_item_id=3529895000000379325
[zoho-seed-upload] product PR0007103 → zoho_item_id=3529895000000391307
[zoho-seed-upload] product PR0007104 → zoho_item_id=3529895000000392352
[zoho-seed-upload] product PR0007105 → zoho_item_id=3529895000000381397
[zoho-seed-upload] product PR0007139 → zoho_item_id=3529895000000382343
[zoho-seed-upload] product PR0007189 → zoho_item_id=3529895000000397552
[zoho-seed-upload] product PR0007190 → zoho_item_id=3529895000000383325
[zoho-seed-upload] product PR0007191 → zoho_item_id=3529895000000384253
[zoho-seed-upload] product PR0007192 → zoho_item_id=3529895000000385379
[zoho-seed-upload] product PR0007193 → zoho_item_id=3529895000000386379
[zoho-seed-upload] product PR0007194 → zoho_item_id=3529895000000369353
[zoho-seed-upload] product PR0007195 → zoho_item_id=3529895000000371469
[zoho-seed-upload] product PR0007196 → zoho_item_id=3529895000000388433
[zoho-seed-upload] product PR0007197 → zoho_item_id=3529895000000374325
[zoho-seed-upload] product PR0007198 → zoho_item_id=3529895000000389415
[zoho-seed-upload] product PR0007199 → zoho_item_id=3529895000000375343
[zoho-seed-upload] product PR0007210 → zoho_item_id=3529895000000379334
[zoho-seed-upload] product PR0007211 → zoho_item_id=3529895000000392361
[zoho-seed-upload] product PR0007212 → zoho_item_id=3529895000000381406
[zoho-seed-upload] product PR0007213 → zoho_item_id=3529895000000382352
[zoho-seed-upload] product PR0007215 → zoho_item_id=3529895000000397561
[zoho-seed-upload] product PR0007216 → zoho_item_id=3529895000000383334
[zoho-seed-upload] product PR0007221 → zoho_item_id=3529895000000385388
[zoho-seed-upload] product PR0007255 → zoho_item_id=3529895000000386388
[zoho-seed-upload] product PR0007277 → zoho_item_id=3529895000000368380
[zoho-seed-upload] product PR0007343 → zoho_item_id=3529895000000369362
[zoho-seed-upload] product PR0007344 → zoho_item_id=3529895000000370398
[zoho-seed-upload] product PR0007345 → zoho_item_id=3529895000000371478
[zoho-seed-upload] product PRINB0001 → zoho_item_id=3529895000000388442
[zoho-seed-upload] product PRINB0003 → zoho_item_id=3529895000000372335
[zoho-seed-upload] product PRINB0004 → zoho_item_id=3529895000000374334
[zoho-seed-upload] product PRINB0005 → zoho_item_id=3529895000000389424
[zoho-seed-upload] product PS2303CC → zoho_item_id=3529895000000375352
[zoho-seed-upload] product RD2205USS → zoho_item_id=3529895000000376172
[zoho-seed-upload] product RD2211UNHS → zoho_item_id=3529895000000377244
[zoho-seed-upload] product RD2302UHS → zoho_item_id=3529895000000378307
[zoho-seed-upload] product RP2108NGNS → zoho_item_id=3529895000000379343
[zoho-seed-upload] product RP2111UES → zoho_item_id=3529895000000394217
[zoho-seed-upload] product RV2211DCS → zoho_item_id=3529895000000391316
[zoho-seed-upload] product RV2211UTS → zoho_item_id=3529895000000381415
[zoho-seed-upload] product SC2207SCM → zoho_item_id=3529895000000383343
[zoho-seed-upload] product SC2303HES → zoho_item_id=3529895000000385397
[zoho-seed-upload] product SD2209SSSS → zoho_item_id=3529895000000368389
[zoho-seed-upload] product SF2206HUMM → zoho_item_id=3529895000000370407
[zoho-seed-upload] product SH2303HAS → zoho_item_id=3529895000000371487
[zoho-seed-upload] product SK0312URM → zoho_item_id=3529895000000388451
[zoho-seed-upload] product SK2108AEC → zoho_item_id=3529895000000373343
[zoho-seed-upload] product SK2108AFC → zoho_item_id=3529895000000374343
[zoho-seed-upload] product SK2108BFS → zoho_item_id=3529895000000389433
[zoho-seed-upload] product SK2108BSFS → zoho_item_id=3529895000000375361
[zoho-seed-upload] product SK2108CSRS → zoho_item_id=3529895000000377253
[zoho-seed-upload] product SK2108FFS → zoho_item_id=3529895000000378316
[zoho-seed-upload] product SK2108GHS → zoho_item_id=3529895000000379352
[zoho-seed-upload] product SK2109AAFS → zoho_item_id=3529895000000394226
[zoho-seed-upload] product SK2109DRFS → zoho_item_id=3529895000000380316
[zoho-seed-upload] product SK2109HDNS → zoho_item_id=3529895000000391325
[zoho-seed-upload] product SK2109MBRG → zoho_item_id=3529895000000392370
[zoho-seed-upload] product SK2109MBRL → zoho_item_id=3529895000000381424
[zoho-seed-upload] product SK2109MBRS → zoho_item_id=3529895000000382361
[zoho-seed-upload] product SK2109NBLO → zoho_item_id=3529895000000398970
[zoho-seed-upload] product SK2109NBLS → zoho_item_id=3529895000000383352
[zoho-seed-upload] product SK2109NBRC → zoho_item_id=3529895000000384262
[zoho-seed-upload] product SK2109NBRG → zoho_item_id=3529895000000385406
[zoho-seed-upload] product SK2109NBRS → zoho_item_id=3529895000000386397
[zoho-seed-upload] product SK2109NMC → zoho_item_id=3529895000000368398
[zoho-seed-upload] product SK2109NSFC → zoho_item_id=3529895000000369371
[zoho-seed-upload] product SK2109NUFC → zoho_item_id=3529895000000371496
[zoho-seed-upload] product SK2109SDC → zoho_item_id=3529895000000393235
[zoho-seed-upload] product SK2109SPS → zoho_item_id=3529895000000373352
[zoho-seed-upload] product SK2109SUCG → zoho_item_id=3529895000000374352
[zoho-seed-upload] product SK2109URG → zoho_item_id=3529895000000375370
[zoho-seed-upload] product SK2110AGFM → zoho_item_id=3529895000000394235
[zoho-seed-upload] product SK2110FEFM → zoho_item_id=3529895000000380325
[zoho-seed-upload] product SK2110NLDS → zoho_item_id=3529895000000382370
[zoho-seed-upload] product SK2110NPFM → zoho_item_id=3529895000000383361
[zoho-seed-upload] product SK2110SFCN → zoho_item_id=3529895000000384271
[zoho-seed-upload] product SK2110SNFM → zoho_item_id=3529895000000385415
[zoho-seed-upload] product SK2111CFLC → zoho_item_id=3529895000000386406
[zoho-seed-upload] product SK2111CSNC → zoho_item_id=3529895000000368407
[zoho-seed-upload] product SK2111GABS → zoho_item_id=3529895000000370416
[zoho-seed-upload] product SK2111MDS → zoho_item_id=3529895000000387487
[zoho-seed-upload] product SK2111MMC → zoho_item_id=3529895000000371505
[zoho-seed-upload] product SK2111VCSM → zoho_item_id=3529895000000393244
[zoho-seed-upload] product SK2112ALS → zoho_item_id=3529895000000373361
[zoho-seed-upload] product SK2112ASFC → zoho_item_id=3529895000000389442
[zoho-seed-upload] product SK2112LMTIO2 → zoho_item_id=3529895000000375379
[zoho-seed-upload] product SK2112MRL → zoho_item_id=3529895000000376181
[zoho-seed-upload] product SK2112RHFBW → zoho_item_id=3529895000000377262
[zoho-seed-upload] product SK2201BSNC → zoho_item_id=3529895000000379361
[zoho-seed-upload] product SK2201HMDS → zoho_item_id=3529895000000394244
[zoho-seed-upload] product SK2201MAAS → zoho_item_id=3529895000000391334
[zoho-seed-upload] product SK2201MALC → zoho_item_id=3529895000000392379
[zoho-seed-upload] product SK2201MBFS → zoho_item_id=3529895000000381433
[zoho-seed-upload] product SK2201MBRC → zoho_item_id=3529895000000382379
[zoho-seed-upload] product SK2201MCSR → zoho_item_id=3529895000000383370
[zoho-seed-upload] product SK2201MDRS → zoho_item_id=3529895000000385424
[zoho-seed-upload] product SK2201MEFC → zoho_item_id=3529895000000386415
[zoho-seed-upload] product SK2201MSPS → zoho_item_id=3529895000000368416
[zoho-seed-upload] product SK2202AFCD → zoho_item_id=3529895000000369380
[zoho-seed-upload] product SK2202AFCN → zoho_item_id=3529895000000370425
[zoho-seed-upload] product SK2202ASFT → zoho_item_id=3529895000000371514
[zoho-seed-upload] product SK2202ATD → zoho_item_id=3529895000000393253
[zoho-seed-upload] product SK2202BDRC → zoho_item_id=3529895000000372344
[zoho-seed-upload] product SK2202BMOS → zoho_item_id=3529895000000373370
[zoho-seed-upload] product SK2202BSFT → zoho_item_id=3529895000000390316
[zoho-seed-upload] product SK2202CNC → zoho_item_id=3529895000000377271
[zoho-seed-upload] product SK2202DFCO → zoho_item_id=3529895000000379370
[zoho-seed-upload] product SK2202GFTD → zoho_item_id=3529895000000394253
[zoho-seed-upload] product SK2202HMFS → zoho_item_id=3529895000000392388
[zoho-seed-upload] product SK2202IMDRC → zoho_item_id=3529895000000382388
[zoho-seed-upload] product SK2202MRS → zoho_item_id=3529895000000398979
[zoho-seed-upload] product SK2202MSCC → zoho_item_id=3529895000000383379
[zoho-seed-upload] product SK2202MSFC → zoho_item_id=3529895000000368425
[zoho-seed-upload] product SK2202MUSC → zoho_item_id=3529895000000369389
[zoho-seed-upload] product SK2202OFM → zoho_item_id=3529895000000371523
[zoho-seed-upload] product SK2202PFCS → zoho_item_id=3529895000000388460
[zoho-seed-upload] product SK2202PFSD → zoho_item_id=3529895000000373379
[zoho-seed-upload] product SK2202RADS → zoho_item_id=3529895000000389451
[zoho-seed-upload] product SK2202RFSD → zoho_item_id=3529895000000376190
[zoho-seed-upload] product SK2202STADS → zoho_item_id=3529895000000378325
[zoho-seed-upload] product SK2202VOBS → zoho_item_id=3529895000000379379
[zoho-seed-upload] product SK2308SUCGT → zoho_item_id=3529895000000391343
[zoho-seed-upload] product SK2308SUCGT-EI → zoho_item_id=3529895000000383388
[zoho-seed-upload] product SK2309RSAGA → zoho_item_id=3529895000000385433
[zoho-seed-upload] product SK2309RSDA → zoho_item_id=3529895000000386424
[zoho-seed-upload] product SK2309RSOA → zoho_item_id=3529895000000368434
[zoho-seed-upload] product SN0201CM → zoho_item_id=3529895000000369398
[zoho-seed-upload] product SN0201RHS → zoho_item_id=3529895000000370434
[zoho-seed-upload] product SN2203LW → zoho_item_id=3529895000000387496
[zoho-seed-upload] product SN2203UPHM → zoho_item_id=3529895000000388469
[zoho-seed-upload] product SN2203YCS → zoho_item_id=3529895000000373388
[zoho-seed-upload] product SN2207GLYA → zoho_item_id=3529895000000374361
[zoho-seed-upload] product SN2207PSSP → zoho_item_id=3529895000000389460
[zoho-seed-upload] product SN2304GRFW → zoho_item_id=3529895000000375388
[zoho-seed-upload] product SN2305UPSS → zoho_item_id=3529895000000377280
[zoho-seed-upload] product SOS2312FHL → zoho_item_id=3529895000000378334
[zoho-seed-upload] product SOS2312HSS → zoho_item_id=3529895000000380334
[zoho-seed-upload] product SOS2312SPG → zoho_item_id=3529895000000392397
[zoho-seed-upload] product SQ2202MGB (N) → zoho_item_id=3529895000000382397
[zoho-seed-upload] product SQ2212ACMT → zoho_item_id=3529895000000385442
[zoho-seed-upload] product SQ2212BGST → zoho_item_id=3529895000000386433
[zoho-seed-upload] product SQ2212SPGT → zoho_item_id=3529895000000368443
[zoho-seed-upload] product SS2206AAFW → zoho_item_id=3529895000000369407
[zoho-seed-upload] product SS2206AAPS → zoho_item_id=3529895000000387505
[zoho-seed-upload] product SS2206AAT → zoho_item_id=3529895000000371532
[zoho-seed-upload] product SS2206ABP → zoho_item_id=3529895000000393262
[zoho-seed-upload] product SS2206HHCM → zoho_item_id=3529895000000372353
[zoho-seed-upload] product SS2208AFFS → zoho_item_id=3529895000000373397
[zoho-seed-upload] product SS2208BFW → zoho_item_id=3529895000000389469
[zoho-seed-upload] product SS2208BFWS → zoho_item_id=3529895000000376199
[zoho-seed-upload] product SS2208HGC → zoho_item_id=3529895000000377289
[zoho-seed-upload] product SS2208HGCS → zoho_item_id=3529895000000378343
[zoho-seed-upload] product SS2208HS → zoho_item_id=3529895000000394262
[zoho-seed-upload] product SS2208SS → zoho_item_id=3529895000000391352
[zoho-seed-upload] product SS2209ABPS → zoho_item_id=3529895000000392406
[zoho-seed-upload] product SS2209RNS → zoho_item_id=3529895000000381442
[zoho-seed-upload] product SS2210AGPS → zoho_item_id=3529895000000382406
[zoho-seed-upload] product SS2212HRC → zoho_item_id=3529895000000400188
[zoho-seed-upload] product SS2303ACFW → zoho_item_id=3529895000000384280
[zoho-seed-upload] product SS2303DSVM → zoho_item_id=3529895000000385451
[zoho-seed-upload] product SS2305HHCC → zoho_item_id=3529895000000369416
[zoho-seed-upload] product SV2305DND → zoho_item_id=3529895000000370443
[zoho-seed-upload] product SV2305ISBC → zoho_item_id=3529895000000388478
[zoho-seed-upload] product SV2305SSUC → zoho_item_id=3529895000000393271
[zoho-seed-upload] product SV2305SSUR → zoho_item_id=3529895000000372362
[zoho-seed-upload] product SV2305SUCS → zoho_item_id=3529895000000374370
[zoho-seed-upload] product SV2305SURS → zoho_item_id=3529895000000390325
[zoho-seed-upload] product TPR0003276 → zoho_item_id=3529895000000376208
[zoho-seed-upload] product TT2210INUC → zoho_item_id=3529895000000377298
[zoho-seed-upload] product TT2210SHRS → zoho_item_id=3529895000000378352
[zoho-seed-upload] product TT2212NRHC → zoho_item_id=3529895000000379388
[zoho-seed-upload] product TT2305KBFC → zoho_item_id=3529895000000394271
[zoho-seed-upload] product UR2208NBS → zoho_item_id=3529895000000380343
[zoho-seed-upload] product VB2206BFS → zoho_item_id=3529895000000381451
[zoho-seed-upload] product VB2206HMOM → zoho_item_id=3529895000000400397
[zoho-seed-upload] product VB2206MNM → zoho_item_id=3529895000000385460
[zoho-seed-upload] product VB2206RBS → zoho_item_id=3529895000000386442
[zoho-seed-upload] product VB2206SCFM → zoho_item_id=3529895000000368452
[zoho-seed-upload] product VB2206WRS → zoho_item_id=3529895000000370452
[zoho-seed-upload] RM 1000002 → zoho_id=3529895000000371541
[zoho-seed-upload] RM 1000003 → zoho_id=3529895000000372371
[zoho-seed-upload] RM 1000005 → zoho_id=3529895000000389478
[zoho-seed-upload] RM 1000006 → zoho_id=3529895000000375397
[zoho-seed-upload] RM 1000007 → zoho_id=3529895000000377307
[zoho-seed-upload] RM 1000008 → zoho_id=3529895000000378361
[zoho-seed-upload] RM 1000009 → zoho_id=3529895000000379397
[zoho-seed-upload] RM 1000011 → zoho_id=3529895000000382415
[zoho-seed-upload] RM 1000012 → zoho_id=3529895000000400406
[zoho-seed-upload] RM 1000013 → zoho_id=3529895000000368461
[zoho-seed-upload] RM 1000014 → zoho_id=3529895000000369425
[zoho-seed-upload] RM 1000015 → zoho_id=3529895000000370461
[zoho-seed-upload] RM 1000016 → zoho_id=3529895000000371550
[zoho-seed-upload] RM 1000017 → zoho_id=3529895000000372380
[zoho-seed-upload] RM 1000018 → zoho_id=3529895000000373406
[zoho-seed-upload] RM 1000019 → zoho_id=3529895000000374379
[zoho-seed-upload] RM 1000020 → zoho_id=3529895000000375406
[zoho-seed-upload] RM 1000021 → zoho_id=3529895000000376217
[zoho-seed-upload] RM 1000022 → zoho_id=3529895000000377316
[zoho-seed-upload] RM 1000023 → zoho_id=3529895000000378370
[zoho-seed-upload] RM 1000024 → zoho_id=3529895000000379406
[zoho-seed-upload] RM 1000025 → zoho_id=3529895000000380352
[zoho-seed-upload] RM 1000027 → zoho_id=3529895000000382424
[zoho-seed-upload] RM 1000028 → zoho_id=3529895000000383397
[zoho-seed-upload] RM 1000030 → zoho_id=3529895000000384289
[zoho-seed-upload] RM 1000033 → zoho_id=3529895000000385469
[zoho-seed-upload] RM 1000034 → zoho_id=3529895000000370470
[zoho-seed-upload] RM 1000035 → zoho_id=3529895000000387514
[zoho-seed-upload] RM 1000036 → zoho_id=3529895000000388487
[zoho-seed-upload] RM 1000040 → zoho_id=3529895000000393280
[zoho-seed-upload] RM 1000042 → zoho_id=3529895000000372389
[zoho-seed-upload] RM 1000043 → zoho_id=3529895000000374388
[zoho-seed-upload] RM 1000044 → zoho_id=3529895000000375415
[zoho-seed-upload] RM 1000045 → zoho_id=3529895000000376226
[zoho-seed-upload] RM 1000046 → zoho_id=3529895000000377325
[zoho-seed-upload] RM 1000047 → zoho_id=3529895000000379415
[zoho-seed-upload] RM 1000048 → zoho_id=3529895000000391361
[zoho-seed-upload] RM 1000049 → zoho_id=3529895000000381460
[zoho-seed-upload] RM 1000050 → zoho_id=3529895000000400415
[zoho-seed-upload] RM 1000051 → zoho_id=3529895000000384298
[zoho-seed-upload] RM 1000053 → zoho_id=3529895000000386451
[zoho-seed-upload] RM 1000054 → zoho_id=3529895000000368470
[zoho-seed-upload] RM 1000055 → zoho_id=3529895000000369434
[zoho-seed-upload] RM 1000056 → zoho_id=3529895000000370479
[zoho-seed-upload] RM 1000057 → zoho_id=3529895000000371559
[zoho-seed-upload] RM 1000058 → zoho_id=3529895000000373415
[zoho-seed-upload] RM 1000061 → zoho_id=3529895000000389487
[zoho-seed-upload] RM 1000062 → zoho_id=3529895000000377334
[zoho-seed-upload] RM 1000063 → zoho_id=3529895000000378379
[zoho-seed-upload] RM 1000067 → zoho_id=3529895000000394280
[zoho-seed-upload] RM 1000068 → zoho_id=3529895000000392415
[zoho-seed-upload] RM 1000069 → zoho_id=3529895000000381469
[zoho-seed-upload] RM 1000070 → zoho_id=3529895000000382433
[zoho-seed-upload] RM 1000072 → zoho_id=3529895000000400424
[zoho-seed-upload] RM 1000073 → zoho_id=3529895000000384307
[zoho-seed-upload] RM 1000074 → zoho_id=3529895000000385478
[zoho-seed-upload] RM 1000075 → zoho_id=3529895000000386460
[zoho-seed-upload] RM 1000076 → zoho_id=3529895000000368479
[zoho-seed-upload] RM 1000077 → zoho_id=3529895000000370488
[zoho-seed-upload] RM 1000079 → zoho_id=3529895000000387523
[zoho-seed-upload] RM 1000080 → zoho_id=3529895000000371568
[zoho-seed-upload] RM 1000082 → zoho_id=3529895000000393289
[zoho-seed-upload] RM 1000083 → zoho_id=3529895000000373424
[zoho-seed-upload] RM 1000084 → zoho_id=3529895000000389496
[zoho-seed-upload] RM 1000085 → zoho_id=3529895000000375424
[zoho-seed-upload] RM 1000087 → zoho_id=3529895000000378388
[zoho-seed-upload] RM 1000089 → zoho_id=3529895000000379424
[zoho-seed-upload] RM 1000090 → zoho_id=3529895000000392424
[zoho-seed-upload] RM 1000092 → zoho_id=3529895000000381478
[zoho-seed-upload] RM 1000093 → zoho_id=3529895000000382442
[zoho-seed-upload] RM 1000094 → zoho_id=3529895000000400433
[zoho-seed-upload] RM 1000096 → zoho_id=3529895000000385487
[zoho-seed-upload] RM 1000097 → zoho_id=3529895000000386469
[zoho-seed-upload] RM 1000098 → zoho_id=3529895000000369443
[zoho-seed-upload] RM 1000100 → zoho_id=3529895000000388496
[zoho-seed-upload] RM 1000101 → zoho_id=3529895000000372398
[zoho-seed-upload] RM 1000102 → zoho_id=3529895000000373433
[zoho-seed-upload] RM 1000103 → zoho_id=3529895000000389505
[zoho-seed-upload] RM 1000105 → zoho_id=3529895000000375433
[zoho-seed-upload] RM 1000106 → zoho_id=3529895000000390334
[zoho-seed-upload] RM 1000107 → zoho_id=3529895000000379433
[zoho-seed-upload] RM 1000109 → zoho_id=3529895000000394289
[zoho-seed-upload] RM 1000110 → zoho_id=3529895000000392433
[zoho-seed-upload] RM 1000111 → zoho_id=3529895000000382451
[zoho-seed-upload] RM 1000112 → zoho_id=3529895000000384316
[zoho-seed-upload] RM 1000113 → zoho_id=3529895000000386478
[zoho-seed-upload] RM 1000115 → zoho_id=3529895000000368488
[zoho-seed-upload] RM 1000116 → zoho_id=3529895000000369452
[zoho-seed-upload] RM 1000121 → zoho_id=3529895000000388505
[zoho-seed-upload] RM 1000122 → zoho_id=3529895000000393298
[zoho-seed-upload] RM 1000126 → zoho_id=3529895000000373442
[zoho-seed-upload] RM 1000127 → zoho_id=3529895000000389514
[zoho-seed-upload] RM 1000128 → zoho_id=3529895000000390343
[zoho-seed-upload] RM 1000129 → zoho_id=3529895000000392442
[zoho-seed-upload] RM 1000131 → zoho_id=3529895000000381487
[zoho-seed-upload] RM 1000132 → zoho_id=3529895000000401842
[zoho-seed-upload] RM 1000135 → zoho_id=3529895000000383406
[zoho-seed-upload] RM 1000136 → zoho_id=3529895000000384325
[zoho-seed-upload] RM 1000137 → zoho_id=3529895000000385496
[zoho-seed-upload] RM 1000138 → zoho_id=3529895000000386487
[zoho-seed-upload] RM 1000139 → zoho_id=3529895000000368497
[zoho-seed-upload] RM 1000140 → zoho_id=3529895000000369461
[zoho-seed-upload] RM 1000147 → zoho_id=3529895000000370497
[zoho-seed-upload] RM 1000150 → zoho_id=3529895000000371577
[zoho-seed-upload] RM 1000151 → zoho_id=3529895000000388514
[zoho-seed-upload] RM 1000153 → zoho_id=3529895000000372407
[zoho-seed-upload] RM 1000154 → zoho_id=3529895000000373451
[zoho-seed-upload] RM 1000155 → zoho_id=3529895000000375442
[zoho-seed-upload] RM 1000156 → zoho_id=3529895000000377343
[zoho-seed-upload] RM 1000157 → zoho_id=3529895000000394298
[zoho-seed-upload] RM 1000158 → zoho_id=3529895000000380361
[zoho-seed-upload] RM 1000159 → zoho_id=3529895000000391370
[zoho-seed-upload] RM 1000160 → zoho_id=3529895000000392451
[zoho-seed-upload] RM 1000161 → zoho_id=3529895000000382460
[zoho-seed-upload] RM 1000163 → zoho_id=3529895000000401851
[zoho-seed-upload] RM 1000164 → zoho_id=3529895000000383415
[zoho-seed-upload] RM 1000165 → zoho_id=3529895000000384334
[zoho-seed-upload] RM 1000166 → zoho_id=3529895000000385505
[zoho-seed-upload] RM 1000168 → zoho_id=3529895000000368506
[zoho-seed-upload] RM 1000169 → zoho_id=3529895000000370506
[zoho-seed-upload] RM 1000170 → zoho_id=3529895000000371586
[zoho-seed-upload] RM 1000171 → zoho_id=3529895000000388523
[zoho-seed-upload] RM 1000172 → zoho_id=3529895000000372416
[zoho-seed-upload] RM 1000173 → zoho_id=3529895000000374397
[zoho-seed-upload] RM 1000178 → zoho_id=3529895000000389523
[zoho-seed-upload] RM 1000179 → zoho_id=3529895000000375451
[zoho-seed-upload] RM 1000180 → zoho_id=3529895000000377352
[zoho-seed-upload] RM 1000181 → zoho_id=3529895000000378397
[zoho-seed-upload] RM 1000182 → zoho_id=3529895000000379442
[zoho-seed-upload] RM 1000183 → zoho_id=3529895000000394307
[zoho-seed-upload] RM 1000184 → zoho_id=3529895000000391379
[zoho-seed-upload] RM 1000185 → zoho_id=3529895000000381496
[zoho-seed-upload] RM 1000187 → zoho_id=3529895000000383424
[zoho-seed-upload] RM 1000188 → zoho_id=3529895000000384343
[zoho-seed-upload] RM 1000189 → zoho_id=3529895000000385514
[zoho-seed-upload] RM 1000190 → zoho_id=3529895000000369470
[zoho-seed-upload] RM 1000191 → zoho_id=3529895000000387532
[zoho-seed-upload] RM 1000192 → zoho_id=3529895000000388532
[zoho-seed-upload] RM 1000193 → zoho_id=3529895000000372425
[zoho-seed-upload] RM 1000194 → zoho_id=3529895000000373460
[zoho-seed-upload] RM 1000195 → zoho_id=3529895000000374406
[zoho-seed-upload] RM 1000196 → zoho_id=3529895000000390352
[zoho-seed-upload] RM 1000197 → zoho_id=3529895000000378406
[zoho-seed-upload] RM 1000198 → zoho_id=3529895000000379451
[zoho-seed-upload] RM 1000199 → zoho_id=3529895000000380370
[zoho-seed-upload] RM 1000200 → zoho_id=3529895000000391388
[zoho-seed-upload] RM 1000201 → zoho_id=3529895000000381505
[zoho-seed-upload] RM 1000202 → zoho_id=3529895000000382469
[zoho-seed-upload] RM 1000205 → zoho_id=3529895000000383433
[zoho-seed-upload] RM 1000206 → zoho_id=3529895000000369479
[zoho-seed-upload] RM 1000207 → zoho_id=3529895000000370515
[zoho-seed-upload] RM 1000208 → zoho_id=3529895000000387541
[zoho-seed-upload] RM 1000209 → zoho_id=3529895000000388541
[zoho-seed-upload] RM 1000210 → zoho_id=3529895000000393307
[zoho-seed-upload] RM 1000211 → zoho_id=3529895000000372434
[zoho-seed-upload] RM 1000212 → zoho_id=3529895000000373469
[zoho-seed-upload] RM 1000213 → zoho_id=3529895000000375460
[zoho-seed-upload] RM 1000214 → zoho_id=3529895000000376235
[zoho-seed-upload] RM 1000216 → zoho_id=3529895000000377361
[zoho-seed-upload] RM 1000217 → zoho_id=3529895000000378415
[zoho-seed-upload] RM 1000218 → zoho_id=3529895000000379460
[zoho-seed-upload] RM 1000219 → zoho_id=3529895000000392460
[zoho-seed-upload] RM 1000220 → zoho_id=3529895000000381514
[zoho-seed-upload] RM 1000223 → zoho_id=3529895000000382478
[zoho-seed-upload] RM 1000225 → zoho_id=3529895000000383442
[zoho-seed-upload] RM 1000226 → zoho_id=3529895000000384352
[zoho-seed-upload] RM 1000227 → zoho_id=3529895000000385523
[zoho-seed-upload] RM 1000228 → zoho_id=3529895000000368515
[zoho-seed-upload] RM 1000229 → zoho_id=3529895000000387550
[zoho-seed-upload] RM 1000230 → zoho_id=3529895000000388550
[zoho-seed-upload] RM 1000231 → zoho_id=3529895000000373478
[zoho-seed-upload] RM 1000232 → zoho_id=3529895000000389532
[zoho-seed-upload] RM 1000233 → zoho_id=3529895000000375469
[zoho-seed-upload] RM 1000234 → zoho_id=3529895000000390361
[zoho-seed-upload] RM 1000236 → zoho_id=3529895000000394316
[zoho-seed-upload] RM 1000237 → zoho_id=3529895000000391397
[zoho-seed-upload] RM 1000238 → zoho_id=3529895000000382487
[zoho-seed-upload] RM 1000240 → zoho_id=3529895000000403260
[zoho-seed-upload] RM 1000242 → zoho_id=3529895000000384361
[zoho-seed-upload] RM 1000243 → zoho_id=3529895000000368524
[zoho-seed-upload] RM 1000244 → zoho_id=3529895000000370524
[zoho-seed-upload] RM 1000247 → zoho_id=3529895000000387559
[zoho-seed-upload] RM 1000248 → zoho_id=3529895000000371595
[zoho-seed-upload] RM 1000249 → zoho_id=3529895000000388559
[zoho-seed-upload] RM 1000250 → zoho_id=3529895000000393316
[zoho-seed-upload] RM 1000251 → zoho_id=3529895000000389541
[zoho-seed-upload] RM 1000253 → zoho_id=3529895000000375478
[zoho-seed-upload] RM 1000254 → zoho_id=3529895000000390370
[zoho-seed-upload] RM 1000255 → zoho_id=3529895000000379469
[zoho-seed-upload] RM 1000256 → zoho_id=3529895000000394325
[zoho-seed-upload] RM 1000257 → zoho_id=3529895000000381523
[zoho-seed-upload] RM 1000258 → zoho_id=3529895000000382496
[zoho-seed-upload] RM 1000260 → zoho_id=3529895000000404595
[zoho-seed-upload] RM 1000261 → zoho_id=3529895000000384370
[zoho-seed-upload] RM 1000262 → zoho_id=3529895000000385532
[zoho-seed-upload] RM 1000264 → zoho_id=3529895000000386496
[zoho-seed-upload] RM 1000265 → zoho_id=3529895000000368533
[zoho-seed-upload] RM 1000267 → zoho_id=3529895000000369488
[zoho-seed-upload] RM 1000268 → zoho_id=3529895000000387568
[zoho-seed-upload] RM 1000269 → zoho_id=3529895000000393325
[zoho-seed-upload] RM 1000272 → zoho_id=3529895000000372443
[zoho-seed-upload] RM 1000273 → zoho_id=3529895000000373487
[zoho-seed-upload] RM 1000274 → zoho_id=3529895000000374415
[zoho-seed-upload] RM 1000275 → zoho_id=3529895000000389550
[zoho-seed-upload] RM 1000276 → zoho_id=3529895000000375487
[zoho-seed-upload] RM 1000277 → zoho_id=3529895000000390379
[zoho-seed-upload] RM 1000280 → zoho_id=3529895000000379478
[zoho-seed-upload] RM 1000283 → zoho_id=3529895000000380379
[zoho-seed-upload] RM 1000284 → zoho_id=3529895000000392469
[zoho-seed-upload] RM 1000289 → zoho_id=3529895000000381532
[zoho-seed-upload] RM 1000290 → zoho_id=3529895000000382505
[zoho-seed-upload] RM 1000292 → zoho_id=3529895000000404678
[zoho-seed-upload] RM 1000295 → zoho_id=3529895000000383451
[zoho-seed-upload] RM 1000296 → zoho_id=3529895000000385541
[zoho-seed-upload] RM 1000298 → zoho_id=3529895000000386505
[zoho-seed-upload] RM 1000300 → zoho_id=3529895000000368542
[zoho-seed-upload] RM 1000301 → zoho_id=3529895000000369497
[zoho-seed-upload] RM 1000302 → zoho_id=3529895000000370533
[zoho-seed-upload] RM 1000303 → zoho_id=3529895000000371604
[zoho-seed-upload] RM 1000304 → zoho_id=3529895000000373496
[zoho-seed-upload] RM 1000305 → zoho_id=3529895000000374424
[zoho-seed-upload] RM 1000307 → zoho_id=3529895000000389559
[zoho-seed-upload] RM 1000308 → zoho_id=3529895000000375496
[zoho-seed-upload] RM 1000309 → zoho_id=3529895000000376244
[zoho-seed-upload] RM 1000310 → zoho_id=3529895000000379487
[zoho-seed-upload] RM 1000312 → zoho_id=3529895000000394334
[zoho-seed-upload] RM 1000313 → zoho_id=3529895000000380388
[zoho-seed-upload] RM 1000314 → zoho_id=3529895000000391406
[zoho-seed-upload] RM 1000315 → zoho_id=3529895000000392478
[zoho-seed-upload] RM 1000316 → zoho_id=3529895000000404687
[zoho-seed-upload] RM 1000317 → zoho_id=3529895000000383460
[zoho-seed-upload] RM 1000318 → zoho_id=3529895000000384379
[zoho-seed-upload] RM 1000319 → zoho_id=3529895000000385550
[zoho-seed-upload] RM 1000320 → zoho_id=3529895000000386514
[zoho-seed-upload] RM 1000324 → zoho_id=3529895000000368551
[zoho-seed-upload] RM 1000326 → zoho_id=3529895000000369506
[zoho-seed-upload] RM 1000328 → zoho_id=3529895000000370542
[zoho-seed-upload] RM 1000330 → zoho_id=3529895000000387577
[zoho-seed-upload] RM 1000331 → zoho_id=3529895000000371613
[zoho-seed-upload] RM 1000332 → zoho_id=3529895000000388568
[zoho-seed-upload] RM 1000333 → zoho_id=3529895000000393334
[zoho-seed-upload] RM 1000334 → zoho_id=3529895000000373505
[zoho-seed-upload] RM 1000336 → zoho_id=3529895000000389568
[zoho-seed-upload] RM 1000337 → zoho_id=3529895000000375505
[zoho-seed-upload] RM 1000338 → zoho_id=3529895000000376253
[zoho-seed-upload] RM 1000340 → zoho_id=3529895000000377370
[zoho-seed-upload] RM 1000342 → zoho_id=3529895000000379496
[zoho-seed-upload] RM 1000343 → zoho_id=3529895000000391415
[zoho-seed-upload] RM 1000344 → zoho_id=3529895000000381541
[zoho-seed-upload] RM 1000345 → zoho_id=3529895000000404696
[zoho-seed-upload] RM 1000347 → zoho_id=3529895000000383469
[zoho-seed-upload] RM 1000348 → zoho_id=3529895000000368560
[zoho-seed-upload] RM 1000349 → zoho_id=3529895000000370551
[zoho-seed-upload] RM 1000350 → zoho_id=3529895000000371622
[zoho-seed-upload] RM 1000351 → zoho_id=3529895000000372452
[zoho-seed-upload] RM 1000352 → zoho_id=3529895000000389577
[zoho-seed-upload] RM 1000353 → zoho_id=3529895000000375514
[zoho-seed-upload] RM 1000354 → zoho_id=3529895000000390388
[zoho-seed-upload] RM 1000355 → zoho_id=3529895000000394343
[zoho-seed-upload] RM 1000356 → zoho_id=3529895000000391424
[zoho-seed-upload] RM 1000357 → zoho_id=3529895000000392487
[zoho-seed-upload] RM 1000358 → zoho_id=3529895000000382514
[zoho-seed-upload] RM 1000360 → zoho_id=3529895000000404705
[zoho-seed-upload] RM 1000361 → zoho_id=3529895000000384388
[zoho-seed-upload] RM 1000364 → zoho_id=3529895000000386523
[zoho-seed-upload] RM 1000365 → zoho_id=3529895000000368569
[zoho-seed-upload] RM 1000366 → zoho_id=3529895000000370560
[zoho-seed-upload] RM 1000367 → zoho_id=3529895000000387586
[zoho-seed-upload] RM 1000369 → zoho_id=3529895000000371631
[zoho-seed-upload] RM 1000372 → zoho_id=3529895000000388577
[zoho-seed-upload] RM 1000373 → zoho_id=3529895000000393343
[zoho-seed-upload] RM 1000375 → zoho_id=3529895000000373514
[zoho-seed-upload] RM 1000376 → zoho_id=3529895000000389586
[zoho-seed-upload] RM 1000377 → zoho_id=3529895000000376262
[zoho-seed-upload] RM 1000378 → zoho_id=3529895000000377379
[zoho-seed-upload] RM 1000379 → zoho_id=3529895000000378424
[zoho-seed-upload] RM 1000380 → zoho_id=3529895000000379505
[zoho-seed-upload] RM 1000381 → zoho_id=3529895000000380397
[zoho-seed-upload] RM 1000382 → zoho_id=3529895000000391433
[zoho-seed-upload] RM 1000383 → zoho_id=3529895000000392496
[zoho-seed-upload] RM 1000384 → zoho_id=3529895000000381550
[zoho-seed-upload] RM 1000385 → zoho_id=3529895000000382523
[zoho-seed-upload] RM 1000386 → zoho_id=3529895000000404714
[zoho-seed-upload] RM 1000387 → zoho_id=3529895000000383478
[zoho-seed-upload] RM 1000388 → zoho_id=3529895000000385559
[zoho-seed-upload] RM 1000389 → zoho_id=3529895000000386532
[zoho-seed-upload] RM 1000390 → zoho_id=3529895000000369515
[zoho-seed-upload] RM 1000391 → zoho_id=3529895000000370569
[zoho-seed-upload] RM 1000392 → zoho_id=3529895000000387595
[zoho-seed-upload] RM 1000393 → zoho_id=3529895000000371640
[zoho-seed-upload] RM 1000394 → zoho_id=3529895000000393352
[zoho-seed-upload] RM 1000395 → zoho_id=3529895000000390397
[zoho-seed-upload] RM 1000396 → zoho_id=3529895000000381559
[zoho-seed-upload] RM 1000397 → zoho_id=3529895000000383487
[zoho-seed-upload] RM 1000398 → zoho_id=3529895000000384397
[zoho-seed-upload] RM 1000399 → zoho_id=3529895000000385568
[zoho-seed-upload] RM 1000400 → zoho_id=3529895000000386541
[zoho-seed-upload] RM 1000401 → zoho_id=3529895000000369524
[zoho-seed-upload] RM 1000402 → zoho_id=3529895000000387604
[zoho-seed-upload] RM 1000403 → zoho_id=3529895000000388586
[zoho-seed-upload] RM 1000404 → zoho_id=3529895000000372461
[zoho-seed-upload] RM 1000405 → zoho_id=3529895000000373523
[zoho-seed-upload] RM 1000406 → zoho_id=3529895000000374433
[zoho-seed-upload] RM 1000407 → zoho_id=3529895000000389595
[zoho-seed-upload] RM 1000408 → zoho_id=3529895000000390406
[zoho-seed-upload] RM 1000409 → zoho_id=3529895000000377388
[zoho-seed-upload] RM 1000410 → zoho_id=3529895000000378433
[zoho-seed-upload] RM 1000411 → zoho_id=3529895000000394352
[zoho-seed-upload] RM 1000412 → zoho_id=3529895000000380406
[zoho-seed-upload] RM 1000414 → zoho_id=3529895000000381568
[zoho-seed-upload] RM 1000415 → zoho_id=3529895000000383496
[zoho-seed-upload] RM 1000416 → zoho_id=3529895000000384406
[zoho-seed-upload] RM 1000417 → zoho_id=3529895000000385577
[zoho-seed-upload] RM 1000418 → zoho_id=3529895000000386550
[zoho-seed-upload] RM 1000419 → zoho_id=3529895000000369533
[zoho-seed-upload] RM 1000420 → zoho_id=3529895000000387613
[zoho-seed-upload] RM 1000422 → zoho_id=3529895000000371649
[zoho-seed-upload] RM 1000425 → zoho_id=3529895000000388595
[zoho-seed-upload] RM 1000426 → zoho_id=3529895000000372470
[zoho-seed-upload] RM 1000427 → zoho_id=3529895000000373532
[zoho-seed-upload] RM 1000428 → zoho_id=3529895000000374442
[zoho-seed-upload] RM 1000429 → zoho_id=3529895000000375523
[zoho-seed-upload] RM 1000431 → zoho_id=3529895000000378442
[zoho-seed-upload] RM 1000432 → zoho_id=3529895000000394361
[zoho-seed-upload] RM 1000433 → zoho_id=3529895000000391442
[zoho-seed-upload] RM 1000434 → zoho_id=3529895000000392505
[zoho-seed-upload] RM 1000435 → zoho_id=3529895000000382532
[zoho-seed-upload] RM 1000436 → zoho_id=3529895000000383505
[zoho-seed-upload] RM 1000437 → zoho_id=3529895000000384415
[zoho-seed-upload] RM 1000438 → zoho_id=3529895000000385586
[zoho-seed-upload] RM 1000439 → zoho_id=3529895000000369542
[zoho-seed-upload] RM 1000440 → zoho_id=3529895000000370578
[zoho-seed-upload] RM 1000441 → zoho_id=3529895000000387622
[zoho-seed-upload] RM 1000442 → zoho_id=3529895000000371658
[zoho-seed-upload] RM 1000443 → zoho_id=3529895000000388604
[zoho-seed-upload] RM 1000444 → zoho_id=3529895000000372479
[zoho-seed-upload] RM 1000445 → zoho_id=3529895000000389604
[zoho-seed-upload] RM 1000446 → zoho_id=3529895000000377397
[zoho-seed-upload] RM 1000447 → zoho_id=3529895000000378451
[zoho-seed-upload] RM 1000448 → zoho_id=3529895000000394370
[zoho-seed-upload] RM 1000451 → zoho_id=3529895000000380415
[zoho-seed-upload] RM 1000452 → zoho_id=3529895000000404723
[zoho-seed-upload] RM 1000453 → zoho_id=3529895000000384424
[zoho-seed-upload] RM 1000454 → zoho_id=3529895000000386559
[zoho-seed-upload] RM 1000455 → zoho_id=3529895000000368578
[zoho-seed-upload] RM 1000456 → zoho_id=3529895000000369551
[zoho-seed-upload] RM 1000458 → zoho_id=3529895000000370587
[zoho-seed-upload] RM 1000459 → zoho_id=3529895000000387631
[zoho-seed-upload] RM 1000460 → zoho_id=3529895000000371667
[zoho-seed-upload] RM 1000461 → zoho_id=3529895000000388613
[zoho-seed-upload] RM 1000462 → zoho_id=3529895000000372488
[zoho-seed-upload] RM 1000463 → zoho_id=3529895000000373541
[zoho-seed-upload] RM 1000464 → zoho_id=3529895000000389613
[zoho-seed-upload] RM 1000465 → zoho_id=3529895000000390415
[zoho-seed-upload] RM 1000466 → zoho_id=3529895000000377406
[zoho-seed-upload] RM 1000470 → zoho_id=3529895000000379514
[zoho-seed-upload] RM 1000471 → zoho_id=3529895000000380424
[zoho-seed-upload] RM 1000472 → zoho_id=3529895000000391451
[zoho-seed-upload] RM 1000473 → zoho_id=3529895000000392514
[zoho-seed-upload] RM 1000474 → zoho_id=3529895000000381577
[zoho-seed-upload] RM 1000475 → zoho_id=3529895000000382541
[zoho-seed-upload] RM 1000477 → zoho_id=3529895000000404732
[zoho-seed-upload] RM 1000478 → zoho_id=3529895000000383514
[zoho-seed-upload] RM 1000479 → zoho_id=3529895000000384433
[zoho-seed-upload] RM 1000482 → zoho_id=3529895000000368587
[zoho-seed-upload] RM 1000483 → zoho_id=3529895000000369560
[zoho-seed-upload] RM 1000484 → zoho_id=3529895000000370596
[zoho-seed-upload] RM 1000485 → zoho_id=3529895000000371676
[zoho-seed-upload] RM 1000486 → zoho_id=3529895000000388622
[zoho-seed-upload] RM 1000487 → zoho_id=3529895000000372497
[zoho-seed-upload] RM 1000488 → zoho_id=3529895000000373550
[zoho-seed-upload] RM 1000489 → zoho_id=3529895000000374451
[zoho-seed-upload] RM 1000490 → zoho_id=3529895000000390424
[zoho-seed-upload] RM 1000491 → zoho_id=3529895000000377415
[zoho-seed-upload] RM 1000493 → zoho_id=3529895000000379523
[zoho-seed-upload] RM 1000494 → zoho_id=3529895000000392523
[zoho-seed-upload] RM 1000496 → zoho_id=3529895000000381586
[zoho-seed-upload] RM 1000497 → zoho_id=3529895000000382550
[zoho-seed-upload] RM 1000498 → zoho_id=3529895000000383523
[zoho-seed-upload] RM 1000499 → zoho_id=3529895000000385595
[zoho-seed-upload] RM 1000500 → zoho_id=3529895000000386568
[zoho-seed-upload] RM 1000501 → zoho_id=3529895000000370605
[zoho-seed-upload] RM 1000505 → zoho_id=3529895000000371685
[zoho-seed-upload] RM 1000507 → zoho_id=3529895000000388631
[zoho-seed-upload] RM 1000509 → zoho_id=3529895000000393361
[zoho-seed-upload] RM 1000510 → zoho_id=3529895000000373559
[zoho-seed-upload] RM 1000511 → zoho_id=3529895000000374460
[zoho-seed-upload] RM 1000512 → zoho_id=3529895000000375532
[zoho-seed-upload] RM 1000514 → zoho_id=3529895000000377424
[zoho-seed-upload] RM 1000516 → zoho_id=3529895000000378460
[zoho-seed-upload] RM 1000517 → zoho_id=3529895000000379532
[zoho-seed-upload] RM 1000518 → zoho_id=3529895000000391460
[zoho-seed-upload] RM 1000519 → zoho_id=3529895000000382559
[zoho-seed-upload] RM 1000520 → zoho_id=3529895000000404741
[zoho-seed-upload] RM 1000522 → zoho_id=3529895000000384442
[zoho-seed-upload] RM 1000524 → zoho_id=3529895000000368596
[zoho-seed-upload] RM 1000525 → zoho_id=3529895000000369569
[zoho-seed-upload] RM 1000527 → zoho_id=3529895000000387640
[zoho-seed-upload] RM 1000529 → zoho_id=3529895000000371694
[zoho-seed-upload] RM 1000530 → zoho_id=3529895000000393370
[zoho-seed-upload] RM 1000531 → zoho_id=3529895000000372506
[zoho-seed-upload] RM 1000532 → zoho_id=3529895000000373568
[zoho-seed-upload] RM 1000533 → zoho_id=3529895000000389622
[zoho-seed-upload] RM 1000535 → zoho_id=3529895000000375541
[zoho-seed-upload] RM 1000536 → zoho_id=3529895000000376271
[zoho-seed-upload] RM 1000538 → zoho_id=3529895000000378469
[zoho-seed-upload] RM 1000541 → zoho_id=3529895000000379541
[zoho-seed-upload] RM 1000542 → zoho_id=3529895000000391469
[zoho-seed-upload] RM 1000546 → zoho_id=3529895000000381595
[zoho-seed-upload] RM 1000547 → zoho_id=3529895000000383532
[zoho-seed-upload] RM 1000548 → zoho_id=3529895000000386577
[zoho-seed-upload] RM 1000551 → zoho_id=3529895000000368605
[zoho-seed-upload] RM 1000552 → zoho_id=3529895000000369578
[zoho-seed-upload] RM 1000553 → zoho_id=3529895000000370614
[zoho-seed-upload] RM 1000554 → zoho_id=3529895000000387649
[zoho-seed-upload] RM 1000555 → zoho_id=3529895000000371703
[zoho-seed-upload] RM 1000557 → zoho_id=3529895000000393379
[zoho-seed-upload] RM 1000558 → zoho_id=3529895000000372515
[zoho-seed-upload] RM 1000559 → zoho_id=3529895000000373577
[zoho-seed-upload] RM 1000560 → zoho_id=3529895000000374469
[zoho-seed-upload] RM 1000561 → zoho_id=3529895000000375550
[zoho-seed-upload] RM 1000562 → zoho_id=3529895000000394379
[zoho-seed-upload] RM 1000564 → zoho_id=3529895000000391478
[zoho-seed-upload] RM 1000566 → zoho_id=3529895000000392532
[zoho-seed-upload] RM 1000568 → zoho_id=3529895000000382568
[zoho-seed-upload] RM 1000569 → zoho_id=3529895000000383541
[zoho-seed-upload] RM 1000572 → zoho_id=3529895000000384451
[zoho-seed-upload] RM 1000573 → zoho_id=3529895000000385604
[zoho-seed-upload] RM 1000578 → zoho_id=3529895000000386586
[zoho-seed-upload] RM 1000579 → zoho_id=3529895000000368614
[zoho-seed-upload] RM 1000580 → zoho_id=3529895000000370623
[zoho-seed-upload] RM 1000581 → zoho_id=3529895000000387658
[zoho-seed-upload] RM 1000582 → zoho_id=3529895000000388640
[zoho-seed-upload] RM 1000584 → zoho_id=3529895000000393388
[zoho-seed-upload] RM 1000585 → zoho_id=3529895000000374478
[zoho-seed-upload] RM 1000586 → zoho_id=3529895000000375559
[zoho-seed-upload] RM 1000587 → zoho_id=3529895000000380433
[zoho-seed-upload] RM 1000593 → zoho_id=3529895000000392541
[zoho-seed-upload] RM 1000594 → zoho_id=3529895000000382577
[zoho-seed-upload] RM 1000595 → zoho_id=3529895000000404750
[zoho-seed-upload] RM 1000602 → zoho_id=3529895000000383550
[zoho-seed-upload] RM 1000610 → zoho_id=3529895000000387667
[zoho-seed-upload] RM 1000612 → zoho_id=3529895000000388649
[zoho-seed-upload] RM 1000613 → zoho_id=3529895000000394388
[zoho-seed-upload] RM 1000615 → zoho_id=3529895000000392550
[zoho-seed-upload] RM 1000616 → zoho_id=3529895000000382586
[zoho-seed-upload] RM 1000617 → zoho_id=3529895000000404759
[zoho-seed-upload] RM 1000619 → zoho_id=3529895000000385613
[zoho-seed-upload] RM 1000633 → zoho_id=3529895000000368623
[zoho-seed-upload] RM 1000639 → zoho_id=3529895000000370632
[zoho-seed-upload] RM 1000641 → zoho_id=3529895000000388658
[zoho-seed-upload] RM 1000642 → zoho_id=3529895000000372524
[zoho-seed-upload] RM 1000661 → zoho_id=3529895000000373586
[zoho-seed-upload] RM 1000665 → zoho_id=3529895000000374487
[zoho-seed-upload] RM 1000666 → zoho_id=3529895000000375568
[zoho-seed-upload] RM 1000671 → zoho_id=3529895000000376280
[zoho-seed-upload] RM 1000672 → zoho_id=3529895000000378478
[zoho-seed-upload] RM 1000679 → zoho_id=3529895000000380442
[zoho-seed-upload] RM 1000683 → zoho_id=3529895000000392559
[zoho-seed-upload] RM 1000686 → zoho_id=3529895000000381604
[zoho-seed-upload] RM Dimethicone → zoho_id=3529895000000404768
[zoho-seed-upload] RM 1000689 → zoho_id=3529895000000384460
[zoho-seed-upload] RM 1000697 → zoho_id=3529895000000385622
[zoho-seed-upload] RM 1000762 → zoho_id=3529895000000386595
[zoho-seed-upload] RM 1000780 → zoho_id=3529895000000369587
[zoho-seed-upload] RM 1000806 → zoho_id=3529895000000371712
[zoho-seed-upload] RM 1001079 → zoho_id=3529895000000393397
[zoho-seed-upload] RM 1001080 → zoho_id=3529895000000374496
[zoho-seed-upload] RM 1001081 → zoho_id=3529895000000376289
[zoho-seed-upload] RM 1001082 → zoho_id=3529895000000378487
[zoho-seed-upload] RM 1001083 → zoho_id=3529895000000379550
[zoho-seed-upload] RM 1001085 → zoho_id=3529895000000394397
[zoho-seed-upload] RM 1001087 → zoho_id=3529895000000392568
[zoho-seed-upload] RM 1001088 → zoho_id=3529895000000381613
[zoho-seed-upload] RM 1001092 → zoho_id=3529895000000404777
[zoho-seed-upload] RM 1001095 → zoho_id=3529895000000383559
[zoho-seed-upload] RM 1001096 → zoho_id=3529895000000387676
[zoho-seed-upload] RM 1001097 → zoho_id=3529895000000371721
[zoho-seed-upload] RM 1001101 → zoho_id=3529895000000393406
[zoho-seed-upload] RM 1001106 → zoho_id=3529895000000372533
[zoho-seed-upload] RM 1001107 → zoho_id=3529895000000374505
[zoho-seed-upload] RM 1001108 → zoho_id=3529895000000389631
[zoho-seed-upload] RM 1001109 → zoho_id=3529895000000390433
[zoho-seed-upload] RM 1001110 → zoho_id=3529895000000379559
[zoho-seed-upload] RM 1001112 → zoho_id=3529895000000391487
[zoho-seed-upload] RM 1001113 → zoho_id=3529895000000382595
[zoho-seed-upload] RM 1001114 → zoho_id=3529895000000384469
[zoho-seed-upload] RM 1001117 → zoho_id=3529895000000385631
[zoho-seed-upload] RM 1001119 → zoho_id=3529895000000386604
[zoho-seed-upload] RM 1001121 → zoho_id=3529895000000370641
[zoho-seed-upload] RM 1001122 → zoho_id=3529895000000371730
[zoho-seed-upload] RM 1001126 → zoho_id=3529895000000388667
[zoho-seed-upload] RM 1001127 → zoho_id=3529895000000373595
[zoho-seed-upload] RM 1001129 → zoho_id=3529895000000390442
[zoho-seed-upload] RM 1001131 → zoho_id=3529895000000404786
[zoho-seed-upload] RM 1001134 → zoho_id=3529895000000383568
[zoho-seed-upload] RM 1001135 → zoho_id=3529895000000387685
[zoho-seed-upload] RM 1001136 → zoho_id=3529895000000371739
[zoho-seed-upload] RM 1001138 → zoho_id=3529895000000372542
[zoho-seed-upload] RM 1001139 → zoho_id=3529895000000373604
[zoho-seed-upload] RM 1001142 → zoho_id=3529895000000389640
[zoho-seed-upload] RM 1001146 → zoho_id=3529895000000376298
[zoho-seed-upload] RM 1001149 → zoho_id=3529895000000377433
[zoho-seed-upload] RM 1001150 → zoho_id=3529895000000378496
[zoho-seed-upload] RM 1001152 → zoho_id=3529895000000394406
[zoho-seed-upload] RM 1001153 → zoho_id=3529895000000380451
[zoho-seed-upload] RM 1001154 → zoho_id=3529895000000391496
[zoho-seed-upload] RM 1001155 → zoho_id=3529895000000392577
[zoho-seed-upload] RM 1001157 → zoho_id=3529895000000381622
[zoho-seed-upload] RM 1001160 → zoho_id=3529895000000382604
[zoho-seed-upload] RM 1001161 → zoho_id=3529895000000404795
[zoho-seed-upload] RM 1001162 → zoho_id=3529895000000386613
[zoho-seed-upload] RM 1001163 → zoho_id=3529895000000368632
[zoho-seed-upload] RM 1001164 → zoho_id=3529895000000370650
[zoho-seed-upload] RM 1001165 → zoho_id=3529895000000371748
[zoho-seed-upload] RM 1001168 → zoho_id=3529895000000388676
[zoho-seed-upload] RM 1001169 → zoho_id=3529895000000372551
[zoho-seed-upload] RM 1001182 → zoho_id=3529895000000373613
[zoho-seed-upload] RM 1001184 → zoho_id=3529895000000374514
[zoho-seed-upload] RM 1001187 → zoho_id=3529895000000377442
[zoho-seed-upload] RM 1001190 → zoho_id=3529895000000380460
[zoho-seed-upload] RM 1001199 → zoho_id=3529895000000381631
[zoho-seed-upload] RM 1001200 → zoho_id=3529895000000383577
[zoho-seed-upload] RM 1001205 → zoho_id=3529895000000385640
[zoho-seed-upload] RM 1001206 → zoho_id=3529895000000370659
[zoho-seed-upload] RM 1001207 → zoho_id=3529895000000371757
[zoho-seed-upload] RM 1001208 → zoho_id=3529895000000393415
[zoho-seed-upload] RM 1001210 → zoho_id=3529895000000389649
[zoho-seed-upload] RM 1001211 → zoho_id=3529895000000390451
[zoho-seed-upload] RM 1001212 → zoho_id=3529895000000379568
[zoho-seed-upload] RM 1001213 → zoho_id=3529895000000394415
[zoho-seed-upload] RM 1001214 → zoho_id=3529895000000392586
[zoho-seed-upload] RM 1001215 → zoho_id=3529895000000382613
[zoho-seed-upload] RM 1001216 → zoho_id=3529895000000383586
[zoho-seed-upload] RM 1001220 → zoho_id=3529895000000368641
[zoho-seed-upload] RM 1001222 → zoho_id=3529895000000369596
[zoho-seed-upload] RM 1001223 → zoho_id=3529895000000370668
[zoho-seed-upload] RM 1001224 → zoho_id=3529895000000387694
[zoho-seed-upload] RM 1001225 → zoho_id=3529895000000371766
[zoho-seed-upload] RM 1001226 → zoho_id=3529895000000393424
[zoho-seed-upload] RM 1001227 → zoho_id=3529895000000373622
[zoho-seed-upload] RM 1001229 → zoho_id=3529895000000374523
[zoho-seed-upload] RM 1001230 → zoho_id=3529895000000375577
[zoho-seed-upload] RM 1001231 → zoho_id=3529895000000378505
[zoho-seed-upload] RM 1001232 → zoho_id=3529895000000394424
[zoho-seed-upload] RM 1001234 → zoho_id=3529895000000391505
[zoho-seed-upload] RM 1001236 → zoho_id=3529895000000392595
[zoho-seed-upload] RM 1001240 → zoho_id=3529895000000381640
[zoho-seed-upload] RM 1001242 → zoho_id=3529895000000383595
[zoho-seed-upload] RM 1001243 → zoho_id=3529895000000385649
[zoho-seed-upload] RM 1001244 → zoho_id=3529895000000386622
[zoho-seed-upload] RM 1001245 → zoho_id=3529895000000368650
[zoho-seed-upload] RM 1001246 → zoho_id=3529895000000369605
[zoho-seed-upload] RM 1001247 → zoho_id=3529895000000387703
[zoho-seed-upload] RM 1001248 → zoho_id=3529895000000388685
[zoho-seed-upload] RM 1001249 → zoho_id=3529895000000393433
[zoho-seed-upload] RM 1001250 → zoho_id=3529895000000373631
[zoho-seed-upload] RM 1001252 → zoho_id=3529895000000374532
[zoho-seed-upload] RM 1001253 → zoho_id=3529895000000375586
[zoho-seed-upload] RM 1001254 → zoho_id=3529895000000376307
[zoho-seed-upload] RM 1001259 → zoho_id=3529895000000377451
[zoho-seed-upload] RM 1001260 → zoho_id=3529895000000379577
[zoho-seed-upload] RM 1001261 → zoho_id=3529895000000380469
[zoho-seed-upload] RM 1001262 → zoho_id=3529895000000392604
[zoho-seed-upload] RM 1001263 → zoho_id=3529895000000381649
[zoho-seed-upload] RM 1001265 → zoho_id=3529895000000382622
[zoho-seed-upload] RM 1001267 → zoho_id=3529895000000404804
[zoho-seed-upload] RM 1001270 → zoho_id=3529895000000383604
[zoho-seed-upload] RM 1001271 → zoho_id=3529895000000384478
[zoho-seed-upload] RM 1001275 → zoho_id=3529895000000385658
[zoho-seed-upload] RM 1001276 → zoho_id=3529895000000386631
[zoho-seed-upload] RM 1001277 → zoho_id=3529895000000368659
[zoho-seed-upload] RM 1001283 → zoho_id=3529895000000369614
[zoho-seed-upload] RM 1001284 → zoho_id=3529895000000370677
[zoho-seed-upload] RM 1001288 → zoho_id=3529895000000387712
[zoho-seed-upload] RM 1001289 → zoho_id=3529895000000371775
[zoho-seed-upload] RM 1001290 → zoho_id=3529895000000388694
[zoho-seed-upload] RM 1001291 → zoho_id=3529895000000393442
[zoho-seed-upload] RM 1001292 → zoho_id=3529895000000372560
[zoho-seed-upload] RM 1001295 → zoho_id=3529895000000373640
[zoho-seed-upload] RM 1001297 → zoho_id=3529895000000374541
[zoho-seed-upload] RM 1001298 → zoho_id=3529895000000389658
[zoho-seed-upload] RM 1001299 → zoho_id=3529895000000375595
[zoho-seed-upload] RM 1001301 → zoho_id=3529895000000376316
[zoho-seed-upload] RM 1001302 → zoho_id=3529895000000378514
[zoho-seed-upload] RM 1001303 → zoho_id=3529895000000379586
[zoho-seed-upload] RM 1001304 → zoho_id=3529895000000394433
[zoho-seed-upload] RM 1001306 → zoho_id=3529895000000380478
[zoho-seed-upload] RM 1001308 → zoho_id=3529895000000391514
[zoho-seed-upload] RM 1001311 → zoho_id=3529895000000392613
[zoho-seed-upload] RM 1001312 → zoho_id=3529895000000382631
[zoho-seed-upload] RM 1001317 → zoho_id=3529895000000404813
[zoho-seed-upload] RM 1001319 → zoho_id=3529895000000385667
[zoho-seed-upload] RM 1001329 → zoho_id=3529895000000386640
[zoho-seed-upload] RM 1001330 → zoho_id=3529895000000368668
[zoho-seed-upload] RM 1001331 → zoho_id=3529895000000369623
[zoho-seed-upload] RM 1001334 → zoho_id=3529895000000370686
[zoho-seed-upload] RM 1001336 → zoho_id=3529895000000387721
[zoho-seed-upload] RM 1001340 → zoho_id=3529895000000371784
[zoho-seed-upload] RM 1001343 → zoho_id=3529895000000388703
[zoho-seed-upload] RM 1001344 → zoho_id=3529895000000372569
[zoho-seed-upload] RM 1001345 → zoho_id=3529895000000373649
[zoho-seed-upload] RM 1001347 → zoho_id=3529895000000374550
[zoho-seed-upload] RM 1001349 → zoho_id=3529895000000389667
[zoho-seed-upload] RM 1001350 → zoho_id=3529895000000375604
[zoho-seed-upload] RM 1001351 → zoho_id=3529895000000379595
[zoho-seed-upload] RM 1001352 → zoho_id=3529895000000394442
[zoho-seed-upload] RM 1001353 → zoho_id=3529895000000391523
[zoho-seed-upload] RM 1001356 → zoho_id=3529895000000382640
[zoho-seed-upload] RM 1001357 → zoho_id=3529895000000404822
[zoho-seed-upload] RM 1001358 → zoho_id=3529895000000383613
[zoho-seed-upload] RM 1001359 → zoho_id=3529895000000376325
[zoho-seed-upload] RM 1001360 → zoho_id=3529895000000377460
[zoho-seed-upload] RM 1001361 → zoho_id=3529895000000379604
[zoho-seed-upload] RM 1001363 → zoho_id=3529895000000380487
[zoho-seed-upload] RM 1001364 → zoho_id=3529895000000391532
[zoho-seed-upload] RM 1001365 → zoho_id=3529895000000381658
[zoho-seed-upload] RM 1001368 → zoho_id=3529895000000382649
[zoho-seed-upload] RM 1001370 → zoho_id=3529895000000404831
[zoho-seed-upload] RM 1001372 → zoho_id=3529895000000383622
[zoho-seed-upload] RM 1001373 → zoho_id=3529895000000393451
[zoho-seed-upload] RM 1001374 → zoho_id=3529895000000372578
[zoho-seed-upload] RM 1001375 → zoho_id=3529895000000374559
[zoho-seed-upload] RM 1001376 → zoho_id=3529895000000389676
[zoho-seed-upload] RM 1001378 → zoho_id=3529895000000375613
[zoho-seed-upload] RM 1001383 → zoho_id=3529895000000390460
[zoho-seed-upload] RM 1001384 → zoho_id=3529895000000377469
[zoho-seed-upload] RM 1001385 → zoho_id=3529895000000379613
[zoho-seed-upload] RM 1001387 → zoho_id=3529895000000381667
[zoho-seed-upload] RM 1001388 → zoho_id=3529895000000382658
[zoho-seed-upload] RM 1001389 → zoho_id=3529895000000404840
[zoho-seed-upload] RM 1001390 → zoho_id=3529895000000383631
[zoho-seed-upload] RM 1001391 → zoho_id=3529895000000369632
[zoho-seed-upload] RM 1001392 → zoho_id=3529895000000371793
[zoho-seed-upload] RM 1001393 → zoho_id=3529895000000388712
[zoho-seed-upload] RM 1001394 → zoho_id=3529895000000372587
[zoho-seed-upload] RM 1001395 → zoho_id=3529895000000373658
[zoho-seed-upload] RM 1001396 → zoho_id=3529895000000374568
[zoho-seed-upload] RM 1001397 → zoho_id=3529895000000375622
[zoho-seed-upload] RM 1001398 → zoho_id=3529895000000377478
[zoho-seed-upload] RM 1001399 → zoho_id=3529895000000378523
[zoho-seed-upload] RM 1001406 → zoho_id=3529895000000379622
[zoho-seed-upload] RM 1001407 → zoho_id=3529895000000380496
[zoho-seed-upload] RM 1001413 → zoho_id=3529895000000382667
[zoho-seed-upload] RM 1001414 → zoho_id=3529895000000404849
[zoho-seed-upload] RM 1001415 → zoho_id=3529895000000383640
[zoho-seed-upload] RM 1001416 → zoho_id=3529895000000369641
[zoho-seed-upload] RM 1001417 → zoho_id=3529895000000370695
[zoho-seed-upload] RM 1001418 → zoho_id=3529895000000387730
[zoho-seed-upload] RM 1001419 → zoho_id=3529895000000371802
[zoho-seed-upload] RM 1001420 → zoho_id=3529895000000388721
[zoho-seed-upload] RM 1001421 → zoho_id=3529895000000372596
[zoho-seed-upload] RM 1001422 → zoho_id=3529895000000374577
[zoho-seed-upload] RM 1001423 → zoho_id=3529895000000389685
[zoho-seed-upload] RM 1001424 → zoho_id=3529895000000375631
[zoho-seed-upload] RM 1001425 → zoho_id=3529895000000377487
[zoho-seed-upload] RM 1001426 → zoho_id=3529895000000379631
[zoho-seed-upload] RM 1001430 → zoho_id=3529895000000394451
[zoho-seed-upload] RM 1001431 → zoho_id=3529895000000380505
[zoho-seed-upload] RM 1001432 → zoho_id=3529895000000391541
[zoho-seed-upload] RM 1001433 → zoho_id=3529895000000392622
[zoho-seed-upload] RM 1001434 → zoho_id=3529895000000382676
[zoho-seed-upload] RM 1001435 → zoho_id=3529895000000404858
[zoho-seed-upload] RM 1001446 → zoho_id=3529895000000384487
[zoho-seed-upload] RM 1001447 → zoho_id=3529895000000386649
[zoho-seed-upload] RM 1001448 → zoho_id=3529895000000369650
[zoho-seed-upload] RM 1001449 → zoho_id=3529895000000370704
[zoho-seed-upload] RM 1001450 → zoho_id=3529895000000387739
[zoho-seed-upload] RM 1001451 → zoho_id=3529895000000371811
[zoho-seed-upload] RM 1001455 → zoho_id=3529895000000388730
[zoho-seed-upload] RM 1001456 → zoho_id=3529895000000393460
[zoho-seed-upload] RM 1001457 → zoho_id=3529895000000372605
[zoho-seed-upload] RM 1001458 → zoho_id=3529895000000374586
[zoho-seed-upload] RM 1001462 → zoho_id=3529895000000389694
[zoho-seed-upload] RM 1001470 → zoho_id=3529895000000376334
[zoho-seed-upload] RM 1001474 → zoho_id=3529895000000377496
[zoho-seed-upload] RM 1001475 → zoho_id=3529895000000378532
[zoho-seed-upload] RM 1001476 → zoho_id=3529895000000379640
[zoho-seed-upload] RM 1001477 → zoho_id=3529895000000380514
[zoho-seed-upload] RM ALOEBARBADENSIS (ALOEVERA) LEAF POWDER → zoho_id=3529895000000391550
[zoho-seed-upload] RM BEHENTRIMONIUM CHLORIDE → zoho_id=3529895000000392631
[zoho-seed-upload] RM CI 77499 → zoho_id=3529895000000381676
[zoho-seed-upload] RM COS VCE / G WHITE → zoho_id=3529895000000382685
[zoho-seed-upload] RM MULBERRY PG BASE EXTRACT → zoho_id=3529895000000404867
[zoho-seed-upload] RM 2000002 → zoho_id=3529895000000383649
[zoho-seed-upload] RM 2000003 → zoho_id=3529895000000368677
[zoho-seed-upload] RM 2000004 → zoho_id=3529895000000369659
[zoho-seed-upload] RM 2000005 → zoho_id=3529895000000370713
[zoho-seed-upload] RM 2000007 → zoho_id=3529895000000387748
[zoho-seed-upload] RM 2000008 → zoho_id=3529895000000371820
[zoho-seed-upload] RM 2000010 → zoho_id=3529895000000388739
[zoho-seed-upload] RM 2000011 → zoho_id=3529895000000372614
[zoho-seed-upload] RM 2000012 → zoho_id=3529895000000373667
[zoho-seed-upload] RM 2000013 → zoho_id=3529895000000374595
[zoho-seed-upload] RM 2000015 → zoho_id=3529895000000389703
[zoho-seed-upload] RM 2000019 → zoho_id=3529895000000375640
[zoho-seed-upload] RM 2000020 → zoho_id=3529895000000390469
[zoho-seed-upload] RM 2000024 → zoho_id=3529895000000377505
[zoho-seed-upload] RM 2000030 → zoho_id=3529895000000378541
[zoho-seed-upload] RM 2000031 → zoho_id=3529895000000394460
[zoho-seed-upload] RM 2000036 → zoho_id=3529895000000380523
[zoho-seed-upload] RM 2000038 → zoho_id=3529895000000391559
[zoho-seed-upload] RM 2000040 → zoho_id=3529895000000392640
[zoho-seed-upload] RM 2000042 → zoho_id=3529895000000381685
[zoho-seed-upload] RM 2000043 → zoho_id=3529895000000404876
[zoho-seed-upload] RM 2000047 → zoho_id=3529895000000383658
[zoho-seed-upload] RM 2000048 → zoho_id=3529895000000385676
[zoho-seed-upload] RM 2000050 → zoho_id=3529895000000386658
[zoho-seed-upload] RM 2000054 → zoho_id=3529895000000369668
[zoho-seed-upload] RM 2000058 → zoho_id=3529895000000370722
[zoho-seed-upload] RM 2000059 → zoho_id=3529895000000387757
[zoho-seed-upload] RM 2000062 → zoho_id=3529895000000371829
[zoho-seed-upload] RM 2000065 → zoho_id=3529895000000393469
[zoho-seed-upload] RM 2000066 → zoho_id=3529895000000372623
[zoho-seed-upload] RM 2000068 → zoho_id=3529895000000373676
[zoho-seed-upload] RM 2000069 → zoho_id=3529895000000374604
[zoho-seed-upload] RM 2000070 → zoho_id=3529895000000389712
[zoho-seed-upload] RM 2000071 → zoho_id=3529895000000390478
[zoho-seed-upload] RM 2000072 → zoho_id=3529895000000394469
[zoho-seed-upload] RM 2000073 → zoho_id=3529895000000391568
[zoho-seed-upload] RM 2000074 → zoho_id=3529895000000381694
[zoho-seed-upload] RM 2000077 → zoho_id=3529895000000382694
[zoho-seed-upload] RM 2000079 → zoho_id=3529895000000404885
[zoho-seed-upload] RM 2000081 → zoho_id=3529895000000383667
[zoho-seed-upload] RM 2000082 → zoho_id=3529895000000387766
[zoho-seed-upload] RM 2000083 → zoho_id=3529895000000371838
[zoho-seed-upload] RM 2000084 → zoho_id=3529895000000393478
[zoho-seed-upload] RM 2000085 → zoho_id=3529895000000372632
[zoho-seed-upload] RM 2000088 → zoho_id=3529895000000373685
[zoho-seed-upload] RM 2000098 → zoho_id=3529895000000374613
[zoho-seed-upload] RM 2000103 → zoho_id=3529895000000389721
[zoho-seed-upload] RM 2000105 → zoho_id=3529895000000394478
[zoho-seed-upload] RM 2000106 → zoho_id=3529895000000392649
[zoho-seed-upload] RM 2000115 → zoho_id=3529895000000381703
[zoho-seed-upload] RM 2000125 → zoho_id=3529895000000384496
[zoho-seed-upload] RM 2000134 → zoho_id=3529895000000368686
[zoho-seed-upload] RM 2000140 → zoho_id=3529895000000369677
[zoho-seed-upload] RM 2000148 → zoho_id=3529895000000393487
[zoho-seed-upload] RM 2000151 → zoho_id=3529895000000373694
[zoho-seed-upload] RM 2000152 → zoho_id=3529895000000390487
[zoho-seed-upload] RM 2000153 → zoho_id=3529895000000380532
[zoho-seed-upload] RM 2000154 → zoho_id=3529895000000383676
[zoho-seed-upload] RM 2000155 → zoho_id=3529895000000380541
[zoho-seed-upload] RM 2000156 → zoho_id=3529895000000383685
[zoho-seed-upload] RM 2000157 → zoho_id=3529895000000376343
[zoho-seed-upload] RM 2000159 → zoho_id=3529895000000377514
[zoho-seed-upload] RM 2000160 → zoho_id=3529895000000391577
[zoho-seed-upload] RM 2000161 → zoho_id=3529895000000381712
[zoho-seed-upload] RM 2000162 → zoho_id=3529895000000383694
[zoho-seed-upload] RM 2000163 → zoho_id=3529895000000379649
[zoho-seed-upload] RM 2000164 → zoho_id=3529895000000392658
[zoho-seed-upload] RM 2000165 → zoho_id=3529895000000384505
[zoho-seed-upload] RM 2000166 → zoho_id=3529895000000385685
[zoho-seed-upload] RM 2000168 → zoho_id=3529895000000368695
[zoho-seed-upload] RM 2000169 → zoho_id=3529895000000393496
[zoho-seed-upload] RM 2000170 → zoho_id=3529895000000372641
[zoho-seed-upload] RM 2000171 → zoho_id=3529895000000390496
[zoho-seed-upload] RM 2000172 → zoho_id=3529895000000379658
[zoho-seed-upload] RM 2000173 → zoho_id=3529895000000394487
[zoho-seed-upload] RM 2000174 → zoho_id=3529895000000380550
[zoho-seed-upload] RM 2000175 → zoho_id=3529895000000391586
[zoho-seed-upload] RM 2000176 → zoho_id=3529895000000381721
[zoho-seed-upload] RM 2000177 → zoho_id=3529895000000382703
[zoho-seed-upload] RM 2000178 → zoho_id=3529895000000404894
[zoho-seed-upload] RM 2000179 → zoho_id=3529895000000383703
[zoho-seed-upload] RM 2000180 → zoho_id=3529895000000385694
[zoho-seed-upload] RM 1000526 → zoho_id=3529895000000386667
[zoho-seed-upload] RM 1000880 → zoho_id=3529895000000368704
[zoho-seed-upload] RM 3000001 → zoho_id=3529895000000369686
[zoho-seed-upload] RM 3000004 → zoho_id=3529895000000370731
[zoho-seed-upload] RM 3000016 → zoho_id=3529895000000387775
[zoho-seed-upload] RM 3000028 → zoho_id=3529895000000371847
[zoho-seed-upload] RM 3000029 → zoho_id=3529895000000388748
[zoho-seed-upload] RM 3000030 → zoho_id=3529895000000393505
[zoho-seed-upload] RM 3000031 → zoho_id=3529895000000372650
[zoho-seed-upload] RM 3000032 → zoho_id=3529895000000373703
[zoho-seed-upload] RM 3000033 → zoho_id=3529895000000374622
[zoho-seed-upload] RM 3000034 → zoho_id=3529895000000389730
[zoho-seed-upload] RM CLUB00001 → zoho_id=3529895000000375649
[zoho-seed-upload] RM CLUB00002 → zoho_id=3529895000000390505
[zoho-seed-upload] RM CLUB00003 → zoho_id=3529895000000378550
[zoho-seed-upload] RM CLUB00004 → zoho_id=3529895000000380559
[zoho-seed-upload] RM CLUB00005 → zoho_id=3529895000000392667
[zoho-seed-upload] RM CLUB00006 → zoho_id=3529895000000381730
[zoho-seed-upload] RM CLUB00007 → zoho_id=3529895000000404903
[zoho-seed-upload] RM CLUB00008 → zoho_id=3529895000000384514
[zoho-seed-upload] RM CLUB00009 → zoho_id=3529895000000386676
[zoho-seed-upload] RM CLUB00010 → zoho_id=3529895000000368713
[zoho-seed-upload] RM CLUB00011 → zoho_id=3529895000000369695
[zoho-seed-upload] RM CLUB00012 → zoho_id=3529895000000387784
[zoho-seed-upload] RM CLUB00013 → zoho_id=3529895000000371856
[zoho-seed-upload] RM CLUB00014 → zoho_id=3529895000000388757
[zoho-seed-upload] RM CLUB00015 → zoho_id=3529895000000372659
[zoho-seed-upload] RM CLUB00016 → zoho_id=3529895000000373712
[zoho-seed-upload] RM CLUB00017 → zoho_id=3529895000000389739
[zoho-seed-upload] RM CLUB00018 → zoho_id=3529895000000390514
[zoho-seed-upload] RM CLUB00019 → zoho_id=3529895000000378559
[zoho-seed-upload] RM CLUB00020 → zoho_id=3529895000000379667
[zoho-seed-upload] RM CLUB00021 → zoho_id=3529895000000394496
[zoho-seed-upload] RM CLUB00022 → zoho_id=3529895000000391595
[zoho-seed-upload] RM CLUB00023 → zoho_id=3529895000000382712
[zoho-seed-upload] RM CLUB00024 → zoho_id=3529895000000383712
[zoho-seed-upload] RM CLUB00025 → zoho_id=3529895000000384523
[zoho-seed-upload] RM CLUB00026 → zoho_id=3529895000000385703
[zoho-seed-upload] RM CLUB00027 → zoho_id=3529895000000386685
[zoho-seed-upload] RM CLUB00028 → zoho_id=3529895000000368722
[zoho-seed-upload] RM CLUB00029 → zoho_id=3529895000000369704
[zoho-seed-upload] RM CLUB00030 → zoho_id=3529895000000370740
[zoho-seed-upload] RM CLUB00031 → zoho_id=3529895000000387793
[zoho-seed-upload] RM CLUB00032 → zoho_id=3529895000000371865
[zoho-seed-upload] RM CLUB00033 → zoho_id=3529895000000388766
[zoho-seed-upload] RM CLUB00034 → zoho_id=3529895000000373721
[zoho-seed-upload] RM CLUB00035 → zoho_id=3529895000000374631
[zoho-seed-upload] RM CLUB00036 → zoho_id=3529895000000375658
[zoho-seed-upload] RM CLUB00037 → zoho_id=3529895000000390523
[zoho-seed-upload] RM CLUB00038 → zoho_id=3529895000000376352
[zoho-seed-upload] RM CLUB00039 → zoho_id=3529895000000377523
[zoho-seed-upload] RM CLUB00040 → zoho_id=3529895000000378568
[zoho-seed-upload] RM CLUB00041 → zoho_id=3529895000000379676
[zoho-seed-upload] RM CLUB00042 → zoho_id=3529895000000380568
[zoho-seed-upload] RM CLUB00043 → zoho_id=3529895000000392676
[zoho-seed-upload] RM CLUB00044 → zoho_id=3529895000000381739
[zoho-seed-upload] RM CLUB00045 → zoho_id=3529895000000382721
[zoho-seed-upload] RM CLUB00046 → zoho_id=3529895000000404912
[zoho-seed-upload] RM CLUB00048 → zoho_id=3529895000000386694
[zoho-seed-upload] RM CLUB00049 → zoho_id=3529895000000369713
[zoho-seed-upload] RM CLUB00050 → zoho_id=3529895000000370749
[zoho-seed-upload] RM CLUB00051 → zoho_id=3529895000000388775
[zoho-seed-upload] RM CLUB00053 → zoho_id=3529895000000372668
[zoho-seed-upload] RM CLUB00054 → zoho_id=3529895000000374640
[zoho-seed-upload] RM CLUB00055 → zoho_id=3529895000000389748
[zoho-seed-upload] RM CLUB00056 → zoho_id=3529895000000390532
[zoho-seed-upload] RM CLUB00057 → zoho_id=3529895000000376361
[zoho-seed-upload] RM CLUB00058 → zoho_id=3529895000000377532
[zoho-seed-upload] RM CLUB00059 → zoho_id=3529895000000379685
[zoho-seed-upload] RM CLUB00060 → zoho_id=3529895000000380577
[zoho-seed-upload] RM CLUB00061 → zoho_id=3529895000000392685
[zoho-seed-upload] RM CLUB00062 → zoho_id=3529895000000381748
[zoho-seed-upload] RM CLUB00063 → zoho_id=3529895000000382730
[zoho-seed-upload] RM CLUB00064 → zoho_id=3529895000000404921
[zoho-seed-upload] RM CLUB00065 → zoho_id=3529895000000383721
[zoho-seed-upload] RM CLUB00066 → zoho_id=3529895000000386703
[zoho-seed-upload] RM CLUB00067 → zoho_id=3529895000000368731
[zoho-seed-upload] RM CLUB00068 → zoho_id=3529895000000369722
[zoho-seed-upload] RM CLUB00069 → zoho_id=3529895000000370758
[zoho-seed-upload] RM CLUB00070 → zoho_id=3529895000000387802
[zoho-seed-upload] RM CLUB00071 → zoho_id=3529895000000388784
[zoho-seed-upload] RM CLUB00072 → zoho_id=3529895000000393514
[zoho-seed-upload] RM CLUB00073 → zoho_id=3529895000000374649
[zoho-seed-upload] RM CLUB00074 → zoho_id=3529895000000390541
[zoho-seed-upload] RM CLUB00075 → zoho_id=3529895000000376370
[zoho-seed-upload] RM CLUB00079 → zoho_id=3529895000000377541
[zoho-seed-upload] PM 100GBC04 → zoho_id=3529895000000379694
[zoho-seed-upload] PM 10CT001-19 DIA SKINQ ACNE CONTROL FACE MASK 10GM TUBE → zoho_id=3529895000000394505
[zoho-seed-upload] PM 120PBG01 → zoho_id=3529895000000380586
[zoho-seed-upload] PM 12PT01 → zoho_id=3529895000000391604
[zoho-seed-upload] PM 15PBBL01 → zoho_id=3529895000000392694
[zoho-seed-upload] PM 30PBG01 → zoho_id=3529895000000381757
[zoho-seed-upload] PM 30PBG02 → zoho_id=3529895000000382739
[zoho-seed-upload] PM 4000003 → zoho_id=3529895000000404930
[zoho-seed-upload] PM 4000005 → zoho_id=3529895000000384532
[zoho-seed-upload] PM 4000007 → zoho_id=3529895000000385712
[zoho-seed-upload] PM 4000008 → zoho_id=3529895000000386712
[zoho-seed-upload] PM 4000009 → zoho_id=3529895000000369731
[zoho-seed-upload] PM 4000011 → zoho_id=3529895000000370767
[zoho-seed-upload] PM 4000013 → zoho_id=3529895000000387811
[zoho-seed-upload] PM 4000015 → zoho_id=3529895000000371874
[zoho-seed-upload] PM 4000020 → zoho_id=3529895000000393523
[zoho-seed-upload] PM 4000022 → zoho_id=3529895000000372677
[zoho-seed-upload] PM 4000023 → zoho_id=3529895000000374658
[zoho-seed-upload] PM 4000025 → zoho_id=3529895000000389757
[zoho-seed-upload] PM 4000029 → zoho_id=3529895000000375667
[zoho-seed-upload] PM 4000031 → zoho_id=3529895000000376379
[zoho-seed-upload] PM 4000032 → zoho_id=3529895000000377550
[zoho-seed-upload] PM 4000033 → zoho_id=3529895000000378577
[zoho-seed-upload] PM 4000053 → zoho_id=3529895000000394514
[zoho-seed-upload] PM 4000054 → zoho_id=3529895000000391613
[zoho-seed-upload] PM 4000055 → zoho_id=3529895000000392703
[zoho-seed-upload] PM 4000056 → zoho_id=3529895000000382748
[zoho-seed-upload] PM 4000057 → zoho_id=3529895000000383730
[zoho-seed-upload] PM 4000058 → zoho_id=3529895000000385721
[zoho-seed-upload] PM 4000059 → zoho_id=3529895000000386721
[zoho-seed-upload] PM 4000060 → zoho_id=3529895000000369740
[zoho-seed-upload] PM 4000061 → zoho_id=3529895000000370776
[zoho-seed-upload] PM 4000063 → zoho_id=3529895000000387820
[zoho-seed-upload] PM 4000064 → zoho_id=3529895000000371883
[zoho-seed-upload] PM 4000065 → zoho_id=3529895000000393532
[zoho-seed-upload] PM 4000068 → zoho_id=3529895000000372686
[zoho-seed-upload] PM 4000071 → zoho_id=3529895000000374667
[zoho-seed-upload] PM 4000073 → zoho_id=3529895000000389766
[zoho-seed-upload] PM 4000074 → zoho_id=3529895000000375676
[zoho-seed-upload] PM 4000079 → zoho_id=3529895000000390550
[zoho-seed-upload] PM 4000080 → zoho_id=3529895000000378586
[zoho-seed-upload] PM 4000084 → zoho_id=3529895000000379703
[zoho-seed-upload] PM 4000085 → zoho_id=3529895000000394523
[zoho-seed-upload] PM 4000086 → zoho_id=3529895000000380595
[zoho-seed-upload] PM 4000087 → zoho_id=3529895000000391622
[zoho-seed-upload] PM 4000088 → zoho_id=3529895000000392712
[zoho-seed-upload] PM 4000091 → zoho_id=3529895000000382757
[zoho-seed-upload] PM 4000092 → zoho_id=3529895000000404939
[zoho-seed-upload] PM 4000093 → zoho_id=3529895000000385730
[zoho-seed-upload] PM 4000094 → zoho_id=3529895000000369749
[zoho-seed-upload] PM 4000095 → zoho_id=3529895000000370785
[zoho-seed-upload] PM 4000096 → zoho_id=3529895000000387829
[zoho-seed-upload] PM 4000098 → zoho_id=3529895000000371892
[zoho-seed-upload] PM 4000099 → zoho_id=3529895000000372695
[zoho-seed-upload] PM 4000105 → zoho_id=3529895000000373730
[zoho-seed-upload] PM 4000108 → zoho_id=3529895000000374676
[zoho-seed-upload] PM 4000109 → zoho_id=3529895000000375685
[zoho-seed-upload] PM 4000110 → zoho_id=3529895000000377559
[zoho-seed-upload] PM 4000112 → zoho_id=3529895000000378595
[zoho-seed-upload] PM 4000114 → zoho_id=3529895000000379712
[zoho-seed-upload] PM 4000115 → zoho_id=3529895000000394532
[zoho-seed-upload] PM 4000116 → zoho_id=3529895000000380604
[zoho-seed-upload] PM 4000117 → zoho_id=3529895000000391631
[zoho-seed-upload] PM 4000215 → zoho_id=3529895000000381766
[zoho-seed-upload] PM 4000120 → zoho_id=3529895000000382766
[zoho-seed-upload] PM 4000124 → zoho_id=3529895000000404948
[zoho-seed-upload] PM 4000125 → zoho_id=3529895000000384541
[zoho-seed-upload] PM 4000128 → zoho_id=3529895000000385739
[zoho-seed-upload] PM 4000129 → zoho_id=3529895000000386730
[zoho-seed-upload] PM 4000130 → zoho_id=3529895000000368740
[zoho-seed-upload] PM 4000131 → zoho_id=3529895000000370794
[zoho-seed-upload] PM 4000132 → zoho_id=3529895000000387838
[zoho-seed-upload] PM 4000133 → zoho_id=3529895000000371901
[zoho-seed-upload] PM 4000134 → zoho_id=3529895000000388793
[zoho-seed-upload] PM 4000135 → zoho_id=3529895000000393541
[zoho-seed-upload] PM 4000136 → zoho_id=3529895000000372704
[zoho-seed-upload] PM 4000138 → zoho_id=3529895000000373739
[zoho-seed-upload] PM 4000139 → zoho_id=3529895000000389775
[zoho-seed-upload] PM 4000140 → zoho_id=3529895000000390559
[zoho-seed-upload] PM 4000141 → zoho_id=3529895000000379721
[zoho-seed-upload] PM 4000142 → zoho_id=3529895000000391640
[zoho-seed-upload] PM 4000143 → zoho_id=3529895000000392721
[zoho-seed-upload] PM 4000144 → zoho_id=3529895000000381775
[zoho-seed-upload] PM 4000145 → zoho_id=3529895000000382775
[zoho-seed-upload] PM 4000146 → zoho_id=3529895000000404957
[zoho-seed-upload] PM 4000147 → zoho_id=3529895000000383739
[zoho-seed-upload] PM 4000148 → zoho_id=3529895000000386739
[zoho-seed-upload] PM 4000149 → zoho_id=3529895000000368749
[zoho-seed-upload] PM 4000150 → zoho_id=3529895000000369758
[zoho-seed-upload] PM 4000151 → zoho_id=3529895000000370803
[zoho-seed-upload] PM 4000152 → zoho_id=3529895000000371910
[zoho-seed-upload] PM 4000154 → zoho_id=3529895000000388802
[zoho-seed-upload] PM 4000155 → zoho_id=3529895000000393550
[zoho-seed-upload] PM 4000157 → zoho_id=3529895000000373748
[zoho-seed-upload] PM 4000158 → zoho_id=3529895000000374685
[zoho-seed-upload] PM 4000159 → zoho_id=3529895000000389784
[zoho-seed-upload] PM 4000160 → zoho_id=3529895000000375694
[zoho-seed-upload] PM 4000161 → zoho_id=3529895000000390568
[zoho-seed-upload] PM 4000163 → zoho_id=3529895000000376388
[zoho-seed-upload] PM 4000164 → zoho_id=3529895000000377568
[zoho-seed-upload] PM 4000166 → zoho_id=3529895000000378604
[zoho-seed-upload] PM 4000167 → zoho_id=3529895000000379730
[zoho-seed-upload] PM 4000168 → zoho_id=3529895000000394541
[zoho-seed-upload] PM 4000169 → zoho_id=3529895000000391649
[zoho-seed-upload] PM 4000172 → zoho_id=3529895000000404966
[zoho-seed-upload] PM 4000174 → zoho_id=3529895000000383748
[zoho-seed-upload] PM 4000175 → zoho_id=3529895000000384550
[zoho-seed-upload] PM 4000176 → zoho_id=3529895000000385748
[zoho-seed-upload] PM 4000179 → zoho_id=3529895000000386748
[zoho-seed-upload] PM 4000180 → zoho_id=3529895000000368758
[zoho-seed-upload] PM 4000185 → zoho_id=3529895000000370812
[zoho-seed-upload] PM 4000186 → zoho_id=3529895000000387847
[zoho-seed-upload] PM 4000187 → zoho_id=3529895000000371919
[zoho-seed-upload] PM 4000190 → zoho_id=3529895000000393559
[zoho-seed-upload] PM 4000192 → zoho_id=3529895000000372713
[zoho-seed-upload] PM 4000193 → zoho_id=3529895000000373757
[zoho-seed-upload] PM 4000194 → zoho_id=3529895000000374694
[zoho-seed-upload] PM 4000195 → zoho_id=3529895000000389793
[zoho-seed-upload] PM 4000196 → zoho_id=3529895000000390577
[zoho-seed-upload] PM 4000197 → zoho_id=3529895000000376397
[zoho-seed-upload] PM 4000198 → zoho_id=3529895000000377577
[zoho-seed-upload] PM 4000199 → zoho_id=3529895000000378613
[zoho-seed-upload] PM 4000200 → zoho_id=3529895000000394550
[zoho-seed-upload] PM 4000201 → zoho_id=3529895000000380613
[zoho-seed-upload] PM 4000202 → zoho_id=3529895000000391658
[zoho-seed-upload] PM 4000207 → zoho_id=3529895000000381784
[zoho-seed-upload] PM 4000208 → zoho_id=3529895000000382784
[zoho-seed-upload] PM 4000211 → zoho_id=3529895000000404975
[zoho-seed-upload] PM 4000212 → zoho_id=3529895000000383757
[zoho-seed-upload] PM 4000213 → zoho_id=3529895000000386757
[zoho-seed-upload] PM 4000216 → zoho_id=3529895000000368767
[zoho-seed-upload] PM 4000217 → zoho_id=3529895000000370821
[zoho-seed-upload] PM 4000218 → zoho_id=3529895000000387856
[zoho-seed-upload] PM 4000222 → zoho_id=3529895000000371928
[zoho-seed-upload] PM 4000223 → zoho_id=3529895000000388811
[zoho-seed-upload] PM 4000224 → zoho_id=3529895000000373766
[zoho-seed-upload] PM 4000236 → zoho_id=3529895000000374703
[zoho-seed-upload] PM 4000237 → zoho_id=3529895000000375703
[zoho-seed-upload] PM 4000238 → zoho_id=3529895000000376406
[zoho-seed-upload] PM 4000239 → zoho_id=3529895000000377586
[zoho-seed-upload] PM 4000240 → zoho_id=3529895000000379739
[zoho-seed-upload] PM 4000241 → zoho_id=3529895000000380622
[zoho-seed-upload] PM 4000242 → zoho_id=3529895000000381793
[zoho-seed-upload] PM 4000243 → zoho_id=3529895000000382793
[zoho-seed-upload] PM 4000244 → zoho_id=3529895000000404984
[zoho-seed-upload] PM 4000248 → zoho_id=3529895000000384559
[zoho-seed-upload] PM 4000249 → zoho_id=3529895000000385757
[zoho-seed-upload] PM 4000260 → zoho_id=3529895000000386766
[zoho-seed-upload] PM 4000261 → zoho_id=3529895000000368776
[zoho-seed-upload] PM 4000262 → zoho_id=3529895000000370830
[zoho-seed-upload] PM 4000270 → zoho_id=3529895000000387865
[zoho-seed-upload] PM 4000271 → zoho_id=3529895000000371937
[zoho-seed-upload] PM 4000272 → zoho_id=3529895000000388820
[zoho-seed-upload] PM 4000273 → zoho_id=3529895000000393568
[zoho-seed-upload] PM 4000274 → zoho_id=3529895000000372722
[zoho-seed-upload] PM 4000275 → zoho_id=3529895000000374712
[zoho-seed-upload] PM 4000276 → zoho_id=3529895000000389802
[zoho-seed-upload] PM 4000277 → zoho_id=3529895000000375712
[zoho-seed-upload] PM 4000279 → zoho_id=3529895000000376415
[zoho-seed-upload] PM 4000280 → zoho_id=3529895000000377595
[zoho-seed-upload] PM 4000281 → zoho_id=3529895000000378622
[zoho-seed-upload] PM 4000282 → zoho_id=3529895000000379748
[zoho-seed-upload] PM 4000283 → zoho_id=3529895000000380631
[zoho-seed-upload] PM 4000287 → zoho_id=3529895000000391667
[zoho-seed-upload] PM 4000288 → zoho_id=3529895000000392730
[zoho-seed-upload] PM 4000297 → zoho_id=3529895000000404993
[zoho-seed-upload] PM 4000301 → zoho_id=3529895000000383766
[zoho-seed-upload] PM 4000302 → zoho_id=3529895000000384568
[zoho-seed-upload] PM 4000303 → zoho_id=3529895000000385766
[zoho-seed-upload] PM 4000310 → zoho_id=3529895000000368785
[zoho-seed-upload] PM 4000311 → zoho_id=3529895000000369767
[zoho-seed-upload] PM 4000317 → zoho_id=3529895000000387874
[zoho-seed-upload] PM 4000318 → zoho_id=3529895000000371946
[zoho-seed-upload] PM 4000319 → zoho_id=3529895000000388829
[zoho-seed-upload] PM 4000321 → zoho_id=3529895000000393577
[zoho-seed-upload] PM 4000325 → zoho_id=3529895000000373775
[zoho-seed-upload] PM 4000326 → zoho_id=3529895000000390586
[zoho-seed-upload] PM 4000328 → zoho_id=3529895000000376424
[zoho-seed-upload] PM 4000329 → zoho_id=3529895000000377604
[zoho-seed-upload] PM 4000336 → zoho_id=3529895000000378631
[zoho-seed-upload] PM 4000337 → zoho_id=3529895000000379757
[zoho-seed-upload] PM 4000341 → zoho_id=3529895000000380640
[zoho-seed-upload] PM 4000342 → zoho_id=3529895000000391676
[zoho-seed-upload] PM 4000343 → zoho_id=3529895000000381802
[zoho-seed-upload] PM 4000344 → zoho_id=3529895000000382802
[zoho-seed-upload] PM 4000345 → zoho_id=3529895000000383775
[zoho-seed-upload] PM 4000346 → zoho_id=3529895000000386775
[zoho-seed-upload] PM 4000347 → zoho_id=3529895000000368794
[zoho-seed-upload] PM 4000348 → zoho_id=3529895000000370839
[zoho-seed-upload] PM 4000349 → zoho_id=3529895000000387883
[zoho-seed-upload] PM 4000350 → zoho_id=3529895000000388838
[zoho-seed-upload] PM 4000351 → zoho_id=3529895000000372731
[zoho-seed-upload] PM 4000352 → zoho_id=3529895000000373784
[zoho-seed-upload] PM 4000353 → zoho_id=3529895000000376433
[zoho-seed-upload] PM 4000354 → zoho_id=3529895000000378640
[zoho-seed-upload] PM 4000356 → zoho_id=3529895000000379766
[zoho-seed-upload] PM 4000365 → zoho_id=3529895000000380649
[zoho-seed-upload] PM 4000368 → zoho_id=3529895000000391685
[zoho-seed-upload] PM 4000369 → zoho_id=3529895000000392739
[zoho-seed-upload] PM 4000370 → zoho_id=3529895000000382811
[zoho-seed-upload] PM 4000373 → zoho_id=3529895000000383784
[zoho-seed-upload] PM 4000374 → zoho_id=3529895000000384577
[zoho-seed-upload] PM 4000375 → zoho_id=3529895000000386784
[zoho-seed-upload] PM 4000376 → zoho_id=3529895000000368803
[zoho-seed-upload] PM 4000377 → zoho_id=3529895000000369776
[zoho-seed-upload] PM 4000378 → zoho_id=3529895000000370848
[zoho-seed-upload] PM 4000379 → zoho_id=3529895000000387892
[zoho-seed-upload] PM 4000381 → zoho_id=3529895000000371955
[zoho-seed-upload] PM 4000382 → zoho_id=3529895000000393586
[zoho-seed-upload] PM 4000383 → zoho_id=3529895000000372740
[zoho-seed-upload] PM 4000385 → zoho_id=3529895000000373793
[zoho-seed-upload] PM 4000386 → zoho_id=3529895000000380658
[zoho-seed-upload] PM 4000390 → zoho_id=3529895000000391694
[zoho-seed-upload] PM 4000393 → zoho_id=3529895000000392748
[zoho-seed-upload] PM 4000394 → zoho_id=3529895000000381811
[zoho-seed-upload] PM 4000395 → zoho_id=3529895000000382820
[zoho-seed-upload] PM 4000402 → zoho_id=3529895000000405002
[zoho-seed-upload] PM 4000403 → zoho_id=3529895000000383793
[zoho-seed-upload] PM 4000404 → zoho_id=3529895000000370857
[zoho-seed-upload] PM 4000406 → zoho_id=3529895000000371964
[zoho-seed-upload] PM 4000408 → zoho_id=3529895000000388847
[zoho-seed-upload] PM 4000410 → zoho_id=3529895000000372749
[zoho-seed-upload] PM 4000412 → zoho_id=3529895000000374721
[zoho-seed-upload] PM 4000413 → zoho_id=3529895000000389811
[zoho-seed-upload] PM 4000414 → zoho_id=3529895000000375721
[zoho-seed-upload] PM 4000415 → zoho_id=3529895000000376442
[zoho-seed-upload] PM 4000416 → zoho_id=3529895000000378649
[zoho-seed-upload] PM 4000417 → zoho_id=3529895000000379775
[zoho-seed-upload] PM 4000419 → zoho_id=3529895000000394559
[zoho-seed-upload] PM 4000420 → zoho_id=3529895000000380667
[zoho-seed-upload] PM 4000421 → zoho_id=3529895000000391703
[zoho-seed-upload] PM 4000422 → zoho_id=3529895000000381820
[zoho-seed-upload] PM 4000424 → zoho_id=3529895000000382829
[zoho-seed-upload] PM 4000425 → zoho_id=3529895000000405011
[zoho-seed-upload] PM 4000428 → zoho_id=3529895000000384586
[zoho-seed-upload] PM 4000429 → zoho_id=3529895000000385775
[zoho-seed-upload] PM 4000430 → zoho_id=3529895000000369785
[zoho-seed-upload] PM 4000431 → zoho_id=3529895000000370866
[zoho-seed-upload] PM 4000432 → zoho_id=3529895000000371973
[zoho-seed-upload] PM 4000434 → zoho_id=3529895000000388856
[zoho-seed-upload] PM 4000436 → zoho_id=3529895000000393595
[zoho-seed-upload] PM 4000437 → zoho_id=3529895000000372758
[zoho-seed-upload] PM 4000441 → zoho_id=3529895000000373802
[zoho-seed-upload] PM 4000444 → zoho_id=3529895000000370875
[zoho-seed-upload] PM 4000449 → zoho_id=3529895000000387901
[zoho-seed-upload] PM 4000450 → zoho_id=3529895000000371982
[zoho-seed-upload] PM 4000451 → zoho_id=3529895000000388865
[zoho-seed-upload] PM 4000453 → zoho_id=3529895000000372767
[zoho-seed-upload] PM 4000456 → zoho_id=3529895000000374730
[zoho-seed-upload] PM 4000457 → zoho_id=3529895000000389820
[zoho-seed-upload] PM 4000458 → zoho_id=3529895000000390595
[zoho-seed-upload] PM 4000463 → zoho_id=3529895000000377613
[zoho-seed-upload] PM 4000464 → zoho_id=3529895000000378658
[zoho-seed-upload] PM 4000465 → zoho_id=3529895000000379784
[zoho-seed-upload] PM 4000466 → zoho_id=3529895000000394568
[zoho-seed-upload] PM 4000467 → zoho_id=3529895000000380676
[zoho-seed-upload] PM 4000469 → zoho_id=3529895000000392757
[zoho-seed-upload] PM 4000470 → zoho_id=3529895000000381829
[zoho-seed-upload] PM 4000474 → zoho_id=3529895000000382838
[zoho-seed-upload] PM 4000476 → zoho_id=3529895000000405020
[zoho-seed-upload] PM 4000477 → zoho_id=3529895000000383802
[zoho-seed-upload] PM 4000478 → zoho_id=3529895000000386793
[zoho-seed-upload] PM 4000479 → zoho_id=3529895000000368812
[zoho-seed-upload] PM 4000480 → zoho_id=3529895000000369794
[zoho-seed-upload] PM 4000481 → zoho_id=3529895000000387910
[zoho-seed-upload] PM 4000483 → zoho_id=3529895000000388874
[zoho-seed-upload] PM 4000484 → zoho_id=3529895000000393604
[zoho-seed-upload] PM 4000485 → zoho_id=3529895000000372776
[zoho-seed-upload] PM 4000486 → zoho_id=3529895000000374739
[zoho-seed-upload] PM 4000488 → zoho_id=3529895000000389829
[zoho-seed-upload] PM 4000489 → zoho_id=3529895000000390604
[zoho-seed-upload] PM 4000495 → zoho_id=3529895000000380685
[zoho-seed-upload] PM 4000496 → zoho_id=3529895000000392766
[zoho-seed-upload] PM 4000497 → zoho_id=3529895000000381838
[zoho-seed-upload] PM 4000503 → zoho_id=3529895000000405029
[zoho-seed-upload] PM 4000504 → zoho_id=3529895000000368821
[zoho-seed-upload] PM 4000505 → zoho_id=3529895000000370884
[zoho-seed-upload] PM 4000506 → zoho_id=3529895000000388883
[zoho-seed-upload] PM 4000507 → zoho_id=3529895000000374748
[zoho-seed-upload] PM 4000508 → zoho_id=3529895000000375730
[zoho-seed-upload] PM 4000510 → zoho_id=3529895000000376451
[zoho-seed-upload] PM 4000511 → zoho_id=3529895000000377622
[zoho-seed-upload] PM 4000515 → zoho_id=3529895000000378667
[zoho-seed-upload] PM 4000516 → zoho_id=3529895000000379793
[zoho-seed-upload] PM 4000517 → zoho_id=3529895000000380694
[zoho-seed-upload] PM 4000518 → zoho_id=3529895000000391712
[zoho-seed-upload] PM 4000519 → zoho_id=3529895000000381847
[zoho-seed-upload] PM 4000520 → zoho_id=3529895000000405038
[zoho-seed-upload] PM 4000521 → zoho_id=3529895000000383811
[zoho-seed-upload] PM 4000522 → zoho_id=3529895000000384595
[zoho-seed-upload] PM 4000523 → zoho_id=3529895000000385784
[zoho-seed-upload] PM 4000524 → zoho_id=3529895000000386802
[zoho-seed-upload] PM 4000529 → zoho_id=3529895000000369803
[zoho-seed-upload] PM 4000530 → zoho_id=3529895000000371991
[zoho-seed-upload] PM 4000533 → zoho_id=3529895000000388892
[zoho-seed-upload] PM 4000534 → zoho_id=3529895000000372785
[zoho-seed-upload] PM 4000535 → zoho_id=3529895000000373811
[zoho-seed-upload] PM 4000536 → zoho_id=3529895000000374757
[zoho-seed-upload] PM 4000537 → zoho_id=3529895000000375739
[zoho-seed-upload] PM 4000539 → zoho_id=3529895000000376460
[zoho-seed-upload] PM 4000544 → zoho_id=3529895000000377631
[zoho-seed-upload] PM 4000546 → zoho_id=3529895000000378676
[zoho-seed-upload] PM 4000547 → zoho_id=3529895000000379802
[zoho-seed-upload] PM 4000548 → zoho_id=3529895000000391721
[zoho-seed-upload] PM 4000552 → zoho_id=3529895000000381856
[zoho-seed-upload] PM 4000553 → zoho_id=3529895000000382847
[zoho-seed-upload] PM 4000554 → zoho_id=3529895000000405047
[zoho-seed-upload] PM 4000559 → zoho_id=3529895000000383820
[zoho-seed-upload] PM 4000560 → zoho_id=3529895000000385793
[zoho-seed-upload] PM 4000561 → zoho_id=3529895000000368830
[zoho-seed-upload] PM 4000562 → zoho_id=3529895000000387919
[zoho-seed-upload] PM 4000563 → zoho_id=3529895000000372000
[zoho-seed-upload] PM 4000564 → zoho_id=3529895000000388901
[zoho-seed-upload] PM 4000566 → zoho_id=3529895000000374766
[zoho-seed-upload] PM 4000568 → zoho_id=3529895000000376469
[zoho-seed-upload] PM 4000569 → zoho_id=3529895000000378685
[zoho-seed-upload] PM 4000570 → zoho_id=3529895000000394577
[zoho-seed-upload] PM 4000571 → zoho_id=3529895000000391730
[zoho-seed-upload] PM 4000572 → zoho_id=3529895000000381865
[zoho-seed-upload] PM 4000573 → zoho_id=3529895000000384604
[zoho-seed-upload] PM 4000574 → zoho_id=3529895000000385802
[zoho-seed-upload] PM 4000575 → zoho_id=3529895000000368839
[zoho-seed-upload] PM 4000608 → zoho_id=3529895000000370893
[zoho-seed-upload] PM 4000611 → zoho_id=3529895000000387928
[zoho-seed-upload] PM 4000612 → zoho_id=3529895000000388910
[zoho-seed-upload] PM 4000613 → zoho_id=3529895000000372794
[zoho-seed-upload] PM 4000624 → zoho_id=3529895000000374775
[zoho-seed-upload] PM 4000629 → zoho_id=3529895000000389838
[zoho-seed-upload] PM 4000630 → zoho_id=3529895000000390613
[zoho-seed-upload] PM 4000631 → zoho_id=3529895000000377640
[zoho-seed-upload] PM 4000633 → zoho_id=3529895000000378694
[zoho-seed-upload] PM 4000634 → zoho_id=3529895000000394586
[zoho-seed-upload] PM 4000635 → zoho_id=3529895000000380703
[zoho-seed-upload] PM 4000636 → zoho_id=3529895000000391739
[zoho-seed-upload] PM 4000637 → zoho_id=3529895000000381874
[zoho-seed-upload] PM 4000640 → zoho_id=3529895000000405056
[zoho-seed-upload] PM 4000641 → zoho_id=3529895000000384613
[zoho-seed-upload] PM 4000642 → zoho_id=3529895000000369812
[zoho-seed-upload] PM 4000643 → zoho_id=3529895000000387937
[zoho-seed-upload] PM 4000644 → zoho_id=3529895000000406009
[zoho-seed-upload] PM 4000645 → zoho_id=3529895000000388919
[zoho-seed-upload] PM 4000646 → zoho_id=3529895000000393613
[zoho-seed-upload] PM 4000647 → zoho_id=3529895000000373820
[zoho-seed-upload] PM 4000648 → zoho_id=3529895000000389847
[zoho-seed-upload] PM 4000653 → zoho_id=3529895000000390622
[zoho-seed-upload] PM 4000654 → zoho_id=3529895000000378703
[zoho-seed-upload] PM 4000655 → zoho_id=3529895000000379811
[zoho-seed-upload] PM 4000656 → zoho_id=3529895000000394595
[zoho-seed-upload] PM 4000657 → zoho_id=3529895000000380712
[zoho-seed-upload] PM 4000658 → zoho_id=3529895000000392775
[zoho-seed-upload] PM 4000659 → zoho_id=3529895000000381883
[zoho-seed-upload] PM 4000660 → zoho_id=3529895000000382856
[zoho-seed-upload] PM 4000661 → zoho_id=3529895000000383829
[zoho-seed-upload] PM 4000673 → zoho_id=3529895000000384622
[zoho-seed-upload] PM 4000674 → zoho_id=3529895000000385811
[zoho-seed-upload] PM 4000678 → zoho_id=3529895000000386811
[zoho-seed-upload] PM 4000688 → zoho_id=3529895000000368848
[zoho-seed-upload] PM 4000689 → zoho_id=3529895000000369821
[zoho-seed-upload] PM 4000694 → zoho_id=3529895000000370902
[zoho-seed-upload] PM 4000701 → zoho_id=3529895000000387946
[zoho-seed-upload] PM 4000702 → zoho_id=3529895000000406018
[zoho-seed-upload] PM 4000705 → zoho_id=3529895000000388928
[zoho-seed-upload] PM 4000710 → zoho_id=3529895000000393622
[zoho-seed-upload] PM 4000715 → zoho_id=3529895000000373829
[zoho-seed-upload] PM 4000716 → zoho_id=3529895000000375748
[zoho-seed-upload] PM 4000718 → zoho_id=3529895000000376478
[zoho-seed-upload] PM 4000721 → zoho_id=3529895000000377649
[zoho-seed-upload] PM 4000722 → zoho_id=3529895000000378712
[zoho-seed-upload] PM 4000723 → zoho_id=3529895000000379820
[zoho-seed-upload] PM 4000727 → zoho_id=3529895000000380721
[zoho-seed-upload] PM 4000753 → zoho_id=3529895000000392784
[zoho-seed-upload] PM 4000759 → zoho_id=3529895000000381892
[zoho-seed-upload] PM 4000768 → zoho_id=3529895000000382865
[zoho-seed-upload] PM 4000772 → zoho_id=3529895000000405065
[zoho-seed-upload] PM 4000773 → zoho_id=3529895000000383838
[zoho-seed-upload] PM 4000774 → zoho_id=3529895000000384631
[zoho-seed-upload] PM 4000775 → zoho_id=3529895000000385820
[zoho-seed-upload] PM 4000778 → zoho_id=3529895000000368857
[zoho-seed-upload] PM 4000780 → zoho_id=3529895000000369830
[zoho-seed-upload] PM 4000782 → zoho_id=3529895000000406027
[zoho-seed-upload] PM 4000785 → zoho_id=3529895000000388937
[zoho-seed-upload] PM 4000799 → zoho_id=3529895000000393631
[zoho-seed-upload] PM 4000800 → zoho_id=3529895000000372803
[zoho-seed-upload] PM 4000816 → zoho_id=3529895000000374784
[zoho-seed-upload] PM 4000818 → zoho_id=3529895000000389856
[zoho-seed-upload] PM 4000821 → zoho_id=3529895000000375757
[zoho-seed-upload] PM 4000822 → zoho_id=3529895000000377658
[zoho-seed-upload] PM 4000823 → zoho_id=3529895000000378721
[zoho-seed-upload] PM 4000826 → zoho_id=3529895000000379829
[zoho-seed-upload] PM 4000827 → zoho_id=3529895000000391748
[zoho-seed-upload] PM 4000829 → zoho_id=3529895000000392793
[zoho-seed-upload] PM 4000833 → zoho_id=3529895000000382874
[zoho-seed-upload] PM 4000834 → zoho_id=3529895000000405074
[zoho-seed-upload] PM 4000843 → zoho_id=3529895000000383847
[zoho-seed-upload] PM 4000844 → zoho_id=3529895000000368866
[zoho-seed-upload] PM 4000848 → zoho_id=3529895000000370911
[zoho-seed-upload] PM 4000849 → zoho_id=3529895000000387955
[zoho-seed-upload] PM 4000850 → zoho_id=3529895000000406036
[zoho-seed-upload] PM 4000851 → zoho_id=3529895000000393640
[zoho-seed-upload] PM 4000857 → zoho_id=3529895000000372812
[zoho-seed-upload] PM 4000860 → zoho_id=3529895000000374793
[zoho-seed-upload] PM 4000865 → zoho_id=3529895000000375766
[zoho-seed-upload] PM 4000866 → zoho_id=3529895000000390631
[zoho-seed-upload] PM 4000867 → zoho_id=3529895000000394604
[zoho-seed-upload] PM 4000868 → zoho_id=3529895000000380730
[zoho-seed-upload] PM 4000879 → zoho_id=3529895000000381901
[zoho-seed-upload] PM 4000893 → zoho_id=3529895000000382883
[zoho-seed-upload] PM 4000898 → zoho_id=3529895000000405083
[zoho-seed-upload] PM 4000899 → zoho_id=3529895000000384640
[zoho-seed-upload] PM 4000902 → zoho_id=3529895000000386820
[zoho-seed-upload] PM 4000903 → zoho_id=3529895000000369839
[zoho-seed-upload] PM 4000904 → zoho_id=3529895000000388946
[zoho-seed-upload] PM 4000905 → zoho_id=3529895000000393649
[zoho-seed-upload] PM 4000906 → zoho_id=3529895000000372821
[zoho-seed-upload] PM 4000908 → zoho_id=3529895000000373838
[zoho-seed-upload] PM 4000909 → zoho_id=3529895000000375775
[zoho-seed-upload] PM 4000910 → zoho_id=3529895000000379838
[zoho-seed-upload] PM 4000911 → zoho_id=3529895000000392802
[zoho-seed-upload] PM 4000912 → zoho_id=3529895000000381910
[zoho-seed-upload] PM 4000915 → zoho_id=3529895000000405092
[zoho-seed-upload] PM 4000916 → zoho_id=3529895000000384649
[zoho-seed-upload] PM 4000917 → zoho_id=3529895000000386829
[zoho-seed-upload] PM 4000919 → zoho_id=3529895000000368875
[zoho-seed-upload] PM 4000920 → zoho_id=3529895000000370920
[zoho-seed-upload] PM 4000922 → zoho_id=3529895000000387964
[zoho-seed-upload] PM 4000923 → zoho_id=3529895000000406045
[zoho-seed-upload] PM 4000924 → zoho_id=3529895000000388955
[zoho-seed-upload] PM 4000926 → zoho_id=3529895000000375784
[zoho-seed-upload] PM 4000927 → zoho_id=3529895000000376487
[zoho-seed-upload] PM 4000928 → zoho_id=3529895000000377667
[zoho-seed-upload] PM 4000930 → zoho_id=3529895000000379847
[zoho-seed-upload] PM 4000931 → zoho_id=3529895000000394613
[zoho-seed-upload] PM 4000932 → zoho_id=3529895000000392811
[zoho-seed-upload] PM 4000933 → zoho_id=3529895000000382892
[zoho-seed-upload] PM 4000949 → zoho_id=3529895000000405101
[zoho-seed-upload] PM 4000950 → zoho_id=3529895000000384658
[zoho-seed-upload] PM 4000952 → zoho_id=3529895000000368884
[zoho-seed-upload] PM 4000956 → zoho_id=3529895000000387973
[zoho-seed-upload] PM 4000957 → zoho_id=3529895000000388964
[zoho-seed-upload] PM 4000965 → zoho_id=3529895000000372830
[zoho-seed-upload] PM 4000967 → zoho_id=3529895000000374802
[zoho-seed-upload] PM 4000981 → zoho_id=3529895000000389865
[zoho-seed-upload] PM 4000982 → zoho_id=3529895000000375793
[zoho-seed-upload] PM 4000984 → zoho_id=3529895000000376496
[zoho-seed-upload] PM 4000985 → zoho_id=3529895000000378730
[zoho-seed-upload] PM 4000986 → zoho_id=3529895000000394622
[zoho-seed-upload] PM 4000987 → zoho_id=3529895000000380739
[zoho-seed-upload] PM 4000989 → zoho_id=3529895000000392820
[zoho-seed-upload] PM 4000990 → zoho_id=3529895000000381919
[zoho-seed-upload] PM 4000991 → zoho_id=3529895000000382901
[zoho-seed-upload] PM 4000992 → zoho_id=3529895000000405110
[zoho-seed-upload] PM 4000993 → zoho_id=3529895000000383856
[zoho-seed-upload] PM 4000994 → zoho_id=3529895000000385829
[zoho-seed-upload] PM 4000995 → zoho_id=3529895000000368893
[zoho-seed-upload] PM 4000996 → zoho_id=3529895000000369848
[zoho-seed-upload] PM 4000997 → zoho_id=3529895000000387982
[zoho-seed-upload] PM 4000998 → zoho_id=3529895000000388973
[zoho-seed-upload] PM 4000999 → zoho_id=3529895000000393658
[zoho-seed-upload] PM 4001000 → zoho_id=3529895000000372839
[zoho-seed-upload] PM 4001002 → zoho_id=3529895000000389874
[zoho-seed-upload] PM 4001008 → zoho_id=3529895000000375802
[zoho-seed-upload] PM 4001009 → zoho_id=3529895000000376505
[zoho-seed-upload] PM 4001010 → zoho_id=3529895000000377676
[zoho-seed-upload] PM 4001011 → zoho_id=3529895000000378739
[zoho-seed-upload] PM 4001026 → zoho_id=3529895000000379856
[zoho-seed-upload] PM 4001028 → zoho_id=3529895000000380748
[zoho-seed-upload] PM 4001029 → zoho_id=3529895000000391757
[zoho-seed-upload] PM 4001031 → zoho_id=3529895000000382910
[zoho-seed-upload] PM 4001032 → zoho_id=3529895000000405119
[zoho-seed-upload] PM 4001033 → zoho_id=3529895000000383865
[zoho-seed-upload] PM 4001034 → zoho_id=3529895000000384667
[zoho-seed-upload] PM 4001035 → zoho_id=3529895000000385838
[zoho-seed-upload] PM 4001036 → zoho_id=3529895000000368902
[zoho-seed-upload] PM 4001037 → zoho_id=3529895000000369857
[zoho-seed-upload] PM 4001038 → zoho_id=3529895000000370929
[zoho-seed-upload] PM 4001039 → zoho_id=3529895000000387991
[zoho-seed-upload] PM 4001041 → zoho_id=3529895000000406054
[zoho-seed-upload] PM 4001044 → zoho_id=3529895000000393667
[zoho-seed-upload] PM 4001046 → zoho_id=3529895000000372848
[zoho-seed-upload] PM 4001047 → zoho_id=3529895000000373847
[zoho-seed-upload] PM 4001048 → zoho_id=3529895000000374811
[zoho-seed-upload] PM 4001049 → zoho_id=3529895000000389883
[zoho-seed-upload] PM 4001050 → zoho_id=3529895000000376514
[zoho-seed-upload] PM 4001051 → zoho_id=3529895000000378748
[zoho-seed-upload] PM 4001052 → zoho_id=3529895000000394631
[zoho-seed-upload] PM 4001053 → zoho_id=3529895000000380757
[zoho-seed-upload] PM 4001054 → zoho_id=3529895000000392829
[zoho-seed-upload] PM 4001055 → zoho_id=3529895000000405128
[zoho-seed-upload] PM 4001056 → zoho_id=3529895000000383874
[zoho-seed-upload] PM 4001057 → zoho_id=3529895000000384676
[zoho-seed-upload] PM 4001058 → zoho_id=3529895000000386838
[zoho-seed-upload] PM 4001059 → zoho_id=3529895000000369866
[zoho-seed-upload] PM 4001060 → zoho_id=3529895000000372857
[zoho-seed-upload] PM 4001061 → zoho_id=3529895000000373856
[zoho-seed-upload] PM 4001062 → zoho_id=3529895000000374820
[zoho-seed-upload] PM 4001063 → zoho_id=3529895000000375811
[zoho-seed-upload] PM 4001064 → zoho_id=3529895000000379865
[zoho-seed-upload] PM 4001065 → zoho_id=3529895000000380766
[zoho-seed-upload] PM 4001066 → zoho_id=3529895000000391766
[zoho-seed-upload] PM 4001067 → zoho_id=3529895000000381928
[zoho-seed-upload] PM 4001068 → zoho_id=3529895000000382919
[zoho-seed-upload] PM 4001069 → zoho_id=3529895000000383883
[zoho-seed-upload] PM 4001070 → zoho_id=3529895000000385847
[zoho-seed-upload] PM 4001071 → zoho_id=3529895000000386847
[zoho-seed-upload] PM 4001072 → zoho_id=3529895000000368911
[zoho-seed-upload] PM 4001073 → zoho_id=3529895000000369875
[zoho-seed-upload] PM 4001074 → zoho_id=3529895000000388000
[zoho-seed-upload] PM 4001076 → zoho_id=3529895000000406063
[zoho-seed-upload] PM 4001077 → zoho_id=3529895000000388982
[zoho-seed-upload] PM 4001079 → zoho_id=3529895000000374829
[zoho-seed-upload] PM 4001080 → zoho_id=3529895000000375820
[zoho-seed-upload] PM 4001081 → zoho_id=3529895000000378757
[zoho-seed-upload] PM 4001082 → zoho_id=3529895000000379874
[zoho-seed-upload] PM 4001083 → zoho_id=3529895000000391775
[zoho-seed-upload] PM 4001084 → zoho_id=3529895000000382928
[zoho-seed-upload] PM 4001090 → zoho_id=3529895000000405137
[zoho-seed-upload] PM 4001093 → zoho_id=3529895000000385856
[zoho-seed-upload] PM 4001094 → zoho_id=3529895000000368920
[zoho-seed-upload] PM 4001097 → zoho_id=3529895000000369884
[zoho-seed-upload] PM 4001098 → zoho_id=3529895000000370938
[zoho-seed-upload] PM 4001099 → zoho_id=3529895000000407009
[zoho-seed-upload] PM 4001100 → zoho_id=3529895000000388991
[zoho-seed-upload] PM 4001104 → zoho_id=3529895000000372866
[zoho-seed-upload] PM 4001105 → zoho_id=3529895000000389892
[zoho-seed-upload] PM 4001106 → zoho_id=3529895000000375829
[zoho-seed-upload] PM 4001107 → zoho_id=3529895000000379883
[zoho-seed-upload] PM 4001108 → zoho_id=3529895000000380775
[zoho-seed-upload] PM 4001109 → zoho_id=3529895000000391784
[zoho-seed-upload] PM 4001112 → zoho_id=3529895000000392838
[zoho-seed-upload] PM 4001113 → zoho_id=3529895000000381937
[zoho-seed-upload] PM 4001114 → zoho_id=3529895000000382937
[zoho-seed-upload] PM 4001115 → zoho_id=3529895000000405146
[zoho-seed-upload] PM 4001116 → zoho_id=3529895000000383892
[zoho-seed-upload] PM 4001117 → zoho_id=3529895000000384685
[zoho-seed-upload] PM 4001118 → zoho_id=3529895000000385865
[zoho-seed-upload] PM 4001119 → zoho_id=3529895000000386856
[zoho-seed-upload] PM 4001120 → zoho_id=3529895000000368929
[zoho-seed-upload] PM 4001121 → zoho_id=3529895000000369893
[zoho-seed-upload] PM 4001123 → zoho_id=3529895000000407018
[zoho-seed-upload] PM 4001125 → zoho_id=3529895000000406072
[zoho-seed-upload] PM 4001126 → zoho_id=3529895000000389000
[zoho-seed-upload] PM 4001127 → zoho_id=3529895000000393676
[zoho-seed-upload] PM 4001129 → zoho_id=3529895000000375838
[zoho-seed-upload] PM 4001130 → zoho_id=3529895000000376523
[zoho-seed-upload] PM 4001131 → zoho_id=3529895000000377685
[zoho-seed-upload] PM 4001132 → zoho_id=3529895000000379892
[zoho-seed-upload] PM 4001135 → zoho_id=3529895000000380784
[zoho-seed-upload] PM 4001137 → zoho_id=3529895000000391793
[zoho-seed-upload] PM 4001138 → zoho_id=3529895000000392847
[zoho-seed-upload] PM 4001139 → zoho_id=3529895000000382946
[zoho-seed-upload] PM 4001140 → zoho_id=3529895000000405155
[zoho-seed-upload] PM 4001141 → zoho_id=3529895000000384694
[zoho-seed-upload] PM 4001142 → zoho_id=3529895000000368938
[zoho-seed-upload] PM 4001143 → zoho_id=3529895000000370947
[zoho-seed-upload] PM 4001144 → zoho_id=3529895000000406081
[zoho-seed-upload] PM 4001145 → zoho_id=3529895000000393685
[zoho-seed-upload] PM 4001146 → zoho_id=3529895000000373865
[zoho-seed-upload] PM 4001147 → zoho_id=3529895000000374838
[zoho-seed-upload] PM 4001148 → zoho_id=3529895000000375847
[zoho-seed-upload] PM 4001149 → zoho_id=3529895000000377694
[zoho-seed-upload] PM 4001150 → zoho_id=3529895000000379901
[zoho-seed-upload] PM 4001151 → zoho_id=3529895000000392856
[zoho-seed-upload] PM 4001152 → zoho_id=3529895000000381946
[zoho-seed-upload] PM 4001153 → zoho_id=3529895000000382955
[zoho-seed-upload] PM 4001154 → zoho_id=3529895000000405164
[zoho-seed-upload] PM 4001155 → zoho_id=3529895000000385874
[zoho-seed-upload] PM 4001156 → zoho_id=3529895000000386865
[zoho-seed-upload] PM 4001157 → zoho_id=3529895000000368947
[zoho-seed-upload] PM 4001158 → zoho_id=3529895000000369902
[zoho-seed-upload] PM 4001159 → zoho_id=3529895000000370956
[zoho-seed-upload] PM 4001160 → zoho_id=3529895000000407027
[zoho-seed-upload] PM 4001161 → zoho_id=3529895000000408009
[zoho-seed-upload] PM 4001162 → zoho_id=3529895000000374847
[zoho-seed-upload] PM 4001163 → zoho_id=3529895000000389901
[zoho-seed-upload] PM 4001164 → zoho_id=3529895000000375856
[zoho-seed-upload] PM 4001165 → zoho_id=3529895000000376532
[zoho-seed-upload] PM 4001167 → zoho_id=3529895000000377703
[zoho-seed-upload] PM 4001168 → zoho_id=3529895000000378766
[zoho-seed-upload] PM 4001169 → zoho_id=3529895000000379910
[zoho-seed-upload] PM 4001170 → zoho_id=3529895000000394640
[zoho-seed-upload] PM 4001171 → zoho_id=3529895000000380793
[zoho-seed-upload] PM 4001172 → zoho_id=3529895000000391802
[zoho-seed-upload] PM 4001173 → zoho_id=3529895000000392865
[zoho-seed-upload] PM 4001174 → zoho_id=3529895000000381955
[zoho-seed-upload] PM 4001175 → zoho_id=3529895000000382964
[zoho-seed-upload] PM 4001176 → zoho_id=3529895000000383901
[zoho-seed-upload] PM 4001177 → zoho_id=3529895000000386874
[zoho-seed-upload] PM 4001178 → zoho_id=3529895000000369911
[zoho-seed-upload] PM 4001179 → zoho_id=3529895000000407036
[zoho-seed-upload] PM 4001180 → zoho_id=3529895000000406090
[zoho-seed-upload] PM 4001181 → zoho_id=3529895000000408018
[zoho-seed-upload] PM 4001182 → zoho_id=3529895000000372875
[zoho-seed-upload] PM 4001183 → zoho_id=3529895000000374856
[zoho-seed-upload] PM 4001184 → zoho_id=3529895000000389910
[zoho-seed-upload] PM 4001185 → zoho_id=3529895000000375865
[zoho-seed-upload] PM 4001186 → zoho_id=3529895000000376541
[zoho-seed-upload] PM 4001187 → zoho_id=3529895000000377712
[zoho-seed-upload] PM 4001188 → zoho_id=3529895000000378775
[zoho-seed-upload] PM 4001189 → zoho_id=3529895000000394649
[zoho-seed-upload] PM 4001190 → zoho_id=3529895000000380802
[zoho-seed-upload] PM 4001191 → zoho_id=3529895000000392874
[zoho-seed-upload] PM 4001195 → zoho_id=3529895000000381964
[zoho-seed-upload] PM 4001196 → zoho_id=3529895000000382973
[zoho-seed-upload] PM 4001197 → zoho_id=3529895000000384703
[zoho-seed-upload] PM 4001198 → zoho_id=3529895000000385883
[zoho-seed-upload] PM 4001199 → zoho_id=3529895000000386883
[zoho-seed-upload] PM 4001201 → zoho_id=3529895000000368956
[zoho-seed-upload] PM 4001202 → zoho_id=3529895000000369920
[zoho-seed-upload] PM 50GBC05 → zoho_id=3529895000000406099
[zoho-seed-upload] PM 5F00043 → zoho_id=3529895000000393694
[zoho-seed-upload] PM 5I00043 → zoho_id=3529895000000372884
[zoho-seed-upload] PM 5I00053 → zoho_id=3529895000000373874
[zoho-seed-upload] PM 7SVIPB001 → zoho_id=3529895000000374865
[zoho-seed-upload] PM EIRM0741 → zoho_id=3529895000000389919
[zoho-seed-upload] PM FT006 → zoho_id=3529895000000390640
[zoho-seed-upload] PM FT011 → zoho_id=3529895000000377721
[zoho-seed-upload] PM MS012 → zoho_id=3529895000000379919
[zoho-seed-upload] PM MS015 → zoho_id=3529895000000392883
[zoho-seed-upload] PM MS023 → zoho_id=3529895000000381973
[zoho-seed-upload] PM SFA0014BS → zoho_id=3529895000000382982
[zoho-seed-upload] PM 5L00001 → zoho_id=3529895000000383910
[zoho-seed-upload] PM 5L00004 → zoho_id=3529895000000369929
[zoho-seed-upload] PM 5L00005 → zoho_id=3529895000000406108
[zoho-seed-upload] PM 5L00006 → zoho_id=3529895000000393703
[zoho-seed-upload] PM 5L00007 → zoho_id=3529895000000372893
[zoho-seed-upload] PM 5L00008 → zoho_id=3529895000000374874
[zoho-seed-upload] PM 5L00009 → zoho_id=3529895000000389928
[zoho-seed-upload] PM 5L00010 → zoho_id=3529895000000375874
[zoho-seed-upload] PM 5L00011 → zoho_id=3529895000000379928
[zoho-seed-upload] PM 5L00014 → zoho_id=3529895000000380811
[zoho-seed-upload] PM 5L00020 → zoho_id=3529895000000392892
[zoho-seed-upload] PM 5L00021 → zoho_id=3529895000000381982
[zoho-seed-upload] PM 5L00022 → zoho_id=3529895000000405173
[zoho-seed-upload] PM 5L00023 → zoho_id=3529895000000383919
[zoho-seed-upload] PM 5L00025 → zoho_id=3529895000000369938
[zoho-seed-upload] PM 5L00026 → zoho_id=3529895000000370965
[zoho-seed-upload] PM 5L00027 → zoho_id=3529895000000407045
[zoho-seed-upload] PM 5L00028 → zoho_id=3529895000000406117
[zoho-seed-upload] PM 5L00029 → zoho_id=3529895000000408027
[zoho-seed-upload] PM 5L00030 → zoho_id=3529895000000393712
[zoho-seed-upload] PM 5L00031 → zoho_id=3529895000000372902
[zoho-seed-upload] PM 5L00032 → zoho_id=3529895000000373883
[zoho-seed-upload] PM 5L00034 → zoho_id=3529895000000374883
[zoho-seed-upload] PM 5L00035 → zoho_id=3529895000000389937
[zoho-seed-upload] PM 5L00036 → zoho_id=3529895000000375883
[zoho-seed-upload] PM 5L00037 → zoho_id=3529895000000390649
[zoho-seed-upload] PM 5L00038 → zoho_id=3529895000000377730
[zoho-seed-upload] PM 5L00046 → zoho_id=3529895000000379937
[zoho-seed-upload] PM 5L00047 → zoho_id=3529895000000394658
[zoho-seed-upload] PM 5L00050 → zoho_id=3529895000000380820
[zoho-seed-upload] PM 5L00051 → zoho_id=3529895000000391811
[zoho-seed-upload] PM 5L00052 → zoho_id=3529895000000392901
[zoho-seed-upload] PM 5L00055 → zoho_id=3529895000000381991
[zoho-seed-upload] PM 5L00058 → zoho_id=3529895000000382991
[zoho-seed-upload] PM 5L00061 → zoho_id=3529895000000405182
[zoho-seed-upload] PM 5L00062 → zoho_id=3529895000000384712
[zoho-seed-upload] PM 5L00066 → zoho_id=3529895000000385892
[zoho-seed-upload] PM 5L00067 → zoho_id=3529895000000386892
[zoho-seed-upload] PM 5L00068 → zoho_id=3529895000000368965
[zoho-seed-upload] PM 5L00069 → zoho_id=3529895000000369947
[zoho-seed-upload] PM 5L00071 → zoho_id=3529895000000407054
[zoho-seed-upload] PM 5L00073 → zoho_id=3529895000000406126
[zoho-seed-upload] PM 5L00074 → zoho_id=3529895000000393721
[zoho-seed-upload] PM 5L00076 → zoho_id=3529895000000372911
[zoho-seed-upload] PM 5L00077 → zoho_id=3529895000000374892
[zoho-seed-upload] PM 5L00078 → zoho_id=3529895000000375892
[zoho-seed-upload] PM 5L00079 → zoho_id=3529895000000390658
[zoho-seed-upload] PM 5L00081 → zoho_id=3529895000000376550
[zoho-seed-upload] PM 5L00082 → zoho_id=3529895000000377739
[zoho-seed-upload] PM 5L00085 → zoho_id=3529895000000378784
[zoho-seed-upload] PM 5L00092 → zoho_id=3529895000000379946
[zoho-seed-upload] PM 5L00093 → zoho_id=3529895000000394667
[zoho-seed-upload] PM 5L00095 → zoho_id=3529895000000391820
[zoho-seed-upload] PM 5L00096 → zoho_id=3529895000000392910
[zoho-seed-upload] PM 5L00104 → zoho_id=3529895000000383000
[zoho-seed-upload] PM 5L00105 → zoho_id=3529895000000405191
[zoho-seed-upload] PM 5L00106 → zoho_id=3529895000000383928
[zoho-seed-upload] PM 5L00108 → zoho_id=3529895000000370974
[zoho-seed-upload] PM 5L00110 → zoho_id=3529895000000407063
[zoho-seed-upload] PM 5L00111 → zoho_id=3529895000000406135
[zoho-seed-upload] PM 5L00114 → zoho_id=3529895000000393730
[zoho-seed-upload] PM 5L00115 → zoho_id=3529895000000372920
[zoho-seed-upload] PM 5L00117 → zoho_id=3529895000000389946
[zoho-seed-upload] PM 5L00119 → zoho_id=3529895000000375901
[zoho-seed-upload] PM 5L00120 → zoho_id=3529895000000379955
[zoho-seed-upload] PM 5L00131 → zoho_id=3529895000000394676
[zoho-seed-upload] PM 5L00137 → zoho_id=3529895000000380829
[zoho-seed-upload] PM 5L00138 → zoho_id=3529895000000391829
[zoho-seed-upload] PM 5L00139 → zoho_id=3529895000000392919
[zoho-seed-upload] PM 5L00140 → zoho_id=3529895000000382000
[zoho-seed-upload] PM 5L00141 → zoho_id=3529895000000405200
[zoho-seed-upload] PM 5L00142 → zoho_id=3529895000000384721
[zoho-seed-upload] PM 5L00143 → zoho_id=3529895000000385901
[zoho-seed-upload] PM 5L00144 → zoho_id=3529895000000386901
[zoho-seed-upload] PM 5L00145 → zoho_id=3529895000000368974
[zoho-seed-upload] PM 5L00146 → zoho_id=3529895000000369956
[zoho-seed-upload] PM 5L00147 → zoho_id=3529895000000370983
[zoho-seed-upload] PM 5L00148 → zoho_id=3529895000000407072
[zoho-seed-upload] PM 5L00149 → zoho_id=3529895000000406144
[zoho-seed-upload] PM 5L00150 → zoho_id=3529895000000393739
[zoho-seed-upload] PM 5L00153 → zoho_id=3529895000000372929
[zoho-seed-upload] PM 5L00172 → zoho_id=3529895000000373892
[zoho-seed-upload] PM 5L00175 → zoho_id=3529895000000374901
[zoho-seed-upload] PM 5L00176 → zoho_id=3529895000000389955
[zoho-seed-upload] PM 5L00179 → zoho_id=3529895000000390667
[zoho-seed-upload] PM 5L00180 → zoho_id=3529895000000377748
[zoho-seed-upload] PM 5L00181 → zoho_id=3529895000000378793
[zoho-seed-upload] PM 5L00182 → zoho_id=3529895000000394685
[zoho-seed-upload] PM 5L00183 → zoho_id=3529895000000391838
[zoho-seed-upload] PM 5L00184 → zoho_id=3529895000000392928
[zoho-seed-upload] PM 5L00186 → zoho_id=3529895000000410009
[zoho-seed-upload] PM 5L00187 → zoho_id=3529895000000409009
[zoho-seed-upload] PM 5L00189 → zoho_id=3529895000000383937
[zoho-seed-upload] PM 5L00194 → zoho_id=3529895000000393748
[zoho-seed-upload] PM 5L00196 → zoho_id=3529895000000373901
[zoho-seed-upload] PM 5L00198 → zoho_id=3529895000000374910
[zoho-seed-upload] PM 5L00202 → zoho_id=3529895000000389964
[zoho-seed-upload] PM 5L00207 → zoho_id=3529895000000375910
[zoho-seed-upload] PM 5L00208 → zoho_id=3529895000000390676
[zoho-seed-upload] PM 5L00209 → zoho_id=3529895000000378802
[zoho-seed-upload] PM 5L00212 → zoho_id=3529895000000379964
[zoho-seed-upload] PM 5L00219 → zoho_id=3529895000000394694
[zoho-seed-upload] PM 5L00220 → zoho_id=3529895000000380838
[zoho-seed-upload] PM 5L00221 → zoho_id=3529895000000391847
[zoho-seed-upload] PM 5L00222 → zoho_id=3529895000000392937
[zoho-seed-upload] PM 5L00223 → zoho_id=3529895000000410018
[zoho-seed-upload] PM 5L00224 → zoho_id=3529895000000409018
[zoho-seed-upload] PM 5L00226 → zoho_id=3529895000000405209
[zoho-seed-upload] PM 5L00229 → zoho_id=3529895000000384730
[zoho-seed-upload] PM 5L00230 → zoho_id=3529895000000385910
[zoho-seed-upload] PM 5L00233 → zoho_id=3529895000000386910
[zoho-seed-upload] PM 5L00234 → zoho_id=3529895000000369965
[zoho-seed-upload] PM 5L00237 → zoho_id=3529895000000370992
[zoho-seed-upload] PM 5L00241 → zoho_id=3529895000000407081
[zoho-seed-upload] PM 5L00254 → zoho_id=3529895000000406153
[zoho-seed-upload] PM 5L00256 → zoho_id=3529895000000393757
[zoho-seed-upload] PM 5L00258 → zoho_id=3529895000000373910
[zoho-seed-upload] PM 5L00259 → zoho_id=3529895000000374919
[zoho-seed-upload] PM 5L00261 → zoho_id=3529895000000389973
[zoho-seed-upload] PM 5L00262 → zoho_id=3529895000000375919
[zoho-seed-upload] PM 5L00264 → zoho_id=3529895000000390685
[zoho-seed-upload] PM 5L00265 → zoho_id=3529895000000376559
[zoho-seed-upload] PM 5L00266 → zoho_id=3529895000000377757
[zoho-seed-upload] PM 5L00273 → zoho_id=3529895000000379973
[zoho-seed-upload] PM 5L00275 → zoho_id=3529895000000391856
[zoho-seed-upload] PM 5L00276 → zoho_id=3529895000000392946
[zoho-seed-upload] PM 5L00277 → zoho_id=3529895000000405218
[zoho-seed-upload] PM 5L00279 → zoho_id=3529895000000383946
[zoho-seed-upload] PM 5L00280 → zoho_id=3529895000000368983
[zoho-seed-upload] PM 5L00281 → zoho_id=3529895000000411001
[zoho-seed-upload] PM 5L00283 → zoho_id=3529895000000407090
[zoho-seed-upload] PM 5L00284 → zoho_id=3529895000000406162
[zoho-seed-upload] PM 5L00285 → zoho_id=3529895000000372943
[zoho-seed-upload] PM 5L00286 → zoho_id=3529895000000373919
[zoho-seed-upload] PM 5L00288 → zoho_id=3529895000000375928
[zoho-seed-upload] PM 5L00289 → zoho_id=3529895000000391865
[zoho-seed-upload] PM 5L00295 → zoho_id=3529895000000392955
[zoho-seed-upload] PM 5L00314 → zoho_id=3529895000000410027
[zoho-seed-upload] PM 5L00316 → zoho_id=3529895000000405227
[zoho-seed-upload] PM 5L00317 → zoho_id=3529895000000384739
[zoho-seed-upload] PM 5L00318 → zoho_id=3529895000000385919
[zoho-seed-upload] PM 5L00319 → zoho_id=3529895000000386919
[zoho-seed-upload] PM 5L00320 → zoho_id=3529895000000368992
[zoho-seed-upload] PM 5L00330 → zoho_id=3529895000000411010
[zoho-seed-upload] PM 5L00331 → zoho_id=3529895000000406171
[zoho-seed-upload] PM 5L00336 → zoho_id=3529895000000408036
[zoho-seed-upload] PM 5L00337 → zoho_id=3529895000000394710
[zoho-seed-upload] PM 5L00338 → zoho_id=3529895000000391881
[zoho-seed-upload] PM 5L00342 → zoho_id=3529895000000410043
[zoho-seed-upload] PM 5L00343 → zoho_id=3529895000000409027
[zoho-seed-upload] PM 5L00344 → zoho_id=3529895000000405243
[zoho-seed-upload] PM 5L00345 → zoho_id=3529895000000385935
[zoho-seed-upload] PM 5L00346 → zoho_id=3529895000000412008
[zoho-seed-upload] PM 5L00348 → zoho_id=3529895000000369981
[zoho-seed-upload] PM 5L00349 → zoho_id=3529895000000407106
[zoho-seed-upload] PM 5L00350 → zoho_id=3529895000000406187
[zoho-seed-upload] PM 5L00351 → zoho_id=3529895000000408052
[zoho-seed-upload] PM 5L00358 → zoho_id=3529895000000393773
[zoho-seed-upload] PM 5L00359 → zoho_id=3529895000000372952
[zoho-seed-upload] PM 5L00364 → zoho_id=3529895000000373935
[zoho-seed-upload] PM 5L00381 → zoho_id=3529895000000389989
[zoho-seed-upload] PM 5L00382 → zoho_id=3529895000000375937
[zoho-seed-upload] PM 5L00383 → zoho_id=3529895000000394726
[zoho-seed-upload] PM 5L00384 → zoho_id=3529895000000380854
[zoho-seed-upload] PM 5L00385 → zoho_id=3529895000000410059
[zoho-seed-upload] PM 5L00386 → zoho_id=3529895000000409043
[zoho-seed-upload] PM 5L00387 → zoho_id=3529895000000405259
[zoho-seed-upload] PM 5L00388 → zoho_id=3529895000000383962
[zoho-seed-upload] PM 5L00389 → zoho_id=3529895000000373951
[zoho-seed-upload] PM 5L00395 → zoho_id=3529895000000390708
[zoho-seed-upload] PM 5L00397 → zoho_id=3529895000000376582
[zoho-seed-upload] PM 5L00398 → zoho_id=3529895000000377766
[zoho-seed-upload] PM 5L00399 → zoho_id=3529895000000378825
[zoho-seed-upload] PM 5L00400 → zoho_id=3529895000000379989
[zoho-seed-upload] PM 5L00402 → zoho_id=3529895000000394742
[zoho-seed-upload] PM 5L00403 → zoho_id=3529895000000391904
[zoho-seed-upload] PM 5L00406 → zoho_id=3529895000000410075
[zoho-seed-upload] PM 5L00407 → zoho_id=3529895000000409059
[zoho-seed-upload] PM 5L00408 → zoho_id=3529895000000384762
[zoho-seed-upload] PM 5L00409 → zoho_id=3529895000000385951
[zoho-seed-upload] PM 5L00410 → zoho_id=3529895000000386942
[zoho-seed-upload] PM 5L00411 → zoho_id=3529895000000412017
[zoho-seed-upload] PM 5L00412 → zoho_id=3529895000000411033
[zoho-seed-upload] PM 5L00414 → zoho_id=3529895000000407122
[zoho-seed-upload] PM 5L00415 → zoho_id=3529895000000408082
[zoho-seed-upload] PM 5L00416 → zoho_id=3529895000000383971
[zoho-seed-upload] PM 5L00417 → zoho_id=3529895000000373967
[zoho-seed-upload] PM 5L00418 → zoho_id=3529895000000413005
[zoho-seed-upload] PM 5L00419 → zoho_id=3529895000000375953
[zoho-seed-upload] PM 5L00424 → zoho_id=3529895000000376591
[zoho-seed-upload] PM 5L00425 → zoho_id=3529895000000377782
[zoho-seed-upload] PM 5L00426 → zoho_id=3529895000000414005
[zoho-seed-upload] PM 5L00429 → zoho_id=3529895000000392985
[zoho-seed-upload] PM 5L00430 → zoho_id=3529895000000409075
[zoho-seed-upload] PM 5L00431 → zoho_id=3529895000000384785
[zoho-seed-upload] PM 5L00432 → zoho_id=3529895000000385974
[zoho-seed-upload] PM 5L00433 → zoho_id=3529895000000386958
[zoho-seed-upload] PM 5L00434 → zoho_id=3529895000000412040
[zoho-seed-upload] PM 5L00435 → zoho_id=3529895000000411049
[zoho-seed-upload] PM 5L00439 → zoho_id=3529895000000407145
[zoho-seed-upload] PM 5L00440 → zoho_id=3529895000000406224
[zoho-seed-upload] PM 5L00447 → zoho_id=3529895000000408091
[zoho-seed-upload] PM 5L00449 → zoho_id=3529895000000372989
[zoho-seed-upload] PM 5L00450 → zoho_id=3529895000000373983
[zoho-seed-upload] PM 5L00451 → zoho_id=3529895000000413021
[zoho-seed-upload] PM 5L00452 → zoho_id=3529895000000390724
[zoho-seed-upload] PM 5L00453 → zoho_id=3529895000000377798
[zoho-seed-upload] PM 5L00454 → zoho_id=3529895000000394758
[zoho-seed-upload] PM 5L00455 → zoho_id=3529895000000380877
[zoho-seed-upload] PM 5L00456 → zoho_id=3529895000000391927
[zoho-seed-upload] PM 5L00457 → zoho_id=3529895000000415001
[zoho-seed-upload] PM 5L00458 → zoho_id=3529895000000409091
[zoho-seed-upload] PM 5L00460 → zoho_id=3529895000000405282
[zoho-seed-upload] PM 5L00461 → zoho_id=3529895000000385990
[zoho-seed-upload] PM 5L00463 → zoho_id=3529895000000386967
[zoho-seed-upload] PM 5L00464 → zoho_id=3529895000000412049
[zoho-seed-upload] PM 5L00465 → zoho_id=3529895000000369997
[zoho-seed-upload] PM 5L00466 → zoho_id=3529895000000407161
[zoho-seed-upload] PM 5L00467 → zoho_id=3529895000000406233
[zoho-seed-upload] PM 5L00468 → zoho_id=3529895000000393803
[zoho-seed-upload] PM 5L00469 → zoho_id=3529895000000372998
[zoho-seed-upload] PM 5L00470 → zoho_id=3529895000000373999
[zoho-seed-upload] PM 5L00471 → zoho_id=3529895000000413030
[zoho-seed-upload] PM 5L00472 → zoho_id=3529895000000390740
[zoho-seed-upload] PM 5L00473 → zoho_id=3529895000000394767
[zoho-seed-upload] PM 5L00474 → zoho_id=3529895000000391936
[zoho-seed-upload] PM 5L00475 → zoho_id=3529895000000415017
[zoho-seed-upload] PM 5L00476 → zoho_id=3529895000000405298
[zoho-seed-upload] PM 5L00478 → zoho_id=3529895000000386983
[zoho-seed-upload] PM 5L00479 → zoho_id=3529895000000417006
[zoho-seed-upload] PM 5L00480 → zoho_id=3529895000000407177
[zoho-seed-upload] PM 5L00481 → zoho_id=3529895000000406249
[zoho-seed-upload] PM 5L00482 → zoho_id=3529895000000408100
[zoho-seed-upload] PM 5L00483 → zoho_id=3529895000000418014
[zoho-seed-upload] PM 5L00484 → zoho_id=3529895000000419015
[zoho-seed-upload] PM 5L00485 → zoho_id=3529895000000374963
[zoho-seed-upload] PM 5L00486 → zoho_id=3529895000000375983
[zoho-seed-upload] PM 5L00487 → zoho_id=3529895000000390756
[zoho-seed-upload] PM 5L00488 → zoho_id=3529895000000414035
[zoho-seed-upload] PM 5L00489 → zoho_id=3529895000000410105
[zoho-seed-upload] PM 5L00494 → zoho_id=3529895000000409114
[zoho-seed-upload] PM 5L00495 → zoho_id=3529895000000405321
[zoho-seed-upload] PM 5L00496 → zoho_id=3529895000000416020
[zoho-seed-upload] PM 5L00497 → zoho_id=3529895000000386999
[zoho-seed-upload] PM 5L00498 → zoho_id=3529895000000417029
[zoho-seed-upload] PM 5L00499 → zoho_id=3529895000000411086
[zoho-seed-upload] PM 5L00500 → zoho_id=3529895000000407200
[zoho-seed-upload] PM 5L00502 → zoho_id=3529895000000406272
[zoho-seed-upload] PM 5L00503 → zoho_id=3529895000000408123
[zoho-seed-upload] PM 5L00504 → zoho_id=3529895000000393819
[zoho-seed-upload] PM 5L00505 → zoho_id=3529895000000421008
[zoho-seed-upload] PM 5L00506 → zoho_id=3529895000000418023
[zoho-seed-upload] PM 5L00508 → zoho_id=3529895000000374986
[zoho-seed-upload] PM 5L00509 → zoho_id=3529895000000413046
[zoho-seed-upload] PM 5L00511 → zoho_id=3529895000000375992
[zoho-seed-upload] PM 5L00514 → zoho_id=3529895000000376607
[zoho-seed-upload] PM 5L00515 → zoho_id=3529895000000377814
[zoho-seed-upload] PM 5L00516 → zoho_id=3529895000000378848
[zoho-seed-upload] PM 5L00517 → zoho_id=3529895000000414051
[zoho-seed-upload] PM 5L00518 → zoho_id=3529895000000394776
[zoho-seed-upload] PM 5L00519 → zoho_id=3529895000000391966
[zoho-seed-upload] PM 5L00520 → zoho_id=3529895000000415047
[zoho-seed-upload] PM 5L00521 → zoho_id=3529895000000410121
[zoho-seed-upload] PM 5L00522 → zoho_id=3529895000000409123
[zoho-seed-upload] PM 5L00523 → zoho_id=3529895000000405330
[zoho-seed-upload] PM 5L00524 → zoho_id=3529895000000384815
[zoho-seed-upload] PM 5L00530 → zoho_id=3529895000000420008
[zoho-seed-upload] PM 5L00535 → zoho_id=3529895000000417045
[zoho-seed-upload] PM 5L00536 → zoho_id=3529895000000407216
[zoho-seed-upload] PM 5L00537 → zoho_id=3529895000000408132
[zoho-seed-upload] PM 5L00538 → zoho_id=3529895000000421024
[zoho-seed-upload] PM 5L00539 → zoho_id=3529895000000413062
[zoho-seed-upload] PM 5L00540 → zoho_id=3529895000000390779
[zoho-seed-upload] PM 5L00541 → zoho_id=3529895000000414067
[zoho-seed-upload] PM 5L00542 → zoho_id=3529895000000410137
[zoho-seed-upload] PM 5L00543 → zoho_id=3529895000000409139
[zoho-seed-upload] PM 5L00547 → zoho_id=3529895000000405346
[zoho-seed-upload] PM 5L00548 → zoho_id=3529895000000412086
[zoho-seed-upload] PM 5L00549 → zoho_id=3529895000000411109
[zoho-seed-upload] PM 5L01372 → zoho_id=3529895000000408148
[zoho-seed-upload] PM 5L00555 → zoho_id=3529895000000421033
[zoho-seed-upload] PM 5L00556 → zoho_id=3529895000000422009
[zoho-seed-upload] PM 5L00557 → zoho_id=3529895000000390795
[zoho-seed-upload] PM 5L00558 → zoho_id=3529895000000394785
[zoho-seed-upload] PM 5L00559 → zoho_id=3529895000000377830
[zoho-seed-upload] PM 5L00560 → zoho_id=3529895000000378871
[zoho-seed-upload] PM 5L00561 → zoho_id=3529895000000421042
[zoho-seed-upload] PM 5L00562 → zoho_id=3529895000000380914
[zoho-seed-upload] PM 5L00563 → zoho_id=3529895000000410153
[zoho-seed-upload] PM 5L00564 → zoho_id=3529895000000405362
[zoho-seed-upload] PM 5L00565 → zoho_id=3529895000000420024
[zoho-seed-upload] PM 5L00566 → zoho_id=3529895000000412102
[zoho-seed-upload] PM 5L00567 → zoho_id=3529895000000417061
[zoho-seed-upload] PM 5L00568 → zoho_id=3529895000000411125
[zoho-seed-upload] PM 5L00569 → zoho_id=3529895000000406295
[zoho-seed-upload] PM 5L00570 → zoho_id=3529895000000393842
[zoho-seed-upload] PM 5L00571 → zoho_id=3529895000000422025
[zoho-seed-upload] PM 5L00572 → zoho_id=3529895000000423008
[zoho-seed-upload] PM 5L00574 → zoho_id=3529895000000376630
[zoho-seed-upload] PM 5L00575 → zoho_id=3529895000000414090
[zoho-seed-upload] PM 5L00576 → zoho_id=3529895000000416043
[zoho-seed-upload] PM 5L00577 → zoho_id=3529895000000411141
[zoho-seed-upload] PM 5L00578 → zoho_id=3529895000000407246
[zoho-seed-upload] PM 5L00579 → zoho_id=3529895000000406304
[zoho-seed-upload] PM 5L00580 → zoho_id=3529895000000393858
[zoho-seed-upload] PM 5L00581 → zoho_id=3529895000000422041
[zoho-seed-upload] PM 5L00582 → zoho_id=3529895000000413092
[zoho-seed-upload] PM 5L00583 → zoho_id=3529895000000423017
[zoho-seed-upload] PM 5L00594 → zoho_id=3529895000000394808
[zoho-seed-upload] PM 5L00595 → zoho_id=3529895000000380937
[zoho-seed-upload] PM 5L00596 → zoho_id=3529895000000405385
[zoho-seed-upload] PM 5L00597 → zoho_id=3529895000000411157
[zoho-seed-upload] PM 5L00598 → zoho_id=3529895000000408164
[zoho-seed-upload] PM 5L00599 → zoho_id=3529895000000423033
[zoho-seed-upload] PM 5L00600 → zoho_id=3529895000000377846
[zoho-seed-upload] PM 5L00601 → zoho_id=3529895000000378901
[zoho-seed-upload] PM 5L00602 → zoho_id=3529895000000414113
[zoho-seed-upload] PM 5L00603 → zoho_id=3529895000000380953
[zoho-seed-upload] PM 5L00606 → zoho_id=3529895000000409176
[zoho-seed-upload] PM 5L00607 → zoho_id=3529895000000384859
[zoho-seed-upload] PM 5L00608 → zoho_id=3529895000000420047
[zoho-seed-upload] PM 5L00609 → zoho_id=3529895000000412132
[zoho-seed-upload] PM 5L00611 → zoho_id=3529895000000407269
[zoho-seed-upload] PM 5L00612 → zoho_id=3529895000000408180
[zoho-seed-upload] PM 5L00613 → zoho_id=3529895000000413108
[zoho-seed-upload] PM 5L00614 → zoho_id=3529895000000376653
[zoho-seed-upload] PM 5L00615 → zoho_id=3529895000000378910
[zoho-seed-upload] PM 5L00616 → zoho_id=3529895000000414122
[zoho-seed-upload] PM 5L00620 → zoho_id=3529895000000421072
[zoho-seed-upload] PM 5L00621 → zoho_id=3529895000000391996
[zoho-seed-upload] PM 5L00622 → zoho_id=3529895000000410169
[zoho-seed-upload] PM 5L00623 → zoho_id=3529895000000416066
[zoho-seed-upload] PM 5L00624 → zoho_id=3529895000000420056
[zoho-seed-upload] PM 5L00625 → zoho_id=3529895000000407285
[zoho-seed-upload] PM 5L00626 → zoho_id=3529895000000419059
[zoho-seed-upload] PM 5L00627 → zoho_id=3529895000000423049
[zoho-seed-upload] PM 5L00628 → zoho_id=3529895000000380976
[zoho-seed-upload] PM 5L00630 → zoho_id=3529895000000415091
[zoho-seed-upload] PM 5L00631 → zoho_id=3529895000000405408
[zoho-seed-upload] PM 5L00632 → zoho_id=3529895000000420065
[zoho-seed-upload] PM 5L00633 → zoho_id=3529895000000412141
[zoho-seed-upload] PM 5L00634 → zoho_id=3529895000000411187
[zoho-seed-upload] PM 5L00635 → zoho_id=3529895000000406341
[zoho-seed-upload] PM 5L00636 → zoho_id=3529895000000418046
[zoho-seed-upload] PM 5L00637 → zoho_id=3529895000000422057
[zoho-seed-upload] PM 5L00638 → zoho_id=3529895000000413124
[zoho-seed-upload] PM 5L00640 → zoho_id=3529895000000390818
[zoho-seed-upload] PM 5L00641 → zoho_id=3529895000000421095
[zoho-seed-upload] PM 5L00642 → zoho_id=3529895000000424012
[zoho-seed-upload] PM 5L00644 → zoho_id=3529895000000410178
[zoho-seed-upload] PM 5L00647 → zoho_id=3529895000000409213
[zoho-seed-upload] PM 5L00648 → zoho_id=3529895000000405417
[zoho-seed-upload] PM 5L00649 → zoho_id=3529895000000384889
[zoho-seed-upload] PM 5L00650 → zoho_id=3529895000000420081
[zoho-seed-upload] PM 5L00651 → zoho_id=3529895000000417084
[zoho-seed-upload] PM 5L00652 → zoho_id=3529895000000393881
[zoho-seed-upload] PM 5L00653 → zoho_id=3529895000000419068
[zoho-seed-upload] PM 5L00654 → zoho_id=3529895000000413133
[zoho-seed-upload] PM 5L00655 → zoho_id=3529895000000423058
[zoho-seed-upload] PM 5L00656 → zoho_id=3529895000000414138
[zoho-seed-upload] PM 5L00657 → zoho_id=3529895000000380985
[zoho-seed-upload] PM 5L00658 → zoho_id=3529895000000409222
[zoho-seed-upload] PM 5L00659 → zoho_id=3529895000000405426
[zoho-seed-upload] PM 5L00660 → zoho_id=3529895000000416096
[zoho-seed-upload] PM 5L00661 → zoho_id=3529895000000420090
[zoho-seed-upload] PM 5L00663 → zoho_id=3529895000000407308
[zoho-seed-upload] PM 5L00665 → zoho_id=3529895000000408217
[zoho-seed-upload] PM 5L00666 → zoho_id=3529895000000414154
[zoho-seed-upload] PM 5L00667 → zoho_id=3529895000000409238
[zoho-seed-upload] PM 5L00668 → zoho_id=3529895000000416112
[zoho-seed-upload] PM 5L00669 → zoho_id=3529895000000412157
[zoho-seed-upload] PM 5L00670 → zoho_id=3529895000000407324
[zoho-seed-upload] PM 5L00671 → zoho_id=3529895000000393904
[zoho-seed-upload] PM 5L00672 → zoho_id=3529895000000418069
[zoho-seed-upload] PM 5L00674 → zoho_id=3529895000000422073
[zoho-seed-upload] PM 5L00675 → zoho_id=3529895000000390855
[zoho-seed-upload] PM 5L00677 → zoho_id=3529895000000416128
[zoho-seed-upload] PM 5L00681 → zoho_id=3529895000000411224
[zoho-seed-upload] PM 5L00682 → zoho_id=3529895000000407333
[zoho-seed-upload] PM 5L00683 → zoho_id=3529895000000408240
[zoho-seed-upload] PM 5L00684 → zoho_id=3529895000000393913
[zoho-seed-upload] PM 5L00685 → zoho_id=3529895000000422089
[zoho-seed-upload] PM 5L00686 → zoho_id=3529895000000390864
[zoho-seed-upload] PM 5L00688 → zoho_id=3529895000000405449
[zoho-seed-upload] PM 5L00690 → zoho_id=3529895000000416137
[zoho-seed-upload] PM 5L00692 → zoho_id=3529895000000412173
[zoho-seed-upload] PM 5L00693 → zoho_id=3529895000000417114
[zoho-seed-upload] PM 5L00694 → zoho_id=3529895000000406364
[zoho-seed-upload] PM 5L00695 → zoho_id=3529895000000408270
[zoho-seed-upload] PM 5L00696 → zoho_id=3529895000000413170
[zoho-seed-upload] PM 5L00697 → zoho_id=3529895000000390873
[zoho-seed-upload] PM 5L00698 → zoho_id=3529895000000394838
[zoho-seed-upload] PM 5L00699 → zoho_id=3529895000000425008
[zoho-seed-upload] PM 5L00700 → zoho_id=3529895000000415121
[zoho-seed-upload] PM 5L00701 → zoho_id=3529895000000405458
[zoho-seed-upload] PM 5L00702 → zoho_id=3529895000000412189
[zoho-seed-upload] PM 5L00703 → zoho_id=3529895000000417137
[zoho-seed-upload] PM 5L00704 → zoho_id=3529895000000411247
[zoho-seed-upload] PM 5L00707 → zoho_id=3529895000000407349
[zoho-seed-upload] PM 5L00708 → zoho_id=3529895000000408286
[zoho-seed-upload] PM 5L00709 → zoho_id=3529895000000413179
[zoho-seed-upload] PM 5L00710 → zoho_id=3529895000000390896
[zoho-seed-upload] PM 5L00711 → zoho_id=3529895000000409247
[zoho-seed-upload] PM 5L00714 → zoho_id=3529895000000416146
[zoho-seed-upload] PM 5L00716 → zoho_id=3529895000000420106
[zoho-seed-upload] PM 5L00717 → zoho_id=3529895000000412198
[zoho-seed-upload] PM 5L00718 → zoho_id=3529895000000417153
[zoho-seed-upload] PM 5L00719 → zoho_id=3529895000000411263
[zoho-seed-upload] PM 5L00722 → zoho_id=3529895000000407358
[zoho-seed-upload] PM 5L00723 → zoho_id=3529895000000406373
[zoho-seed-upload] PM 5L00724 → zoho_id=3529895000000408302
[zoho-seed-upload] PM 5L00725 → zoho_id=3529895000000422098
[zoho-seed-upload] PM 5L00726 → zoho_id=3529895000000423080
[zoho-seed-upload] PM 5L00727 → zoho_id=3529895000000378940
[zoho-seed-upload] PM 5L00728 → zoho_id=3529895000000414170
[zoho-seed-upload] PM 5L00729 → zoho_id=3529895000000424035
[zoho-seed-upload] PM 5L00730 → zoho_id=3529895000000410201
[zoho-seed-upload] PM 5L00731 → zoho_id=3529895000000409256
[zoho-seed-upload] PM 5L00732 → zoho_id=3529895000000384919
[zoho-seed-upload] PM 5L00733 → zoho_id=3529895000000416162
[zoho-seed-upload] PM 5L00734 → zoho_id=3529895000000417162
[zoho-seed-upload] PM 5L00735 → zoho_id=3529895000000422107
[zoho-seed-upload] PM 5L00736 → zoho_id=3529895000000415130
[zoho-seed-upload] PM 5L00737 → zoho_id=3529895000000410210
[zoho-seed-upload] PM 5L00797 → zoho_id=3529895000000409272
[zoho-seed-upload] PM 5L00800 → zoho_id=3529895000000405474
[zoho-seed-upload] PM 5L00801 → zoho_id=3529895000000420136
[zoho-seed-upload] PM 5L00802 → zoho_id=3529895000000412207
[zoho-seed-upload] PM 5L00811 → zoho_id=3529895000000417181
[zoho-seed-upload] PM 5L00812 → zoho_id=3529895000000407374
[zoho-seed-upload] PM 5L00824 → zoho_id=3529895000000406382
[zoho-seed-upload] PM 5L00826 → zoho_id=3529895000000408318
[zoho-seed-upload] PM 5L00827 → zoho_id=3529895000000422116
[zoho-seed-upload] PM 5L00828 → zoho_id=3529895000000413202
[zoho-seed-upload] PM 5L00829 → zoho_id=3529895000000390912
[zoho-seed-upload] PM 5L00830 → zoho_id=3529895000000415139
[zoho-seed-upload] PM 5L00831 → zoho_id=3529895000000410226
[zoho-seed-upload] PM 5L00832 → zoho_id=3529895000000384935
[zoho-seed-upload] PM 5L00833 → zoho_id=3529895000000420145
[zoho-seed-upload] PM 5L00835 → zoho_id=3529895000000417194
[zoho-seed-upload] PM 5L00841 → zoho_id=3529895000000406398
[zoho-seed-upload] PM 5L00842 → zoho_id=3529895000000393936
[zoho-seed-upload] PM 5L00843 → zoho_id=3529895000000419098
[zoho-seed-upload] PM 5L00844 → zoho_id=3529895000000422125
[zoho-seed-upload] PM 5L00846 → zoho_id=3529895000000413218
[zoho-seed-upload] PM 5L00851 → zoho_id=3529895000000390921
[zoho-seed-upload] PM 5L00852 → zoho_id=3529895000000424058
[zoho-seed-upload] PM 5L00853 → zoho_id=3529895000000415148
[zoho-seed-upload] PM 5L00854 → zoho_id=3529895000000410235
[zoho-seed-upload] PM 5L00855 → zoho_id=3529895000000405490
[zoho-seed-upload] PM 5L00860 → zoho_id=3529895000000416185
[zoho-seed-upload] PM 5L00862 → zoho_id=3529895000000417210
[zoho-seed-upload] PM 5L00863 → zoho_id=3529895000000411279
[zoho-seed-upload] PM 5L00864 → zoho_id=3529895000000407397
[zoho-seed-upload] PM 5L00865 → zoho_id=3529895000000408334
[zoho-seed-upload] PM 5L00866 → zoho_id=3529895000000384958
[zoho-seed-upload] PM 5L00867 → zoho_id=3529895000000412230
[zoho-seed-upload] PM 5L00868 → zoho_id=3529895000000407413
[zoho-seed-upload] PM 5L00869 → zoho_id=3529895000000408350
[zoho-seed-upload] PM 5L00870 → zoho_id=3529895000000390937
[zoho-seed-upload] PM 5L00871 → zoho_id=3529895000000393952
[zoho-seed-upload] PM 5L00872 → zoho_id=3529895000000413227
[zoho-seed-upload] PM 5L00874 → zoho_id=3529895000000378970
[zoho-seed-upload] PM 5L00875 → zoho_id=3529895000000394875
[zoho-seed-upload] PM 5L00885 → zoho_id=3529895000000425059
[zoho-seed-upload] PM 5L00888 → zoho_id=3529895000000415157
[zoho-seed-upload] PM 5L00889 → zoho_id=3529895000000410251
[zoho-seed-upload] PM 5L00891 → zoho_id=3529895000000405513
[zoho-seed-upload] PM 5L00892 → zoho_id=3529895000000416208
[zoho-seed-upload] PM 5L00894 → zoho_id=3529895000000417233
[zoho-seed-upload] PM 5L00895 → zoho_id=3529895000000411295
[zoho-seed-upload] PM 5L00896 → zoho_id=3529895000000406428
[zoho-seed-upload] PM 5L00898 → zoho_id=3529895000000418134
[zoho-seed-upload] PM 5L00899 → zoho_id=3529895000000422155
[zoho-seed-upload] PM 5L00900 → zoho_id=3529895000000423125
[zoho-seed-upload] PM 5L00901 → zoho_id=3529895000000425075
[zoho-seed-upload] PM 5L00916 → zoho_id=3529895000000424081
[zoho-seed-upload] PM 5L00917 → zoho_id=3529895000000415173
[zoho-seed-upload] PM 5L00918 → zoho_id=3529895000000409295
[zoho-seed-upload] PM 5L00919 → zoho_id=3529895000000405529
[zoho-seed-upload] PM 5L00921 → zoho_id=3529895000000417249
[zoho-seed-upload] PM 5L00922 → zoho_id=3529895000000406437
[zoho-seed-upload] PM 5L00923 → zoho_id=3529895000000408366
[zoho-seed-upload] PM 5L00924 → zoho_id=3529895000000419128
[zoho-seed-upload] PM 5L00925 → zoho_id=3529895000000423134
[zoho-seed-upload] PM 5L00926 → zoho_id=3529895000000414200
[zoho-seed-upload] PM 5L00927 → zoho_id=3529895000000410267
[zoho-seed-upload] PM 5L00928 → zoho_id=3529895000000405538
[zoho-seed-upload] PM 5L00929 → zoho_id=3529895000000412253
[zoho-seed-upload] PM 5L00930 → zoho_id=3529895000000406453
[zoho-seed-upload] PM 5L00932 → zoho_id=3529895000000393961
[zoho-seed-upload] PM 5L00933 → zoho_id=3529895000000413250
[zoho-seed-upload] PM 5L00934 → zoho_id=3529895000000423150
[zoho-seed-upload] PM 5L00937 → zoho_id=3529895000000425091
[zoho-seed-upload] PM 5L00938 → zoho_id=3529895000000415182
[zoho-seed-upload] PM 5L00943 → zoho_id=3529895000000410283
[zoho-seed-upload] PM 5L00964 → zoho_id=3529895000000405554
[zoho-seed-upload] PM 5L00965 → zoho_id=3529895000000420168
[zoho-seed-upload] PM 5L00967 → zoho_id=3529895000000412269
[zoho-seed-upload] PM 5L00968 → zoho_id=3529895000000417265
[zoho-seed-upload] PM 5L00969 → zoho_id=3529895000000408389
[zoho-seed-upload] PM 5L00970 → zoho_id=3529895000000376739
[zoho-seed-upload] PM 5L00971 → zoho_id=3529895000000377897
[zoho-seed-upload] PM 5L00973 → zoho_id=3529895000000378993
[zoho-seed-upload] PM 5L00974 → zoho_id=3529895000000414223
[zoho-seed-upload] PM 5L00975 → zoho_id=3529895000000424104
[zoho-seed-upload] PM 5L00976 → zoho_id=3529895000000410299
[zoho-seed-upload] PM 5L00977 → zoho_id=3529895000000405570
[zoho-seed-upload] PM 5L00978 → zoho_id=3529895000000416238
[zoho-seed-upload] PM 5L00980 → zoho_id=3529895000000420184
[zoho-seed-upload] PM 5L00981 → zoho_id=3529895000000417281
[zoho-seed-upload] PM 5L00982 → zoho_id=3529895000000407443
[zoho-seed-upload] PM 5L00983 → zoho_id=3529895000000408398
[zoho-seed-upload] PM 5L00984 → zoho_id=3529895000000423166
[zoho-seed-upload] PM 5L00985 → zoho_id=3529895000000406476
[zoho-seed-upload] PM 5L00986 → zoho_id=3529895000000418157
[zoho-seed-upload] PM 5L00987 → zoho_id=3529895000000422192
[zoho-seed-upload] PM 5L00988 → zoho_id=3529895000000390960
[zoho-seed-upload] PM 5L00989 → zoho_id=3529895000000410308
[zoho-seed-upload] PM 5L00990 → zoho_id=3529895000000384988
[zoho-seed-upload] PM 5L00991 → zoho_id=3529895000000412292
[zoho-seed-upload] PM 5L00992 → zoho_id=3529895000000417304
[zoho-seed-upload] PM 5L00994 → zoho_id=3529895000000411339
[zoho-seed-upload] PM 5L00995 → zoho_id=3529895000000406485
[zoho-seed-upload] PM 5L00996 → zoho_id=3529895000000408421
[zoho-seed-upload] PM 5L00997 → zoho_id=3529895000000422208
[zoho-seed-upload] PM 5L01002 → zoho_id=3529895000000390969
[zoho-seed-upload] PM 5L01003 → zoho_id=3529895000000417313
[zoho-seed-upload] PM 5L01006 → zoho_id=3529895000000411348
[zoho-seed-upload] PM 5L01007 → zoho_id=3529895000000407466
[zoho-seed-upload] PM 5L01008 → zoho_id=3529895000000418166
[zoho-seed-upload] PM 5L01009 → zoho_id=3529895000000419165
[zoho-seed-upload] PM 5L01013 → zoho_id=3529895000000423189
[zoho-seed-upload] PM 5L01014 → zoho_id=3529895000000390981
[zoho-seed-upload] PM 5L01015 → zoho_id=3529895000000409325
[zoho-seed-upload] PM 5L01016 → zoho_id=3529895000000405600
[zoho-seed-upload] PM 5L01017 → zoho_id=3529895000000413287
[zoho-seed-upload] PM 5L01018 → zoho_id=3529895000000423198
[zoho-seed-upload] PM 5L01019 → zoho_id=3529895000000426009
[zoho-seed-upload] PM 5L01020 → zoho_id=3529895000000421188
[zoho-seed-upload] PM 5L01021 → zoho_id=3529895000000394905
[zoho-seed-upload] PM 5L01022 → zoho_id=3529895000000424134
[zoho-seed-upload] PM 5L01023 → zoho_id=3529895000000415212
[zoho-seed-upload] PM 5L01024 → zoho_id=3529895000000405616
[zoho-seed-upload] PM 5L01025 → zoho_id=3529895000000427004
[zoho-seed-upload] PM 5L01026 → zoho_id=3529895000000420207
[zoho-seed-upload] PM 5L01027 → zoho_id=3529895000000412315
[zoho-seed-upload] PM 5L01028 → zoho_id=3529895000000417322
[zoho-seed-upload] PM 5L01029 → zoho_id=3529895000000411364
[zoho-seed-upload] PM 5L01030 → zoho_id=3529895000000408444
[zoho-seed-upload] PM 5L01031 → zoho_id=3529895000000390994
[zoho-seed-upload] PM 5L01032 → zoho_id=3529895000000409348
[zoho-seed-upload] PM 5L01043 → zoho_id=3529895000000427013
[zoho-seed-upload] PM 5L01044 → zoho_id=3529895000000420223
[zoho-seed-upload] PM 5L01047 → zoho_id=3529895000000411380
[zoho-seed-upload] PM 5L01048 → zoho_id=3529895000000406515
[zoho-seed-upload] PM 5L01050 → zoho_id=3529895000000418196
[zoho-seed-upload] PM 5L01051 → zoho_id=3529895000000419181
[zoho-seed-upload] PM 5L01052 → zoho_id=3529895000000422231
[zoho-seed-upload] PM 5L01053 → zoho_id=3529895000000428006
[zoho-seed-upload] PM 5L01054 → zoho_id=3529895000000394928
[zoho-seed-upload] PM 5L01055 → zoho_id=3529895000000425142
[zoho-seed-upload] PM 5L01056 → zoho_id=3529895000000410338
[zoho-seed-upload] PM 5L01057 → zoho_id=3529895000000427029
[zoho-seed-upload] PM 5L01058 → zoho_id=3529895000000420235
[zoho-seed-upload] PM 5L01059 → zoho_id=3529895000000412331
[zoho-seed-upload] PM 5L01060 → zoho_id=3529895000000411389
[zoho-seed-upload] PM 5L01062 → zoho_id=3529895000000406531
[zoho-seed-upload] PM 5L01095 → zoho_id=3529895000000418205
[zoho-seed-upload] PM 5L01096 → zoho_id=3529895000000421211
[zoho-seed-upload] PM 5L01099 → zoho_id=3529895000000420248
[zoho-seed-upload] PM 5L01100 → zoho_id=3529895000000408467
[zoho-seed-upload] PM 5L01101 → zoho_id=3529895000000376769
[zoho-seed-upload] PM 5L01102 → zoho_id=3529895000000426025
[zoho-seed-upload] PM 5L01103 → zoho_id=3529895000000421220
[zoho-seed-upload] PM 5L01104 → zoho_id=3529895000000415235
[zoho-seed-upload] PM 5L01107 → zoho_id=3529895000000409364
[zoho-seed-upload] PM 5L01108 → zoho_id=3529895000000427038
[zoho-seed-upload] PM 5L01109 → zoho_id=3529895000000412340
[zoho-seed-upload] PM 5L01110 → zoho_id=3529895000000406540
[zoho-seed-upload] PM 5L01111 → zoho_id=3529895000000419197
[zoho-seed-upload] PM 5L01113 → zoho_id=3529895000000422247
[zoho-seed-upload] PM 5L01114 → zoho_id=3529895000000376778
[zoho-seed-upload] PM 5L01115 → zoho_id=3529895000000426034
[zoho-seed-upload] PM 5L01119 → zoho_id=3529895000000421229
[zoho-seed-upload] PM 5L01120 → zoho_id=3529895000000410354
[zoho-seed-upload] PM 5L01121 → zoho_id=3529895000000405632
[zoho-seed-upload] PM 5L01122 → zoho_id=3529895000000420257
[zoho-seed-upload] PM 5L01123 → zoho_id=3529895000000412356
[zoho-seed-upload] PM 5L01124 → zoho_id=3529895000000411405
[zoho-seed-upload] PM 5L01125 → zoho_id=3529895000000407503
[zoho-seed-upload] PM 5L01126 → zoho_id=3529895000000408483
[zoho-seed-upload] PM 5L01128 → zoho_id=3529895000000393998
[zoho-seed-upload] PM 5L01131 → zoho_id=3529895000000418214
[zoho-seed-upload] PM 5L01132 → zoho_id=3529895000000423228
[zoho-seed-upload] PM 5L01133 → zoho_id=3529895000000426050
[zoho-seed-upload] PM 5L01134 → zoho_id=3529895000000414274
[zoho-seed-upload] PM 5L01135 → zoho_id=3529895000000425158
[zoho-seed-upload] PM 5L01136 → zoho_id=3529895000000415258
[zoho-seed-upload] PM 5L01137 → zoho_id=3529895000000409387
[zoho-seed-upload] PM 5L01138 → zoho_id=3529895000000427061
[zoho-seed-upload] PM 5L01139 → zoho_id=3529895000000420273
[zoho-seed-upload] PM 5L01140 → zoho_id=3529895000000417352
[zoho-seed-upload] PM 5L01141 → zoho_id=3529895000000411414
[zoho-seed-upload] PM 5L01143 → zoho_id=3529895000000408499
[zoho-seed-upload] PM 5L01144 → zoho_id=3529895000000429007
[zoho-seed-upload] PM 5L01145 → zoho_id=3529895000000419220
[zoho-seed-upload] PM 5L01146 → zoho_id=3529895000000423244
[zoho-seed-upload] PM 5L01147 → zoho_id=3529895000000426066
[zoho-seed-upload] PM 5L01148 → zoho_id=3529895000000421245
[zoho-seed-upload] PM 5L01149 → zoho_id=3529895000000394944
[zoho-seed-upload] PM 5L01150 → zoho_id=3529895000000425174
[zoho-seed-upload] PM 5L01161 → zoho_id=3529895000000409403
[zoho-seed-upload] PM 5L01170 → zoho_id=3529895000000422263
[zoho-seed-upload] PM 5L01171 → zoho_id=3529895000000414283
[zoho-seed-upload] PM 5L01187 → zoho_id=3529895000000394953
[zoho-seed-upload] PM 5L01189 → zoho_id=3529895000000405648
[zoho-seed-upload] PM 5L01190 → zoho_id=3529895000000420289
[zoho-seed-upload] PM 5L01191 → zoho_id=3529895000000412372
[zoho-seed-upload] PM 5L01192 → zoho_id=3529895000000411430
[zoho-seed-upload] PM 5L01193 → zoho_id=3529895000000407519
[zoho-seed-upload] PM 5L01194 → zoho_id=3529895000000406570
[zoho-seed-upload] PM 5L01195 → zoho_id=3529895000000408515
[zoho-seed-upload] PM 5L01196 → zoho_id=3529895000000418237
[zoho-seed-upload] PM 5L01197 → zoho_id=3529895000000419236
[zoho-seed-upload] PM 5L01200 → zoho_id=3529895000000413331
[zoho-seed-upload] PM 5L01205 → zoho_id=3529895000000428033
[zoho-seed-upload] PM 5L01231 → zoho_id=3529895000000425190
[zoho-seed-upload] PM 5L01234 → zoho_id=3529895000000424171
[zoho-seed-upload] PM 5L01235 → zoho_id=3529895000000415274
[zoho-seed-upload] PM 5L01236 → zoho_id=3529895000000409419
[zoho-seed-upload] PM 5L01237 → zoho_id=3529895000000405664
[zoho-seed-upload] PM 5L01238 → zoho_id=3529895000000420305
[zoho-seed-upload] PM 5L01239 → zoho_id=3529895000000412388
[zoho-seed-upload] PM 5L01240 → zoho_id=3529895000000411446
[zoho-seed-upload] PM 5L01241 → zoho_id=3529895000000407535
[zoho-seed-upload] PM 5L01242 → zoho_id=3529895000000408524
[zoho-seed-upload] PM 5L01243 → zoho_id=3529895000000423267
[zoho-seed-upload] PM 5L01244 → zoho_id=3529895000000421261
[zoho-seed-upload] PM 5L01245 → zoho_id=3529895000000394976
[zoho-seed-upload] PM 5L01246 → zoho_id=3529895000000425206
[zoho-seed-upload] PM 5L01247 → zoho_id=3529895000000415290
[zoho-seed-upload] PM 5L01248 → zoho_id=3529895000000409435
[zoho-seed-upload] PM 5L01249 → zoho_id=3529895000000420321
[zoho-seed-upload] PM 5L01251 → zoho_id=3529895000000412404
[zoho-seed-upload] PM 5L01253 → zoho_id=3529895000000418253
[zoho-seed-upload] PM 5L01254 → zoho_id=3529895000000377962
[zoho-seed-upload] PM 5L01255 → zoho_id=3529895000000414299
[zoho-seed-upload] PM 5L01259 → zoho_id=3529895000000424187
[zoho-seed-upload] PM 5L01261 → zoho_id=3529895000000409444
[zoho-seed-upload] PM 5L01262 → zoho_id=3529895000000416310
[zoho-seed-upload] PM 5L01264 → zoho_id=3529895000000412413
[zoho-seed-upload] PM 5L01265 → zoho_id=3529895000000411462
[zoho-seed-upload] PM 5L01267 → zoho_id=3529895000000407551
[zoho-seed-upload] PM 5L01268 → zoho_id=3529895000000406593
[zoho-seed-upload] PM 5L01269 → zoho_id=3529895000000418269
[zoho-seed-upload] PM 5L01270 → zoho_id=3529895000000413354
[zoho-seed-upload] PM 5L01273 → zoho_id=3529895000000428049
[zoho-seed-upload] PM 5L01274 → zoho_id=3529895000000421277
[zoho-seed-upload] PM 5L01275 → zoho_id=3529895000000394992
[zoho-seed-upload] PM 5L01276 → zoho_id=3529895000000425222
[zoho-seed-upload] PM 5L01277 → zoho_id=3529895000000409460
[zoho-seed-upload] PM 5L01278 → zoho_id=3529895000000416319
[zoho-seed-upload] PM 5L01279 → zoho_id=3529895000000420337
[zoho-seed-upload] PM 5L01281 → zoho_id=3529895000000411478
[zoho-seed-upload] PM 5L01282 → zoho_id=3529895000000407567
[zoho-seed-upload] PM 5L01283 → zoho_id=3529895000000408533
[zoho-seed-upload] PM 5L01286 → zoho_id=3529895000000419259
[zoho-seed-upload] PM 5L01287 → zoho_id=3529895000000376815
[zoho-seed-upload] PM 5L01289 → zoho_id=3529895000000377985
[zoho-seed-upload] PM 5L01290 → zoho_id=3529895000000414322
[zoho-seed-upload] PM 5L01292 → zoho_id=3529895000000430001
[zoho-seed-upload] PM 5L01295 → zoho_id=3529895000000415313
[zoho-seed-upload] PM 5L01296 → zoho_id=3529895000000410398
[zoho-seed-upload] PM 5L01297 → zoho_id=3529895000000409476
[zoho-seed-upload] PM 5L01298 → zoho_id=3529895000000405694
[zoho-seed-upload] PM 5L01299 → zoho_id=3529895000000416335
[zoho-seed-upload] PM 5L01300 → zoho_id=3529895000000417396
[zoho-seed-upload] PM 5L01301 → zoho_id=3529895000000411494
[zoho-seed-upload] PM 5L01302 → zoho_id=3529895000000407583
[zoho-seed-upload] PM 5L01303 → zoho_id=3529895000000408549
[zoho-seed-upload] PM 5L01304 → zoho_id=3529895000000418285
[zoho-seed-upload] PM 5L01305 → zoho_id=3529895000000419275
[zoho-seed-upload] PM 5L01306 → zoho_id=3529895000000413363
[zoho-seed-upload] PM 5L01307 → zoho_id=3529895000000423290
[zoho-seed-upload] PM 5L01308 → zoho_id=3529895000000420353
[zoho-seed-upload] PM 5L01309 → zoho_id=3529895000000408558
[zoho-seed-upload] PM 5L01310 → zoho_id=3529895000000425238
[zoho-seed-upload] PM 5L01311 → zoho_id=3529895000000411503
[zoho-seed-upload] PM 5L01312 → zoho_id=3529895000000429044
[zoho-seed-upload] PM 5L01313 → zoho_id=3529895000000418294
[zoho-seed-upload] PM 5L01314 → zoho_id=3529895000000419284
[zoho-seed-upload] PM 5L01315 → zoho_id=3529895000000413372
[zoho-seed-upload] PM 5L01320 → zoho_id=3529895000000423299
[zoho-seed-upload] PM 5L01321 → zoho_id=3529895000000425247
[zoho-seed-upload] PM 5L01322 → zoho_id=3529895000000416351
[zoho-seed-upload] PM 5L01324 → zoho_id=3529895000000412436
[zoho-seed-upload] PM 5L01325 → zoho_id=3529895000000411519
[zoho-seed-upload] PM 5L01326 → zoho_id=3529895000000406609
[zoho-seed-upload] PM 5L01327 → zoho_id=3529895000000408574
[zoho-seed-upload] PM 5L01328 → zoho_id=3529895000000419300
[zoho-seed-upload] PM 5L01330 → zoho_id=3529895000000428072
[zoho-seed-upload] PM 5L01331 → zoho_id=3529895000000377994
[zoho-seed-upload] PM 5L01332 → zoho_id=3529895000000426110
[zoho-seed-upload] PM 5L01333 → zoho_id=3529895000000430017
[zoho-seed-upload] PM 5L01335 → zoho_id=3529895000000424210
[zoho-seed-upload] PM 5L01336 → zoho_id=3529895000000410421
[zoho-seed-upload] PM 5L01338 → zoho_id=3529895000000409492
[zoho-seed-upload] PM 5L01340 → zoho_id=3529895000000405717
[zoho-seed-upload] PM 5L01342 → zoho_id=3529895000000420376
[zoho-seed-upload] PM 5L01343 → zoho_id=3529895000000412452
[zoho-seed-upload] PM 5L01344 → zoho_id=3529895000000411535
[zoho-seed-upload] PM 5L01346 → zoho_id=3529895000000406618
[zoho-seed-upload] PM 5L01347 → zoho_id=3529895000000418310
[zoho-seed-upload] PM 5L01348 → zoho_id=3529895000000419316
[zoho-seed-upload] PM 5L01349 → zoho_id=3529895000000422300
[zoho-seed-upload] PM 5L01352 → zoho_id=3529895000000423322
[zoho-seed-upload] PM 5L01353 → zoho_id=3529895000000426126
[zoho-seed-upload] PM 5L01354 → zoho_id=3529895000000409508
[zoho-seed-upload] PM 5L01355 → zoho_id=3529895000000412468
[zoho-seed-upload] PM 5L01356 → zoho_id=3529895000000408590
[zoho-seed-upload] PM 5L01357 → zoho_id=3529895000000414359
[zoho-seed-upload] PM 5L01358 → zoho_id=3529895000000430033
[zoho-seed-upload] PM 5L01359 → zoho_id=3529895000000424226
[zoho-seed-upload] PM 5L01361 → zoho_id=3529895000000415350
[zoho-seed-upload] PM 5L01362 → zoho_id=3529895000000410444
[zoho-seed-upload] PM 5L01363 → zoho_id=3529895000000409524
[zoho-seed-upload] PM 5L01365 → zoho_id=3529895000000427105
[zoho-seed-upload] PM 5L01367 → zoho_id=3529895000000412484
[zoho-seed-upload] PM 5L01368 → zoho_id=3529895000000407613
[zoho-seed-upload] PM 5L01369 → zoho_id=3529895000000419332
[zoho-seed-upload] PM 5L01370 → zoho_id=3529895000000428088
[zoho-seed-upload] PM 5L01371 → zoho_id=3529895000000407622
[zoho-seed-upload] PM 5L01373 → zoho_id=3529895000000408606
[zoho-seed-upload] PM 5L01374 → zoho_id=3529895000000418333
[zoho-seed-upload] PM 5L01376 → zoho_id=3529895000000419348
[zoho-seed-upload] PM 5L01377 → zoho_id=3529895000000422316
[zoho-seed-upload] PM 5L01378 → zoho_id=3529895000000423345
[zoho-seed-upload] PM 5L01379 → zoho_id=3529895000000426149
[zoho-seed-upload] PM 5L01380 → zoho_id=3529895000000430049
[zoho-seed-upload] PM 5L01381 → zoho_id=3529895000000425277
[zoho-seed-upload] PM 5L01382 → zoho_id=3529895000000415366
[zoho-seed-upload] PM 5L01383 → zoho_id=3529895000000409540
[zoho-seed-upload] PM 5L01384 → zoho_id=3529895000000405733
[zoho-seed-upload] PM 5L01386 → zoho_id=3529895000000427121
[zoho-seed-upload] PM 5L01387 → zoho_id=3529895000000416388
[zoho-seed-upload] PM 5L01388 → zoho_id=3529895000000407638
[zoho-seed-upload] PM 5L01389 → zoho_id=3529895000000419364
[zoho-seed-upload] PM 5L01390 → zoho_id=3529895000000431024
[zoho-seed-upload] PM 5L01392 → zoho_id=3529895000000425286
[zoho-seed-upload] PM 5L01393 → zoho_id=3529895000000405749
[zoho-seed-upload] PM 5L01394 → zoho_id=3529895000000427137
[zoho-seed-upload] PM 5L01395 → zoho_id=3529895000000420392
[zoho-seed-upload] PM 5L01396 → zoho_id=3529895000000417440
[zoho-seed-upload] PM 5L01397 → zoho_id=3529895000000411572
[zoho-seed-upload] PM 5L01398 → zoho_id=3529895000000407647
[zoho-seed-upload] PM 5L01399 → zoho_id=3529895000000406655
[zoho-seed-upload] PM 5L01400 → zoho_id=3529895000000429081
[zoho-seed-upload] PM 5L01401 → zoho_id=3529895000000419380
[zoho-seed-upload] PM 5L01404 → zoho_id=3529895000000413416
[zoho-seed-upload] PM 5L01405 → zoho_id=3529895000000376838
[zoho-seed-upload] PM 5L01407 → zoho_id=3529895000000430065
[zoho-seed-upload] PM 5L01422 → zoho_id=3529895000000424249
[zoho-seed-upload] PM 5L01423 → zoho_id=3529895000000415382
[zoho-seed-upload] PM 5L01425 → zoho_id=3529895000000409556
[zoho-seed-upload] PM 5L01426 → zoho_id=3529895000000427146
[zoho-seed-upload] PM 5L01427 → zoho_id=3529895000000416404
[zoho-seed-upload] PM 5L01428 → zoho_id=3529895000000420401
[zoho-seed-upload] PM 5L01429 → zoho_id=3529895000000411581
[zoho-seed-upload] PM 5L01431 → zoho_id=3529895000000406664
[zoho-seed-upload] PM 5L01433 → zoho_id=3529895000000418356
[zoho-seed-upload] PM 5L01440 → zoho_id=3529895000000422332
[zoho-seed-upload] PM 5L01441 → zoho_id=3529895000000376847
[zoho-seed-upload] PM 5L01442 → zoho_id=3529895000000426172
[zoho-seed-upload] PM 5L01443 → zoho_id=3529895000000421327
[zoho-seed-upload] PM 5L01444 → zoho_id=3529895000000411597
[zoho-seed-upload] PM 5L01445 → zoho_id=3529895000000406680
[zoho-seed-upload] PM 5L01446 → zoho_id=3529895000000408636
[zoho-seed-upload] PM 5L01447 → zoho_id=3529895000000423368
[zoho-seed-upload] PM 5L01448 → zoho_id=3529895000000376856
[zoho-seed-upload] PM 5L01449 → zoho_id=3529895000000431040
[zoho-seed-upload] PM 5L01450 → zoho_id=3529895000000414382
[zoho-seed-upload] PM 5L01451 → zoho_id=3529895000000425302
[zoho-seed-upload] PM 5L01452 → zoho_id=3529895000000409565
[zoho-seed-upload] PM 5L01453 → zoho_id=3529895000000427162
[zoho-seed-upload] PM 5L01454 → zoho_id=3529895000000406689
[zoho-seed-upload] PM 5L01455 → zoho_id=3529895000000426181
[zoho-seed-upload] PM 5L01458 → zoho_id=3529895000000430081
[zoho-seed-upload] PM 5L01460 → zoho_id=3529895000000410481
[zoho-seed-upload] PM 5L01468 → zoho_id=3529895000000420424
[zoho-seed-upload] PM 5L01469 → zoho_id=3529895000000407670
[zoho-seed-upload] PM 5L01470 → zoho_id=3529895000000408645
[zoho-seed-upload] PM 5L01471 → zoho_id=3529895000000422348
[zoho-seed-upload] PM 5L01472 → zoho_id=3529895000000430090
[zoho-seed-upload] PM 5L01473 → zoho_id=3529895000000409574
[zoho-seed-upload] PM 5L01474 → zoho_id=3529895000000416427
[zoho-seed-upload] PM 5L01475 → zoho_id=3529895000000420433
[zoho-seed-upload] PM 5L01476 → zoho_id=3529895000000429097
[zoho-seed-upload] PM 5L01477 → zoho_id=3529895000000422357
[zoho-seed-upload] PM 5L01478 → zoho_id=3529895000000413439
[zoho-seed-upload] PM 5L01479 → zoho_id=3529895000000423384
[zoho-seed-upload] PM 5L01480 → zoho_id=3529895000000425318
[zoho-seed-upload] PM 5L01481 → zoho_id=3529895000000409583
[zoho-seed-upload] PM 5L01482 → zoho_id=3529895000000416436
[zoho-seed-upload] PM 5L01483 → zoho_id=3529895000000420449
[zoho-seed-upload] PM 5L01484 → zoho_id=3529895000000417456
[zoho-seed-upload] PM 5L01485 → zoho_id=3529895000000408661
[zoho-seed-upload] PM 5L01486 → zoho_id=3529895000000413455
[zoho-seed-upload] PM 5L01487 → zoho_id=3529895000000428118
[zoho-seed-upload] PM 5L01488 → zoho_id=3529895000000415412
[zoho-seed-upload] PM 5L01503 → zoho_id=3529895000000410490
[zoho-seed-upload] PM 5L01504 → zoho_id=3529895000000427185
[zoho-seed-upload] PM 5L01505 → zoho_id=3529895000000417472
[zoho-seed-upload] PM 5L01506 → zoho_id=3529895000000411627
[zoho-seed-upload] PM 5L01507 → zoho_id=3529895000000406719
[zoho-seed-upload] PM 5L01508 → zoho_id=3529895000000422380
[zoho-seed-upload] PM 5L01509 → zoho_id=3529895000000431056
[zoho-seed-upload] PM 5L01510 → zoho_id=3529895000000424265
[zoho-seed-upload] PM 5L01511 → zoho_id=3529895000000409606
[zoho-seed-upload] PM 5L01512 → zoho_id=3529895000000420472
[zoho-seed-upload] PM 5L01514 → zoho_id=3529895000000417481
[zoho-seed-upload] PM 5L01515 → zoho_id=3529895000000406728
[zoho-seed-upload] PM 5L01518 → zoho_id=3529895000000418372
[zoho-seed-upload] PM 5L01521 → zoho_id=3529895000000419403
[zoho-seed-upload] PM 5L01526 → zoho_id=3529895000000413471
[zoho-seed-upload] PM 5L01528 → zoho_id=3529895000000423400
[zoho-seed-upload] PM 5L01530 → zoho_id=3529895000000414398
[zoho-seed-upload] PM 5L01532 → zoho_id=3529895000000415428
[zoho-seed-upload] PM 5L01533 → zoho_id=3529895000000409615
[zoho-seed-upload] PM 5L01536 → zoho_id=3529895000000405786
[zoho-seed-upload] PM 5L01538 → zoho_id=3529895000000420481
[zoho-seed-upload] PM 5L01539 → zoho_id=3529895000000412521
[zoho-seed-upload] PM 5L01541 → zoho_id=3529895000000417490
[zoho-seed-upload] PM 5L01542 → zoho_id=3529895000000407700
[zoho-seed-upload] PM 5L01543 → zoho_id=3529895000000406744
[zoho-seed-upload] PM 5L01544 → zoho_id=3529895000000419412
[zoho-seed-upload] PM 5L01546 → zoho_id=3529895000000413480
[zoho-seed-upload] PM 5L01547 → zoho_id=3529895000000428141
[zoho-seed-upload] PM 5L01549 → zoho_id=3529895000000427201
[zoho-seed-upload] PM 5L01550 → zoho_id=3529895000000412537
[zoho-seed-upload] PM 5L01551 → zoho_id=3529895000000407716
[zoho-seed-upload] PM 5L01552 → zoho_id=3529895000000406760
[zoho-seed-upload] PM 5L01553 → zoho_id=3529895000000408684
[zoho-seed-upload] PM 5L01554 → zoho_id=3529895000000413489
[zoho-seed-upload] PM 5L01555 → zoho_id=3529895000000428150
[zoho-seed-upload] PM 5L01556 → zoho_id=3529895000000428159
[zoho-seed-upload] PM 5L01557 → zoho_id=3529895000000409645
[zoho-seed-upload] PM 5L01558 → zoho_id=3529895000000405809
[zoho-seed-upload] PM 5L01559 → zoho_id=3529895000000427217
[zoho-seed-upload] PM 5L01560 → zoho_id=3529895000000416459
[zoho-seed-upload] PM 5L01562 → zoho_id=3529895000000417513
[zoho-seed-upload] PM 5L01564 → zoho_id=3529895000000407732
[zoho-seed-upload] PM 5L01565 → zoho_id=3529895000000406776
[zoho-seed-upload] PM 5L01568 → zoho_id=3529895000000408700
[zoho-seed-upload] PM 5L01569 → zoho_id=3529895000000419421
[zoho-seed-upload] PM 5L01571 → zoho_id=3529895000000423423
[zoho-seed-upload] PM 5L01572 → zoho_id=3529895000000376872
[zoho-seed-upload] PM 5L01573 → zoho_id=3529895000000426218
[zoho-seed-upload] PM 5L01574 → zoho_id=3529895000000414421
[zoho-seed-upload] PM 5L01575 → zoho_id=3529895000000424274
[zoho-seed-upload] PM 5L01576 → zoho_id=3529895000000409654
[zoho-seed-upload] PM 5L01577 → zoho_id=3529895000000427226
[zoho-seed-upload] PM 5L01579 → zoho_id=3529895000000420511
[zoho-seed-upload] PM 5L01580 → zoho_id=3529895000000417529
[zoho-seed-upload] PM 5L01581 → zoho_id=3529895000000411657
[zoho-seed-upload] PM 5L01582 → zoho_id=3529895000000407741
[zoho-seed-upload] PM 5L01585 → zoho_id=3529895000000406792
[zoho-seed-upload] PM 5L01589 → zoho_id=3529895000000408716
[zoho-seed-upload] PM 5L01591 → zoho_id=3529895000000429113
[zoho-seed-upload] PM 5L01592 → zoho_id=3529895000000422396
[zoho-seed-upload] PM 5L01596 → zoho_id=3529895000000376881
[zoho-seed-upload] PM 5L01598 → zoho_id=3529895000000431072
[zoho-seed-upload] PM 5L01599 → zoho_id=3529895000000421372
[zoho-seed-upload] PM 5L01600 → zoho_id=3529895000000425348
[zoho-seed-upload] PM 5L01602 → zoho_id=3529895000000424290
[zoho-seed-upload] PM 5L01603 → zoho_id=3529895000000405832
[zoho-seed-upload] PM 5L01608 → zoho_id=3529895000000427235
[zoho-seed-upload] PM 5L01609 → zoho_id=3529895000000412560
[zoho-seed-upload] PM 5L01611 → zoho_id=3529895000000406801
[zoho-seed-upload] PM 5L01612 → zoho_id=3529895000000422412
[zoho-seed-upload] PM 5L01613 → zoho_id=3529895000000430120
[zoho-seed-upload] PM 5L01619 → zoho_id=3529895000000424306
[zoho-seed-upload] PM 5L01620 → zoho_id=3529895000000409670
[zoho-seed-upload] PM 5L01621 → zoho_id=3529895000000427244
[zoho-seed-upload] PM 5L01630 → zoho_id=3529895000000420520
[zoho-seed-upload] PM 5L01631 → zoho_id=3529895000000412569
[zoho-seed-upload] PM 5L01633 → zoho_id=3529895000000417552
[zoho-seed-upload] PM 5L01634 → zoho_id=3529895000000411673
[zoho-seed-upload] PM 5L01635 → zoho_id=3529895000000407750
[zoho-seed-upload] PM 5L01637 → zoho_id=3529895000000408739
[zoho-seed-upload] PM 5L01639 → zoho_id=3529895000000418388
[zoho-seed-upload] PM 5L01640 → zoho_id=3529895000000419451
[zoho-seed-upload] PM 5L01641 → zoho_id=3529895000000413519
[zoho-seed-upload] PM 5L01642 → zoho_id=3529895000000428189
[zoho-seed-upload] PM 5L01643 → zoho_id=3529895000000430129
[zoho-seed-upload] PM 5L01644 → zoho_id=3529895000000425357
[zoho-seed-upload] PM 5L01645 → zoho_id=3529895000000415465
[zoho-seed-upload] PM 5L01647 → zoho_id=3529895000000409679
[zoho-seed-upload] PM 5L01648 → zoho_id=3529895000000427260
[zoho-seed-upload] PM 5L01651 → zoho_id=3529895000000417568
[zoho-seed-upload] PM 5L01655 → zoho_id=3529895000000408762
[zoho-seed-upload] PM 5L01656 → zoho_id=3529895000000419460
[zoho-seed-upload] PM 5L01657 → zoho_id=3529895000000428198
[zoho-seed-upload] PM 5L01658 → zoho_id=3529895000000414444
[zoho-seed-upload] PM 5L01659 → zoho_id=3529895000000424322
[zoho-seed-upload] PM 5L01662 → zoho_id=3529895000000415474
[zoho-seed-upload] PM 5L01663 → zoho_id=3529895000000410541
[zoho-seed-upload] PM 5L01664 → zoho_id=3529895000000409695
[zoho-seed-upload] PM 5L01675 → zoho_id=3529895000000427276
[zoho-seed-upload] PM 5L01676 → zoho_id=3529895000000412592
[zoho-seed-upload] PM 5L01678 → zoho_id=3529895000000411696
[zoho-seed-upload] PM 5L01679 → zoho_id=3529895000000407780
[zoho-seed-upload] PM 5L01680 → zoho_id=3529895000000406817
[zoho-seed-upload] PM 5L01681 → zoho_id=3529895000000408778
[zoho-seed-upload] PM 5L01682 → zoho_id=3529895000000429129
[zoho-seed-upload] PM 5L01683 → zoho_id=3529895000000419476
[zoho-seed-upload] PM 5L01684 → zoho_id=3529895000000423453
[zoho-seed-upload] PM 5L01697 → zoho_id=3529895000000416496
[zoho-seed-upload] PM 5L01704 → zoho_id=3529895000000420543
[zoho-seed-upload] PM 5l01548 → zoho_id=3529895000000412608
[zoho-seed-upload] PM 5l01595 → zoho_id=3529895000000411705
[zoho-seed-upload] PM 5l01650 → zoho_id=3529895000000408794
[zoho-seed-upload] PM BBOLD0001L → zoho_id=3529895000000419485
[zoho-seed-upload] PM CATIONIC PANTHENOL → zoho_id=3529895000000413542
[zoho-seed-upload] PM CD0004L → zoho_id=3529895000000423462
[zoho-seed-upload] PM COCOS NUCIFERA OIL → zoho_id=3529895000000414460
[zoho-seed-upload] PM D002L → zoho_id=3529895000000430152
[zoho-seed-upload] PM D003L → zoho_id=3529895000000424338
[zoho-seed-upload] PM DD0001L → zoho_id=3529895000000415497
[zoho-seed-upload] PM DD0008L → zoho_id=3529895000000405869
[zoho-seed-upload] PM DD0009L → zoho_id=3529895000000417584
[zoho-seed-upload] PM DE0001L → zoho_id=3529895000000411714
[zoho-seed-upload] PM DERMACURE UNDER EYE CREAM 30 ML LABEL → zoho_id=3529895000000407796
[zoho-seed-upload] PM DERMIQ HAIR SERUM 60ML LABEL → zoho_id=3529895000000408810
[zoho-seed-upload] PM DEX0001L → zoho_id=3529895000000418404
[zoho-seed-upload] PM DEX0002L → zoho_id=3529895000000419494
[zoho-seed-upload] PM DI0001L → zoho_id=3529895000000422435
[zoho-seed-upload] PM DI0001TL → zoho_id=3529895000000428214
[zoho-seed-upload] PM EXU0006L → zoho_id=3529895000000414483
[zoho-seed-upload] PM EXU0006TL → zoho_id=3529895000000424361
[zoho-seed-upload] PM FLE0002L → zoho_id=3529895000000415513
[zoho-seed-upload] PM HW0005L → zoho_id=3529895000000410557
[zoho-seed-upload] PM HW0010L → zoho_id=3529895000000409725
[zoho-seed-upload] PM HW0023L → zoho_id=3529895000000405885
[zoho-seed-upload] PM JUV003L → zoho_id=3529895000000416512
[zoho-seed-upload] PM JUV003TL → zoho_id=3529895000000420573
[zoho-seed-upload] PM JUV004L → zoho_id=3529895000000412638
[zoho-seed-upload] PM JUV004TL → zoho_id=3529895000000417593
[zoho-seed-upload] PM M0010L → zoho_id=3529895000000406840
[zoho-seed-upload] PM M0013L → zoho_id=3529895000000408833
[zoho-seed-upload] PM MAG0001L → zoho_id=3529895000000418427
[zoho-seed-upload] PM MED0034L → zoho_id=3529895000000422451
[zoho-seed-upload] PM MED0035BL → zoho_id=3529895000000413551
[zoho-seed-upload] PM MED0035FL → zoho_id=3529895000000423485
[zoho-seed-upload] PM MED0036BL → zoho_id=3529895000000414499
[zoho-seed-upload] PM MED0036FL → zoho_id=3529895000000406856
[zoho-seed-upload] PM MYS0002L → zoho_id=3529895000000428230
[zoho-seed-upload] PM MYS0003L → zoho_id=3529895000000405908
[zoho-seed-upload] PM MYS0004L → zoho_id=3529895000000412647
[zoho-seed-upload] PM ND0001L → zoho_id=3529895000000411737
[zoho-seed-upload] PM NIR0006L → zoho_id=3529895000000407812
[zoho-seed-upload] PM OL0004LL → zoho_id=3529895000000406872
[zoho-seed-upload] PM OLV0012L → zoho_id=3529895000000408842
[zoho-seed-upload] PM P&S0004L → zoho_id=3529895000000423501
[zoho-seed-upload] PM PB10003L → zoho_id=3529895000000425387
[zoho-seed-upload] PM PB10010L → zoho_id=3529895000000415529
[zoho-seed-upload] PM PB10011L → zoho_id=3529895000000405924
[zoho-seed-upload] PM PB10013L → zoho_id=3529895000000427306
[zoho-seed-upload] PM PB20002L → zoho_id=3529895000000416528
[zoho-seed-upload] PM PB20003L → zoho_id=3529895000000411746
[zoho-seed-upload] PM PB20007L → zoho_id=3529895000000406888
[zoho-seed-upload] PM PB20008L → zoho_id=3529895000000418450
[zoho-seed-upload] PM PB20010L → zoho_id=3529895000000413574
[zoho-seed-upload] PM PB20011L → zoho_id=3529895000000376897
[zoho-seed-upload] PM PB20012L → zoho_id=3529895000000431102
[zoho-seed-upload] PM ROSE HYDROSOL → zoho_id=3529895000000430161
[zoho-seed-upload] PM RP0002L → zoho_id=3529895000000425396
[zoho-seed-upload] PM SKA000YCSL → zoho_id=3529895000000424384
[zoho-seed-upload] PM SKN000LWL → zoho_id=3529895000000415538
[zoho-seed-upload] PM SKN003SL → zoho_id=3529895000000409748
[zoho-seed-upload] PM SND0002L → zoho_id=3529895000000405933
[zoho-seed-upload] PM SND0012CL → zoho_id=3529895000000427315
[zoho-seed-upload] PM SND0012L → zoho_id=3529895000000417616
[zoho-seed-upload] PM SND0013L → zoho_id=3529895000000406904
[zoho-seed-upload] PM SND0014CL → zoho_id=3529895000000408865
[zoho-seed-upload] PM SND0014L → zoho_id=3529895000000419524
[zoho-seed-upload] PM SOS0012L → zoho_id=3529895000000423517
[zoho-seed-upload] PM SOS0013L → zoho_id=3529895000000421416
[zoho-seed-upload] PM SOS0014L → zoho_id=3529895000000409764
[zoho-seed-upload] PM SOS0015L → zoho_id=3529895000000411762
[zoho-seed-upload] PM SRA0004L → zoho_id=3529895000000413583
[zoho-seed-upload] PM SSI0002L → zoho_id=3529895000000426255
[zoho-seed-upload] PM SSI0003L → zoho_id=3529895000000424400
[zoho-seed-upload] PM SSI0007L → zoho_id=3529895000000410587
[zoho-seed-upload] PM SV0008L → zoho_id=3529895000000409773
[zoho-seed-upload] PM SV0009L → zoho_id=3529895000000405942
[zoho-seed-upload] PM TRQ0003L → zoho_id=3529895000000416544
[zoho-seed-upload] PM TRQ0004JL → zoho_id=3529895000000412670
[zoho-seed-upload] PM TRQ0004TL → zoho_id=3529895000000407849
[zoho-seed-upload] PM TRQ0005L → zoho_id=3529895000000408874
[zoho-seed-upload] PM TSDSVM0003L → zoho_id=3529895000000419533
[zoho-seed-upload] PM 5F00020 → zoho_id=3529895000000413592
[zoho-seed-upload] PM 5F00025 → zoho_id=3529895000000428253
[zoho-seed-upload] PM 5F00026 → zoho_id=3529895000000425412
[zoho-seed-upload] PM 5F00027 → zoho_id=3529895000000410596
[zoho-seed-upload] PM 5F00030 → zoho_id=3529895000000409789
[zoho-seed-upload] PM 5F00031 → zoho_id=3529895000000405965
[zoho-seed-upload] PM 5F00039 → zoho_id=3529895000000416560
[zoho-seed-upload] PM 5F00044 → zoho_id=3529895000000420610
[zoho-seed-upload] PM 5K00013 → zoho_id=3529895000000412686
[zoho-seed-upload] PM 5K00014 → zoho_id=3529895000000417646
[zoho-seed-upload] PM 5K00016 → zoho_id=3529895000000407865
[zoho-seed-upload] PM 5K00031 → zoho_id=3529895000000406927
[zoho-seed-upload] PM 5M00002 → zoho_id=3529895000000418480
[zoho-seed-upload] PM 5M00003 → zoho_id=3529895000000419556
[zoho-seed-upload] PM 5M00006 → zoho_id=3529895000000431111
[zoho-seed-upload] PM 5M00008 → zoho_id=3529895000000426271
[zoho-seed-upload] PM 5M00009 → zoho_id=3529895000000430170
[zoho-seed-upload] PM 5M00010 → zoho_id=3529895000000415568
[zoho-seed-upload] PM 5M00011 → zoho_id=3529895000000427331
[zoho-seed-upload] PM 5M00012 → zoho_id=3529895000000416576
[zoho-seed-upload] PM 5M00016 → zoho_id=3529895000000411778
[zoho-seed-upload] PM 5M00017 → zoho_id=3529895000000406943
[zoho-seed-upload] PM 5M00019 → zoho_id=3529895000000429180
[zoho-seed-upload] PM 5M00021 → zoho_id=3529895000000418489
[zoho-seed-upload] PM 5M00022 → zoho_id=3529895000000413608
[zoho-seed-upload] PM 5M00023 → zoho_id=3529895000000428269
[zoho-seed-upload] PM 5M00032 → zoho_id=3529895000000426280
[zoho-seed-upload] PM 5M00033 → zoho_id=3529895000000414543
[zoho-seed-upload] PM 5M00034 → zoho_id=3529895000000425428
[zoho-seed-upload] PM 5M00036 → zoho_id=3529895000000420626
[zoho-seed-upload] PM 5M00039 → zoho_id=3529895000000411787
[zoho-seed-upload] PM 5M00043 → zoho_id=3529895000000429189
[zoho-seed-upload] PM 5M00044 → zoho_id=3529895000000428278
[zoho-seed-upload] PM 5M00045 → zoho_id=3529895000000424423
[zoho-seed-upload] PM 5M00053 → zoho_id=3529895000000405981
[zoho-seed-upload] PM 5M00054 → zoho_id=3529895000000420635
[zoho-seed-upload] PM 5M00055 → zoho_id=3529895000000417669
[zoho-seed-upload] PM 5M00057 → zoho_id=3529895000000406959
[zoho-seed-upload] PM 5M00065 → zoho_id=3529895000000423554
[zoho-seed-upload] PM 5M00068 → zoho_id=3529895000000421425
[zoho-seed-upload] PM 5M00070 → zoho_id=3529895000000425437
[zoho-seed-upload] PM 5M00071 → zoho_id=3529895000000415577
[zoho-seed-upload] PM 5M00072 → zoho_id=3529895000000410619
[zoho-seed-upload] PM 5M00073 → zoho_id=3529895000000409812
[zoho-seed-upload] PM 5M00082 → zoho_id=3529895000000405990
[zoho-seed-upload] PM 5M00095 → zoho_id=3529895000000412709
[zoho-seed-upload] PM 5M00097 → zoho_id=3529895000000407888
[zoho-seed-upload] PM 5M00098 → zoho_id=3529895000000408904
[zoho-seed-upload] PM 5M00099 → zoho_id=3529895000000413624
[zoho-seed-upload] PM 5M00100 → zoho_id=3529895000000414566
[zoho-seed-upload] PM 5M00101 → zoho_id=3529895000000425446
[zoho-seed-upload] PM 5M00102 → zoho_id=3529895000000424439
[zoho-seed-upload] PM 5M00110 → zoho_id=3529895000000415586
[zoho-seed-upload] PM 5M00112 → zoho_id=3529895000000410635
[zoho-seed-upload] PM 5M00115 → zoho_id=3529895000000405999
[zoho-seed-upload] PM 5M00120 → zoho_id=3529895000000416606
[zoho-seed-upload] PM 5M00121 → zoho_id=3529895000000411796
[zoho-seed-upload] PM 5M00123 → zoho_id=3529895000000406975
[zoho-seed-upload] PM 5M00124 → zoho_id=3529895000000408920
[zoho-seed-upload] PM 5M00126 → zoho_id=3529895000000422495
[zoho-seed-upload] PM 5M00128 → zoho_id=3529895000000423570
[zoho-seed-upload] PM 5M00129 → zoho_id=3529895000000416622
[zoho-seed-upload] PM 5M00132 → zoho_id=3529895000000420665
[zoho-seed-upload] PM 5M00134 → zoho_id=3529895000000417692
[zoho-seed-upload] PM 5M00135 → zoho_id=3529895000000408936
[zoho-seed-upload] PM 5M00136 → zoho_id=3529895000000431141
[zoho-seed-upload] PM 5M00137 → zoho_id=3529895000000414575
[zoho-seed-upload] PM 5M00141 → zoho_id=3529895000000409821
[zoho-seed-upload] PM 5M00142 → zoho_id=3529895000000432022
[zoho-seed-upload] PM 5M00144 → zoho_id=3529895000000420674
[zoho-seed-upload] PM 5M00145 → zoho_id=3529895000000407918
[zoho-seed-upload] PM 5M00146 → zoho_id=3529895000000429219
[zoho-seed-upload] PM 5M00148 → zoho_id=3529895000000422511
[zoho-seed-upload] PM 5M00149 → zoho_id=3529895000000428294
[zoho-seed-upload] PM 5M00150 → zoho_id=3529895000000427368
[zoho-seed-upload] PM 5M00151 → zoho_id=3529895000000417701
[zoho-seed-upload] PM 5M00153 → zoho_id=3529895000000411805
[zoho-seed-upload] PM 5M00154 → zoho_id=3529895000000408948
[zoho-seed-upload] PM 5M00155 → zoho_id=3529895000000419586
[zoho-seed-upload] PM 5M00161 → zoho_id=3529895000000413647
[zoho-seed-upload] PM 5M00171 → zoho_id=3529895000000423586
[zoho-seed-upload] PM 5M00181 → zoho_id=3529895000000414598
[zoho-seed-upload] PM 5M00182 → zoho_id=3529895000000425469
[zoho-seed-upload] PM 5M00184 → zoho_id=3529895000000410665
[zoho-seed-upload] PM 5M00185 → zoho_id=3529895000000409837
[zoho-seed-upload] PM 5M00187 → zoho_id=3529895000000432038
[zoho-seed-upload] PM 5M00188 → zoho_id=3529895000000416645
[zoho-seed-upload] PM 5M00189 → zoho_id=3529895000000411821
[zoho-seed-upload] PM 5M00190 → zoho_id=3529895000000407934
[zoho-seed-upload] PM 5M00195 → zoho_id=3529895000000418505
[zoho-seed-upload] PM 5M00196 → zoho_id=3529895000000422534
[zoho-seed-upload] PM 5M00203 → zoho_id=3529895000000376913
[zoho-seed-upload] PM 5M00204 → zoho_id=3529895000000426303
[zoho-seed-upload] PM 5M00205 → zoho_id=3529895000000430193
[zoho-seed-upload] PM 5M00206 → zoho_id=3529895000000424469
[zoho-seed-upload] PM 5M00207 → zoho_id=3529895000000409846
[zoho-seed-upload] PM 5M00208 → zoho_id=3529895000000432054
[zoho-seed-upload] PM 5M00209 → zoho_id=3529895000000412746
[zoho-seed-upload] PM 5M00213 → zoho_id=3529895000000408968
[zoho-seed-upload] PM 5M00214 → zoho_id=3529895000000431150
[zoho-seed-upload] PM 5M00216 → zoho_id=3529895000000414607
[zoho-seed-upload] PM 5M00217 → zoho_id=3529895000000424492
[zoho-seed-upload] PM 5M00218 → zoho_id=3529895000000415616
[zoho-seed-upload] PM 5M00219 → zoho_id=3529895000000409862
[zoho-seed-upload] PM 5M00220 → zoho_id=3529895000000432070
[zoho-seed-upload] PM 5M00221 → zoho_id=3529895000000412755
[zoho-seed-upload] PM 5M00238 → zoho_id=3529895000000417731
[zoho-seed-upload] PM 5M00239 → zoho_id=3529895000000411837
[zoho-seed-upload] PM 5M00240 → zoho_id=3529895000000407950
[zoho-seed-upload] PM 5M00242 → zoho_id=3529895000000408984
[zoho-seed-upload] PM 5M00243 → zoho_id=3529895000000429235
[zoho-seed-upload] PM 5M00244 → zoho_id=3529895000000419595
[zoho-seed-upload] PM 5M00245 → zoho_id=3529895000000423616
[zoho-seed-upload] PM 5M00246 → zoho_id=3529895000000426312
[zoho-seed-upload] PM 5M00247 → zoho_id=3529895000000425485
[zoho-seed-upload] PM 5M00248 → zoho_id=3529895000000409878
[zoho-seed-upload] PM 5M00252 → zoho_id=3529895000000432079
[zoho-seed-upload] PM 5M00253 → zoho_id=3529895000000427391
[zoho-seed-upload] PM 5M00258 → zoho_id=3529895000000412771
[zoho-seed-upload] PM 5M00259 → zoho_id=3529895000000433012
[zoho-seed-upload] PM 5M00263 → zoho_id=3529895000000429251
[zoho-seed-upload] PM 5M00266 → zoho_id=3529895000000419604
[zoho-seed-upload] PM 5M00271 → zoho_id=3529895000000422550
[zoho-seed-upload] PM 5M00273 → zoho_id=3529895000000413663
[zoho-seed-upload] PM 5M00274 → zoho_id=3529895000000431159
[zoho-seed-upload] PM 5M00277 → zoho_id=3529895000000426321
[zoho-seed-upload] PM 5M00278 → zoho_id=3529895000000421469
[zoho-seed-upload] PM 5M00280 → zoho_id=3529895000000425494
[zoho-seed-upload] PM 5M00283 → zoho_id=3529895000000415639
[zoho-seed-upload] PM 5M00284 → zoho_id=3529895000000409894
[zoho-seed-upload] PM 5M00286 → zoho_id=3529895000000427400
[zoho-seed-upload] PM 5M00287 → zoho_id=3529895000000420690
[zoho-seed-upload] PM 5M00293 → zoho_id=3529895000000412787
[zoho-seed-upload] PM 5M00294 → zoho_id=3529895000000411860
[zoho-seed-upload] PM 5M00295 → zoho_id=3529895000000407959
[zoho-seed-upload] PM 5M00297 → zoho_id=3529895000000433028
[zoho-seed-upload] PM 5M00299 → zoho_id=3529895000000429260
[zoho-seed-upload] PM 5M00300 → zoho_id=3529895000000422559
[zoho-seed-upload] PM 5M00301 → zoho_id=3529895000000414623
[zoho-seed-upload] PM 5M00302 → zoho_id=3529895000000425503
[zoho-seed-upload] PM 5M00303 → zoho_id=3529895000000415648
[zoho-seed-upload] PM 5M00304 → zoho_id=3529895000000410688
[zoho-seed-upload] PM 5M00305 → zoho_id=3529895000000409910
[zoho-seed-upload] PM 5M00306 → zoho_id=3529895000000432088
[zoho-seed-upload] PM 5M00310 → zoho_id=3529895000000427423
[zoho-seed-upload] PM 5M00311 → zoho_id=3529895000000420706
[zoho-seed-upload] PM 5M00312 → zoho_id=3529895000000412796
[zoho-seed-upload] PM 5M00313 → zoho_id=3529895000000417740
[zoho-seed-upload] PM 5M00314 → zoho_id=3529895000000411883
[zoho-seed-upload] PM 5M00320 → zoho_id=3529895000000407968
[zoho-seed-upload] PM 5M00321 → zoho_id=3529895000000409000
[zoho-seed-upload] PM 5M00323 → zoho_id=3529895000000419634
[zoho-seed-upload] PM 5M00324 → zoho_id=3529895000000423632
[zoho-seed-upload] PM 5M00325 → zoho_id=3529895000000432104
[zoho-seed-upload] PM 5M00327 → zoho_id=3529895000000416682
[zoho-seed-upload] PM 5M00328 → zoho_id=3529895000000417756
[zoho-seed-upload] PM 5M00329 → zoho_id=3529895000000411892
[zoho-seed-upload] PM 5M00333 → zoho_id=3529895000000407991
[zoho-seed-upload] PM 5M00334 → zoho_id=3529895000000433044
[zoho-seed-upload] PM 5M00335 → zoho_id=3529895000000422582
[zoho-seed-upload] PM 5M00336 → zoho_id=3529895000000428324
[zoho-seed-upload] PM 5M00337 → zoho_id=3529895000000430223
[zoho-seed-upload] PM 5M00339 → zoho_id=3529895000000409926
[zoho-seed-upload] PM 5M00340 → zoho_id=3529895000000420729
[zoho-seed-upload] PM 5M00341 → zoho_id=3529895000000412819
[zoho-seed-upload] PM 5M00342 → zoho_id=3529895000000411908
[zoho-seed-upload] PM 5M00343 → zoho_id=3529895000000433053
[zoho-seed-upload] PM 5M00344 → zoho_id=3529895000000419650
[zoho-seed-upload] PM 5M00345 → zoho_id=3529895000000422591
[zoho-seed-upload] PM 5M00346 → zoho_id=3529895000000413679
[zoho-seed-upload] PM 5M00347 → zoho_id=3529895000000376936
[zoho-seed-upload] PM 5M00348 → zoho_id=3529895000000414646
[zoho-seed-upload] PM 5M00349 → zoho_id=3529895000000415671
[zoho-seed-upload] PM 5M00350 → zoho_id=3529895000000434023
[zoho-seed-upload] PM 5M00351 → zoho_id=3529895000000415680
[zoho-seed-upload] PM 5M00352 → zoho_id=3529895000000410704
[zoho-seed-upload] PM 5M00353 → zoho_id=3529895000000432113
[zoho-seed-upload] PM 5M00354 → zoho_id=3529895000000412828
[zoho-seed-upload] PM 5M00356 → zoho_id=3529895000000417772
[zoho-seed-upload] PM 5M00358 → zoho_id=3529895000000435007
[zoho-seed-upload] PM 5M00359 → zoho_id=3529895000000434039
[zoho-seed-upload] PM 5M00360 → zoho_id=3529895000000426344
[zoho-seed-upload] PM 5M00361 → zoho_id=3529895000000421506
[zoho-seed-upload] PM 5M00362 → zoho_id=3529895000000424515
[zoho-seed-upload] PM 5M00363 → zoho_id=3529895000000410720
[zoho-seed-upload] PM 5M00364 → zoho_id=3529895000000409949
[zoho-seed-upload] PM 5M00365 → zoho_id=3529895000000427467
[zoho-seed-upload] PM 5M00366 → zoho_id=3529895000000412844
[zoho-seed-upload] PM 5M00367 → zoho_id=3529895000000417781
[zoho-seed-upload] PM 5M00368 → zoho_id=3529895000000435023
[zoho-seed-upload] PM 5M00370 → zoho_id=3529895000000433062
[zoho-seed-upload] PM 5M00371 → zoho_id=3529895000000434055
[zoho-seed-upload] PM 5M00372 → zoho_id=3529895000000422614
[zoho-seed-upload] PM 5M00373 → zoho_id=3529895000000413695
[zoho-seed-upload] PM 5M00377 → zoho_id=3529895000000376952
[zoho-seed-upload] PM 5M00378 → zoho_id=3529895000000431175
[zoho-seed-upload] PM 5M00379 → zoho_id=3529895000000426353
[zoho-seed-upload] PM 5M00380 → zoho_id=3529895000000414655
[zoho-seed-upload] PM 5M00381 → zoho_id=3529895000000425547
[zoho-seed-upload] PM 5M00382 → zoho_id=3529895000000424524
[zoho-seed-upload] PM 5M00383 → zoho_id=3529895000000410736
[zoho-seed-upload] PM 5M00384 → zoho_id=3529895000000432129
[zoho-seed-upload] PM 5M00385 → zoho_id=3529895000000427483
[zoho-seed-upload] PM 5M00386 → zoho_id=3529895000000411938
[zoho-seed-upload] PM 5M00387 → zoho_id=3529895000000422630
[zoho-seed-upload] PM 5M00819 → zoho_id=3529895000000426369
[zoho-seed-upload] PM 5M00389 → zoho_id=3529895000000424533
[zoho-seed-upload] PM 5M00390 → zoho_id=3529895000000409958
[zoho-seed-upload] PM 5M00391 → zoho_id=3529895000000427499
[zoho-seed-upload] PM 5M00392 → zoho_id=3529895000000417804
[zoho-seed-upload] PM 5M00393 → zoho_id=3529895000000435032
[zoho-seed-upload] PM 5M00394 → zoho_id=3529895000000434071
[zoho-seed-upload] PM 5M00395 → zoho_id=3529895000000419680
[zoho-seed-upload] PM 5M00396 → zoho_id=3529895000000423675
[zoho-seed-upload] PM 5M00397 → zoho_id=3529895000000430260
[zoho-seed-upload] PM 5M00398 → zoho_id=3529895000000425577
[zoho-seed-upload] PM 5M00399 → zoho_id=3529895000000415710
[zoho-seed-upload] PM 5M00400 → zoho_id=3529895000000409974
[zoho-seed-upload] PM 5M00402 → zoho_id=3529895000000416726
[zoho-seed-upload] PM 5M00404 → zoho_id=3529895000000420738
[zoho-seed-upload] PM 5M00405 → zoho_id=3529895000000411947
[zoho-seed-upload] PM 5M00406 → zoho_id=3529895000000434087
[zoho-seed-upload] PM 5M00407 → zoho_id=3529895000000413725
[zoho-seed-upload] PM 5M00408 → zoho_id=3529895000000423685
[zoho-seed-upload] PM 5M00409 → zoho_id=3529895000000425586
[zoho-seed-upload] PM 5M00410 → zoho_id=3529895000000424547
[zoho-seed-upload] PM 5M00411 → zoho_id=3529895000000410762
[zoho-seed-upload] PM 5M00412 → zoho_id=3529895000000432150
[zoho-seed-upload] PM 5M00413 → zoho_id=3529895000000416745
[zoho-seed-upload] PM 5M00414 → zoho_id=3529895000000420747
[zoho-seed-upload] PM 5M00415 → zoho_id=3529895000000412872
[zoho-seed-upload] PM 5M00416 → zoho_id=3529895000000434101
[zoho-seed-upload] PM 5M00417 → zoho_id=3529895000000421520
[zoho-seed-upload] PM 5M00418 → zoho_id=3529895000000409988
[zoho-seed-upload] PM 5M00419 → zoho_id=3529895000000417820
[zoho-seed-upload] PM 5M00420 → zoho_id=3529895000000435041
[zoho-seed-upload] PM 5M00421 → zoho_id=3529895000000433097
[zoho-seed-upload] PM 5M00426 → zoho_id=3529895000000434110
[zoho-seed-upload] PM 5M00427 → zoho_id=3529895000000429288
[zoho-seed-upload] PM 5M00428 → zoho_id=3529895000000418542
[zoho-seed-upload] PM 5M00430 → zoho_id=3529895000000419689
[zoho-seed-upload] PM 5M00432 → zoho_id=3529895000000413739
[zoho-seed-upload] PM 5M00433 → zoho_id=3529895000000423694
[zoho-seed-upload] PM 5M00434 → zoho_id=3529895000000431196
[zoho-seed-upload] PM 5M00435 → zoho_id=3529895000000424556
[zoho-seed-upload] PM 5M00436 → zoho_id=3529895000000427508
[zoho-seed-upload] PM 5M00437 → zoho_id=3529895000000416754
[zoho-seed-upload] PM 5M00438 → zoho_id=3529895000000412881
[zoho-seed-upload] PM 5M00439 → zoho_id=3529895000000417829
[zoho-seed-upload] PM 5M00440 → zoho_id=3529895000000411961
[zoho-seed-upload] PM 5M00442 → zoho_id=3529895000000435050
[zoho-seed-upload] PM 5M00443 → zoho_id=3529895000000434119
[zoho-seed-upload] PM 5M00444 → zoho_id=3529895000000429297
[zoho-seed-upload] PM 5M00445 → zoho_id=3529895000000419698
[zoho-seed-upload] PM 5M00447 → zoho_id=3529895000000422646
[zoho-seed-upload] PM 5M00448 → zoho_id=3529895000000413748
[zoho-seed-upload] PM 5M00449 → zoho_id=3529895000000428338
[zoho-seed-upload] PM 5M00450 → zoho_id=3529895000000430269
[zoho-seed-upload] PM 5M00452 → zoho_id=3529895000000425600
[zoho-seed-upload] PM 5M00453 → zoho_id=3529895000000410771
[zoho-seed-upload] PM 5M00454 → zoho_id=3529895000000420756
[zoho-seed-upload] PM 5M00455 → zoho_id=3529895000000412890
[zoho-seed-upload] PM 5M00456 → zoho_id=3529895000000411970
[zoho-seed-upload] PM 5M00457 → zoho_id=3529895000000435059
[zoho-seed-upload] PM 5M00458 → zoho_id=3529895000000434128
[zoho-seed-upload] PM 5M00459 → zoho_id=3529895000000426388
[zoho-seed-upload] PM 5M00460 → zoho_id=3529895000000425609
[zoho-seed-upload] PM 5M00461 → zoho_id=3529895000000415724
[zoho-seed-upload] PM 5M00462 → zoho_id=3529895000000410780
[zoho-seed-upload] PM 5M00463 → zoho_id=3529895000000409997
[zoho-seed-upload] PM 5M00464 → zoho_id=3529895000000427517
[zoho-seed-upload] PM 5M00465 → zoho_id=3529895000000416763
[zoho-seed-upload] PM 5M00466 → zoho_id=3529895000000412899
[zoho-seed-upload] PM 5M00467 → zoho_id=3529895000000411979
[zoho-seed-upload] PM 5M00468 → zoho_id=3529895000000435068
[zoho-seed-upload] PM 5M00469 → zoho_id=3529895000000433106
[zoho-seed-upload] PM 5M00470 → zoho_id=3529895000000434137
[zoho-seed-upload] PM 5M00471 → zoho_id=3529895000000419707
[zoho-seed-upload] PM 5M00472 → zoho_id=3529895000000413757
[zoho-seed-upload] PM 5M00475 → zoho_id=3529895000000428347
[zoho-seed-upload] PM 5M00476 → zoho_id=3529895000000414664
[zoho-seed-upload] PM 5M00477 → zoho_id=3529895000000425618
[zoho-seed-upload] PM 5M00478 → zoho_id=3529895000000424565
[zoho-seed-upload] PM 5M00479 → zoho_id=3529895000000425627
[zoho-seed-upload] PM 5M00480 → zoho_id=3529895000000436006
[zoho-seed-upload] PM 5M00481 → zoho_id=3529895000000421529
[zoho-seed-upload] PM 5M00482 → zoho_id=3529895000000416772
[zoho-seed-upload] PM 5M00483 → zoho_id=3529895000000412908
[zoho-seed-upload] PM 5M00484 → zoho_id=3529895000000417838
[zoho-seed-upload] PM 5M00485 → zoho_id=3529895000000435077
[zoho-seed-upload] PM 5M00486 → zoho_id=3529895000000433115
[zoho-seed-upload] PM 5M00487 → zoho_id=3529895000000429306
[zoho-seed-upload] PM 5M00488 → zoho_id=3529895000000419716
[zoho-seed-upload] PM 5M00491 → zoho_id=3529895000000422655
[zoho-seed-upload] PM 5M00492 → zoho_id=3529895000000423703
[zoho-seed-upload] PM 5M00493 → zoho_id=3529895000000432159
[zoho-seed-upload] PM 5M00494 → zoho_id=3529895000000429315
[zoho-seed-upload] PM 5M00495 → zoho_id=3529895000000376961
[zoho-seed-upload] PM 5M00496 → zoho_id=3529895000000417847
[zoho-seed-upload] PM 5M00497 → zoho_id=3529895000000433124
[zoho-seed-upload] PM 5M00498 → zoho_id=3529895000000429324
[zoho-seed-upload] PM 5M00499 → zoho_id=3529895000000413766
[zoho-seed-upload] PM 5M00500 → zoho_id=3529895000000376970
[zoho-seed-upload] PM 5M00501 → zoho_id=3529895000000414673
[zoho-seed-upload] PM 5M00502 → zoho_id=3529895000000430278
[zoho-seed-upload] PM 5M00503 → zoho_id=3529895000000424574
[zoho-seed-upload] PM 5M00505 → zoho_id=3529895000000410789
[zoho-seed-upload] PM 5M00506 → zoho_id=3529895000000436015
[zoho-seed-upload] PM 5M00507 → zoho_id=3529895000000432168
[zoho-seed-upload] PM 5M00508 → zoho_id=3529895000000427526
[zoho-seed-upload] PM 5M00509 → zoho_id=3529895000000416781
[zoho-seed-upload] PM 5M00510 → zoho_id=3529895000000420765
[zoho-seed-upload] PM 5M00511 → zoho_id=3529895000000417856
[zoho-seed-upload] PM 5M00512 → zoho_id=3529895000000411988
[zoho-seed-upload] PM 5M00513 → zoho_id=3529895000000433133
[zoho-seed-upload] PM 5M00514 → zoho_id=3529895000000429333
[zoho-seed-upload] PM 5M00515 → zoho_id=3529895000000419725
[zoho-seed-upload] PM 5M00516 → zoho_id=3529895000000422664
[zoho-seed-upload] PM 5M00517 → zoho_id=3529895000000413775
[zoho-seed-upload] PM 5M00518 → zoho_id=3529895000000428356
[zoho-seed-upload] PM 5M00519 → zoho_id=3529895000000424583
[zoho-seed-upload] PM 5M00520 → zoho_id=3529895000000410798
[zoho-seed-upload] PM 5M00521 → zoho_id=3529895000000436024
[zoho-seed-upload] PM 5M00522 → zoho_id=3529895000000432177
[zoho-seed-upload] PM 5M00524 → zoho_id=3529895000000421538
[zoho-seed-upload] PM 5M00525 → zoho_id=3529895000000420774
[zoho-seed-upload] PM 5M00528 → zoho_id=3529895000000412917
[zoho-seed-upload] PM 5M00529 → zoho_id=3529895000000435086
[zoho-seed-upload] PM 5M00530 → zoho_id=3529895000000434146
[zoho-seed-upload] PM 5M00531 → zoho_id=3529895000000419734
[zoho-seed-upload] PM 5M00533 → zoho_id=3529895000000422673
[zoho-seed-upload] PM 5M00534 → zoho_id=3529895000000428365
[zoho-seed-upload] PM 5M00535 → zoho_id=3529895000000435095
[zoho-seed-upload] PM 5M00536 → zoho_id=3529895000000418551
[zoho-seed-upload] PM 5M00538 → zoho_id=3529895000000419743
[zoho-seed-upload] PM 5M00539 → zoho_id=3529895000000413784
[zoho-seed-upload] PM 5M00542 → zoho_id=3529895000000423712
[zoho-seed-upload] PM 5M00543 → zoho_id=3529895000000414682
[zoho-seed-upload] PM 5M00544 → zoho_id=3529895000000415733
[zoho-seed-upload] PM 5M00546 → zoho_id=3529895000000432186
[zoho-seed-upload] PM 5M00547 → zoho_id=3529895000000427535
[zoho-seed-upload] PM 5M00548 → zoho_id=3529895000000412926
[zoho-seed-upload] PM 5M00549 → zoho_id=3529895000000417865
[zoho-seed-upload] PM 5M00551 → zoho_id=3529895000000433142
[zoho-seed-upload] PM 5M00554 → zoho_id=3529895000000418560
[zoho-seed-upload] PM 5M00555 → zoho_id=3529895000000419752
[zoho-seed-upload] PM 5M00556 → zoho_id=3529895000000413793
[zoho-seed-upload] PM 5M00557 → zoho_id=3529895000000423721
[zoho-seed-upload] PM 5M00558 → zoho_id=3529895000000425636
[zoho-seed-upload] PM 5M00559 → zoho_id=3529895000000424592
[zoho-seed-upload] PM 5M00560 → zoho_id=3529895000000410807
[zoho-seed-upload] PM 5M00561 → zoho_id=3529895000000436033
[zoho-seed-upload] PM 5M00562 → zoho_id=3529895000000421547
[zoho-seed-upload] PM 5M00563 → zoho_id=3529895000000427544
[zoho-seed-upload] PM 5M00565 → zoho_id=3529895000000416790
[zoho-seed-upload] PM 5M00566 → zoho_id=3529895000000412935
[zoho-seed-upload] PM 5M00570 → zoho_id=3529895000000433151
[zoho-seed-upload] PM 5M00571 → zoho_id=3529895000000418569
[zoho-seed-upload] PM 5M00572 → zoho_id=3529895000000422682
[zoho-seed-upload] PM 5M00574 → zoho_id=3529895000000428374
[zoho-seed-upload] PM 5M00575 → zoho_id=3529895000000430287
[zoho-seed-upload] PM 5M00576 → zoho_id=3529895000000424601
[zoho-seed-upload] PM 5M00578 → zoho_id=3529895000000410816
[zoho-seed-upload] PM 5M00579 → zoho_id=3529895000000427553
[zoho-seed-upload] PM 5M00580 → zoho_id=3529895000000417874
[zoho-seed-upload] PM 5M00581 → zoho_id=3529895000000419761
[zoho-seed-upload] PM 5M00582 → zoho_id=3529895000000426397
[zoho-seed-upload] PM 5M00583 → zoho_id=3529895000000424610
[zoho-seed-upload] PM 5M00584 → zoho_id=3529895000000421556
[zoho-seed-upload] PM 5M00585 → zoho_id=3529895000000419770
[zoho-seed-upload] PM 5M00586 → zoho_id=3529895000000413802
[zoho-seed-upload] PM 5M00588 → zoho_id=3529895000000426406
[zoho-seed-upload] PM 5M00589 → zoho_id=3529895000000430296
[zoho-seed-upload] PM 5M00590 → zoho_id=3529895000000415742
[zoho-seed-upload] PM 5M00591 → zoho_id=3529895000000436042
[zoho-seed-upload] PM 5M00592 → zoho_id=3529895000000432195
[zoho-seed-upload] PM 5M00593 → zoho_id=3529895000000427562
[zoho-seed-upload] PM 5M00594 → zoho_id=3529895000000411997
[zoho-seed-upload] PM 5M00595 → zoho_id=3529895000000435104
[zoho-seed-upload] PM 5M00596 → zoho_id=3529895000000434155
[zoho-seed-upload] PM 5M00597 → zoho_id=3529895000000423730
[zoho-seed-upload] PM 5M00598 → zoho_id=3529895000000424619
[zoho-seed-upload] PM 5M00599 → zoho_id=3529895000000415751
[zoho-seed-upload] PM 5M00600 → zoho_id=3529895000000410825
[zoho-seed-upload] PM 5M00601 → zoho_id=3529895000000436051
[zoho-seed-upload] PM 5M00602 → zoho_id=3529895000000421565
[zoho-seed-upload] PM 5M00604 → zoho_id=3529895000000427571
[zoho-seed-upload] PM 5M00605 → zoho_id=3529895000000416799
[zoho-seed-upload] PM 5M00606 → zoho_id=3529895000000420783
[zoho-seed-upload] PM 5M00607 → zoho_id=3529895000000437006
[zoho-seed-upload] PM 5M00608 → zoho_id=3529895000000433160
[zoho-seed-upload] PM 5M00609 → zoho_id=3529895000000418578
[zoho-seed-upload] PM 5M00610 → zoho_id=3529895000000419779
[zoho-seed-upload] PM 5M00611 → zoho_id=3529895000000422691
[zoho-seed-upload] PM 5M00613 → zoho_id=3529895000000428383
[zoho-seed-upload] PM 5M00616 → zoho_id=3529895000000410834
[zoho-seed-upload] PM 5M00617 → zoho_id=3529895000000436060
[zoho-seed-upload] PM 5M00618 → zoho_id=3529895000000416808
[zoho-seed-upload] PM 5M00620 → zoho_id=3529895000000412944
[zoho-seed-upload] PM 5M00621 → zoho_id=3529895000000431205
[zoho-seed-upload] PM 5M00622 → zoho_id=3529895000000410843
[zoho-seed-upload] PM 5M00623 → zoho_id=3529895000000420792
[zoho-seed-upload] PM 5M00624 → zoho_id=3529895000000412953
[zoho-seed-upload] PM 5M00625 → zoho_id=3529895000000433169
[zoho-seed-upload] PM 5M00626 → zoho_id=3529895000000429342
[zoho-seed-upload] PM 5M00627 → zoho_id=3529895000000428392
[zoho-seed-upload] PM 5M00628 → zoho_id=3529895000000430305
[zoho-seed-upload] PM 5M00629 → zoho_id=3529895000000425645
[zoho-seed-upload] PM 5M00630 → zoho_id=3529895000000410852
[zoho-seed-upload] PM 5M00631 → zoho_id=3529895000000436069
[zoho-seed-upload] PM 5M00632 → zoho_id=3529895000000432204
[zoho-seed-upload] PM 5M00633 → zoho_id=3529895000000416817
[zoho-seed-upload] PM 5M00638 → zoho_id=3529895000000412962
[zoho-seed-upload] PM 5M00642 → zoho_id=3529895000000433178
[zoho-seed-upload] PM 5M00643 → zoho_id=3529895000000434164
[zoho-seed-upload] PM 5M00645 → zoho_id=3529895000000418587
[zoho-seed-upload] PM 5M00647 → zoho_id=3529895000000423739
[zoho-seed-upload] PM 5M00653 → zoho_id=3529895000000413811
[zoho-seed-upload] PM 5M00656 → zoho_id=3529895000000426415
[zoho-seed-upload] PM 5M00657 → zoho_id=3529895000000424628
[zoho-seed-upload] PM 5M00667 → zoho_id=3529895000000416826
[zoho-seed-upload] PM 5M00669 → zoho_id=3529895000000434173
[zoho-seed-upload] PM 5M00670 → zoho_id=3529895000000430314
[zoho-seed-upload] PM 5M00672 → zoho_id=3529895000000432213
[zoho-seed-upload] PM 5M00673 → zoho_id=3529895000000433187
[zoho-seed-upload] PM 5M00674 → zoho_id=3529895000000413820
[zoho-seed-upload] PM 5M00675 → zoho_id=3529895000000414691
[zoho-seed-upload] PM 5M00678 → zoho_id=3529895000000435113
[zoho-seed-upload] PM 5M00684 → zoho_id=3529895000000429351
[zoho-seed-upload] PM 5M00698 → zoho_id=3529895000000428401
[zoho-seed-upload] PM 5M00701 → zoho_id=3529895000000437015
[zoho-seed-upload] PM 5M00702 → zoho_id=3529895000000418596
[zoho-seed-upload] PM 5M00703 → zoho_id=3529895000000419788
[zoho-seed-upload] PM 5M00704 → zoho_id=3529895000000413829
[zoho-seed-upload] PM 5M00705 → zoho_id=3529895000000428410
[zoho-seed-upload] PM 5M00706 → zoho_id=3529895000000431214
[zoho-seed-upload] PM 5M00707 → zoho_id=3529895000000414700
[zoho-seed-upload] PM 5M00709 → zoho_id=3529895000000410861
[zoho-seed-upload] PM 5M00710 → zoho_id=3529895000000421574
[zoho-seed-upload] PM 5M00711 → zoho_id=3529895000000427580
[zoho-seed-upload] PM 5M00712 → zoho_id=3529895000000420801
[zoho-seed-upload] PM 5M00714 → zoho_id=3529895000000437024
[zoho-seed-upload] PM 5M00716 → zoho_id=3529895000000433196
[zoho-seed-upload] PM 5M00717 → zoho_id=3529895000000419797
[zoho-seed-upload] PM 5M00718 → zoho_id=3529895000000423748
[zoho-seed-upload] PM 5M00720 → zoho_id=3529895000000430323
[zoho-seed-upload] PM 5M00721 → zoho_id=3529895000000424637
[zoho-seed-upload] PM 5M00722 → zoho_id=3529895000000436078
[zoho-seed-upload] PM 5M00723 → zoho_id=3529895000000432222
[zoho-seed-upload] PM 5M00726 → zoho_id=3529895000000421583
[zoho-seed-upload] PM 5M00728 → zoho_id=3529895000000412971
[zoho-seed-upload] PM 5M00729 → zoho_id=3529895000000437033
[zoho-seed-upload] PM 5M00730 → zoho_id=3529895000000435122
[zoho-seed-upload] PM 5M00731 → zoho_id=3529895000000434182
[zoho-seed-upload] PM 5M00732 → zoho_id=3529895000000419806
[zoho-seed-upload] PM 5M00733 → zoho_id=3529895000000413838
[zoho-seed-upload] PM 5M00734 → zoho_id=3529895000000431223
[zoho-seed-upload] PM 5M00735 → zoho_id=3529895000000426424
[zoho-seed-upload] PM 5M00738 → zoho_id=3529895000000425654
[zoho-seed-upload] PM 5M00739 → zoho_id=3529895000000410870
[zoho-seed-upload] PM 5M00740 → zoho_id=3529895000000421592
[zoho-seed-upload] PM 5M00741 → zoho_id=3529895000000427589
[zoho-seed-upload] PM 5M00742 → zoho_id=3529895000000412980
[zoho-seed-upload] PM 5M00745 → zoho_id=3529895000000435131
[zoho-seed-upload] PM 5M00746 → zoho_id=3529895000000428419
[zoho-seed-upload] PM 5M00747 → zoho_id=3529895000000427598
[zoho-seed-upload] PM 5M00748 → zoho_id=3529895000000412989
[zoho-seed-upload] PM 5M00749 → zoho_id=3529895000000433205
[zoho-seed-upload] PM 5M00750 → zoho_id=3529895000000419815
[zoho-seed-upload] PM 5M00751 → zoho_id=3529895000000426434
[zoho-seed-upload] PM 5M00752 → zoho_id=3529895000000425663
[zoho-seed-upload] PM 5M00753 → zoho_id=3529895000000436087
[zoho-seed-upload] PM 5M00754 → zoho_id=3529895000000416835
[zoho-seed-upload] PM 5M00755 → zoho_id=3529895000000417883
[zoho-seed-upload] PM 5M00756 → zoho_id=3529895000000434191
[zoho-seed-upload] PM 5M00757 → zoho_id=3529895000000424646
[zoho-seed-upload] PM 5M00758 → zoho_id=3529895000000436096
[zoho-seed-upload] PM 5M00772 → zoho_id=3529895000000427607
[zoho-seed-upload] PM 5M00774 → zoho_id=3529895000000437042
[zoho-seed-upload] PM 5M00775 → zoho_id=3529895000000431232
[zoho-seed-upload] PM 5M00777 → zoho_id=3529895000000430332
[zoho-seed-upload] PM 5M00778 → zoho_id=3529895000000424655
[zoho-seed-upload] PM 5M00779 → zoho_id=3529895000000410879
[zoho-seed-upload] PM 5M00780 → zoho_id=3529895000000417892
[zoho-seed-upload] PM 5M00781 → zoho_id=3529895000000419824
[zoho-seed-upload] PM 5M00782 → zoho_id=3529895000000426443
[zoho-seed-upload] PM 5M00783 → zoho_id=3529895000000425672
[zoho-seed-upload] PM 5M00784 → zoho_id=3529895000000436105
[zoho-seed-upload] PM 5M00785 → zoho_id=3529895000000427616
[zoho-seed-upload] PM 5M00787 → zoho_id=3529895000000437051
[zoho-seed-upload] PM 5M00788 → zoho_id=3529895000000434200
[zoho-seed-upload] PM 5M00789 → zoho_id=3529895000000417901
[zoho-seed-upload] PM 5M00791 → zoho_id=3529895000000429360
[zoho-seed-upload] PM 5M00792 → zoho_id=3529895000000418605
[zoho-seed-upload] PM 5M00795 → zoho_id=3529895000000413847
[zoho-seed-upload] PM 5M00796 → zoho_id=3529895000000428428
[zoho-seed-upload] PM 5M00797 → zoho_id=3529895000000410888
[zoho-seed-upload] PM 5M00798 → zoho_id=3529895000000432231
[zoho-seed-upload] PM 5M00799 → zoho_id=3529895000000420810
[zoho-seed-upload] PM 5M00800 → zoho_id=3529895000000417910
[zoho-seed-upload] PM 5M00801 → zoho_id=3529895000000435140
[zoho-seed-upload] PM 5M00802 → zoho_id=3529895000000429369
[zoho-seed-upload] PM 5M00803 → zoho_id=3529895000000418614
[zoho-seed-upload] PM 5M00804 → zoho_id=3529895000000422700
[zoho-seed-upload] PM 5M00805 → zoho_id=3529895000000423757
[zoho-seed-upload] PM 5M00807 → zoho_id=3529895000000430341
[zoho-seed-upload] PM 5M00808 → zoho_id=3529895000000415760
[zoho-seed-upload] PM 5M00809 → zoho_id=3529895000000421601
[zoho-seed-upload] PM 5M00811 → zoho_id=3529895000000416844
[zoho-seed-upload] PM 5M00813 → zoho_id=3529895000000412998
[zoho-seed-upload] PM 5M00814 → zoho_id=3529895000000417919
[zoho-seed-upload] PM 5M00815 → zoho_id=3529895000000435149
[zoho-seed-upload] PM 5M00816 → zoho_id=3529895000000434209
[zoho-seed-upload] PM 5M00817 → zoho_id=3529895000000431241
[zoho-seed-upload] PM 5M00818 → zoho_id=3529895000000425681
[zoho-seed-upload] PM 5M00820 → zoho_id=3529895000000416853
[zoho-seed-upload] PM 5M00821 → zoho_id=3529895000000433214
[zoho-seed-upload] PM 5M00822 → zoho_id=3529895000000422709
[zoho-seed-upload] PM 5M00823 → zoho_id=3529895000000376979
[zoho-seed-upload] PM 5M00824 → zoho_id=3529895000000410897
[zoho-seed-upload] PM 5M00825 → zoho_id=3529895000000427625
[zoho-seed-upload] PM 5M00826 → zoho_id=3529895000000439007
[zoho-seed-upload] PM 5M00827 → zoho_id=3529895000000435158
[zoho-seed-upload] PM 5M00828 → zoho_id=3529895000000433223
[zoho-seed-upload] PM 5M00829 → zoho_id=3529895000000418623
[zoho-seed-upload] PM 5M00830 → zoho_id=3529895000000422718
[zoho-seed-upload] PM 5M00831 → zoho_id=3529895000000423766
[zoho-seed-upload] PM 5M00832 → zoho_id=3529895000000410906
[zoho-seed-upload] PM 5M00833 → zoho_id=3529895000000432240
[zoho-seed-upload] PM 5M00834 → zoho_id=3529895000000420819
[zoho-seed-upload] PM 5M00835 → zoho_id=3529895000000437060
[zoho-seed-upload] PM 5M00836 → zoho_id=3529895000000435167
[zoho-seed-upload] PM 5M00837 → zoho_id=3529895000000433232
[zoho-seed-upload] PM 5M00838 → zoho_id=3529895000000419833
[zoho-seed-upload] PM 5M00839 → zoho_id=3529895000000428437
[zoho-seed-upload] PM 5M00840 → zoho_id=3529895000000436114
[zoho-seed-upload] PM 5M00841 → zoho_id=3529895000000432249
[zoho-seed-upload] PM 5M00842 → zoho_id=3529895000000435176
[zoho-seed-upload] PM 5M00843 → zoho_id=3529895000000422727
[zoho-seed-upload] PM 5M00844 → zoho_id=3529895000000431250
[zoho-seed-upload] PM 5M00845 → zoho_id=3529895000000415769
[zoho-seed-upload] PM 5M00848 → zoho_id=3529895000000436123
[zoho-seed-upload] PM 5M00849 → zoho_id=3529895000000427634
[zoho-seed-upload] PM 5M00850 → zoho_id=3529895000000439016
[zoho-seed-upload] PM 5M00851 → zoho_id=3529895000000417928
[zoho-seed-upload] PM 5M00852 → zoho_id=3529895000000433241
[zoho-seed-upload] PM 5M00853 → zoho_id=3529895000000418632
[zoho-seed-upload] PM 5M00854 → zoho_id=3529895000000431259
[zoho-seed-upload] PM 5M00858 → zoho_id=3529895000000426452
[zoho-seed-upload] PM 5M00859 → zoho_id=3529895000000430350
[zoho-seed-upload] PM 5M00860 → zoho_id=3529895000000415778
[zoho-seed-upload] PM 5M00861 → zoho_id=3529895000000436132
[zoho-seed-upload] PM 5M00863 → zoho_id=3529895000000432258
[zoho-seed-upload] PM 5M00864 → zoho_id=3529895000000420828
[zoho-seed-upload] PM 5M00865 → zoho_id=3529895000000439025
[zoho-seed-upload] PM 5M00866 → zoho_id=3529895000000417937
[zoho-seed-upload] PM 5M00867 → zoho_id=3529895000000435185
[zoho-seed-upload] PM 5M00868 → zoho_id=3529895000000419842
[zoho-seed-upload] PM 5M00869 → zoho_id=3529895000000413856
[zoho-seed-upload] PM 5M00870 → zoho_id=3529895000000426461
[zoho-seed-upload] PM 5M00871 → zoho_id=3529895000000430359
[zoho-seed-upload] PM 5M00872 → zoho_id=3529895000000410915
[zoho-seed-upload] PM 5M00873 → zoho_id=3529895000000436141
[zoho-seed-upload] PM 5M00874 → zoho_id=3529895000000427643
[zoho-seed-upload] PM 5M00875 → zoho_id=3529895000000416862
[zoho-seed-upload] PM 5M00876 → zoho_id=3529895000000417946
[zoho-seed-upload] PM 5M00877 → zoho_id=3529895000000433250
[zoho-seed-upload] PM 5M00878 → zoho_id=3529895000000434218
[zoho-seed-upload] PM 5M00879 → zoho_id=3529895000000415787
[zoho-seed-upload] PM 5M00882 → zoho_id=3529895000000436150
[zoho-seed-upload] PM 5M00883 → zoho_id=3529895000000421610
[zoho-seed-upload] PM 5M00885 → zoho_id=3529895000000427652
[zoho-seed-upload] PM 5M00886 → zoho_id=3529895000000439034
[zoho-seed-upload] PM 5M00888 → zoho_id=3529895000000437069
[zoho-seed-upload] PM 5M00889 → zoho_id=3529895000000433259
[zoho-seed-upload] PM 5M00890 → zoho_id=3529895000000429378
[zoho-seed-upload] PM 5M00891 → zoho_id=3529895000000418641
[zoho-seed-upload] PM 5M00892 → zoho_id=3529895000000419851
[zoho-seed-upload] PM 5M00893 → zoho_id=3529895000000413865
[zoho-seed-upload] PM 5M00894 → zoho_id=3529895000000421619
[zoho-seed-upload] PM 5M00895 → zoho_id=3529895000000433268
[zoho-seed-upload] PM 5M00896 → zoho_id=3529895000000429387
[zoho-seed-upload] PM 5M00897 → zoho_id=3529895000000418650
[zoho-seed-upload] PM 5M00898 → zoho_id=3529895000000422736
[zoho-seed-upload] PM 5M00899 → zoho_id=3529895000000376988
[zoho-seed-upload] PM 5M00900 → zoho_id=3529895000000425690
[zoho-seed-upload] PM 5M00901 → zoho_id=3529895000000424664
[zoho-seed-upload] PM 5M00902 → zoho_id=3529895000000421628
[zoho-seed-upload] PM 5M00903 → zoho_id=3529895000000417955
[zoho-seed-upload] PM 5M00906 → zoho_id=3529895000000435194
[zoho-seed-upload] PM 5M00907 → zoho_id=3529895000000434227
[zoho-seed-upload] PM 5M00909 → zoho_id=3529895000000413874
[zoho-seed-upload] PM 5M00910 → zoho_id=3529895000000376997
[zoho-seed-upload] PM 5M00911 → zoho_id=3529895000000431268
[zoho-seed-upload] PM 5M00912 → zoho_id=3529895000000426470
[zoho-seed-upload] PM 5M00913 → zoho_id=3529895000000425699
[zoho-seed-upload] PM 5M00914 → zoho_id=3529895000000415796
[zoho-seed-upload] PM 5M00916 → zoho_id=3529895000000436159
[zoho-seed-upload] PM 5M00917 → zoho_id=3529895000000432267
[zoho-seed-upload] PM 5M00918 → zoho_id=3529895000000417964
[zoho-seed-upload] PM 5M00920 → zoho_id=3529895000000429396
[zoho-seed-upload] PM 5M00921 → zoho_id=3529895000000422745
[zoho-seed-upload] PM 5M00922 → zoho_id=3529895000000428446
[zoho-seed-upload] PM 5M00923 → zoho_id=3529895000000424673
[zoho-seed-upload] PM 5M00924 → zoho_id=3529895000000410924
[zoho-seed-upload] PM 5M00925 → zoho_id=3529895000000436168
[zoho-seed-upload] PM 5M00926 → zoho_id=3529895000000421637
[zoho-seed-upload] PM 5M00927 → zoho_id=3529895000000416871
[zoho-seed-upload] PM 5M00928 → zoho_id=3529895000000417973
[zoho-seed-upload] PM 5M00929 → zoho_id=3529895000000435203
[zoho-seed-upload] PM 5M00930 → zoho_id=3529895000000434236
[zoho-seed-upload] PM 5M00932 → zoho_id=3529895000000421646
[zoho-seed-upload] PM 5M00934 → zoho_id=3529895000000417982
[zoho-seed-upload] PM 5M00935 → zoho_id=3529895000000437078
[zoho-seed-upload] PM 5M00936 → zoho_id=3529895000000435212
[zoho-seed-upload] PM 5M00937 → zoho_id=3529895000000434245
[zoho-seed-upload] PM 5M00938 → zoho_id=3529895000000414709
[zoho-seed-upload] PM 5M00939 → zoho_id=3529895000000436177
[zoho-seed-upload] PM 5M00940 → zoho_id=3529895000000432276
[zoho-seed-upload] PM 5M00941 → zoho_id=3529895000000427661
[zoho-seed-upload] PM 5M00942 → zoho_id=3529895000000416880
[zoho-seed-upload] PM 5M00943 → zoho_id=3529895000000417991
[zoho-seed-upload] PM 5M00944 → zoho_id=3529895000000435221
[zoho-seed-upload] PM 5M00946 → zoho_id=3529895000000429405
[zoho-seed-upload] PM 5M00947 → zoho_id=3529895000000419860
[zoho-seed-upload] PM 5M00949 → zoho_id=3529895000000423775
[zoho-seed-upload] PM 5M00950 → zoho_id=3529895000000410933
[zoho-seed-upload] PM 5M00951 → zoho_id=3529895000000436186
[zoho-seed-upload] PM 5M00953 → zoho_id=3529895000000421655
[zoho-seed-upload] PM 5M00954 → zoho_id=3529895000000439043
[zoho-seed-upload] PM 5M00962 → zoho_id=3529895000000437087
[zoho-seed-upload] PM 5M00963 → zoho_id=3529895000000435230
[zoho-seed-upload] PM 5M00964 → zoho_id=3529895000000433277
[zoho-seed-upload] PM 5M00965 → zoho_id=3529895000000434254
[zoho-seed-upload] PM 5M00966 → zoho_id=3529895000000419869
[zoho-seed-upload] PM 5M00968 → zoho_id=3529895000000428455
[zoho-seed-upload] PM 5M00969 → zoho_id=3529895000000426479
[zoho-seed-upload] PM 5M00970 → zoho_id=3529895000000430368
[zoho-seed-upload] PM 5M00973 → zoho_id=3529895000000421664
[zoho-seed-upload] PM 5M00976 → zoho_id=3529895000000423784
[zoho-seed-upload] PM 5M00991 → zoho_id=3529895000000425708
[zoho-seed-upload] PM 5M00992 → zoho_id=3529895000000415805
[zoho-seed-upload] PM 5M00994 → zoho_id=3529895000000436195
[zoho-seed-upload] PM 5M00995 → zoho_id=3529895000000421673
[zoho-seed-upload] PM 5M00996 → zoho_id=3529895000000418000
[zoho-seed-upload] PM 5M00997 → zoho_id=3529895000000433286
[zoho-seed-upload] PM 5M00998 → zoho_id=3529895000000418659
[zoho-seed-upload] PM 5M00999 → zoho_id=3529895000000419878
[zoho-seed-upload] PM 5M01000 → zoho_id=3529895000000423793
[zoho-seed-upload] PM 5M01003 → zoho_id=3529895000000425717
[zoho-seed-upload] PM 5M01004 → zoho_id=3529895000000421682
[zoho-seed-upload] PM 5M01005 → zoho_id=3529895000000439052
[zoho-seed-upload] PM 5M01006 → zoho_id=3529895000000433295
[zoho-seed-upload] PM 5M01007 → zoho_id=3529895000000434263
[zoho-seed-upload] PM 5M01008 → zoho_id=3529895000000419887
[zoho-seed-upload] PM 5M01009 → zoho_id=3529895000000428464
[zoho-seed-upload] PM 5M01012 → zoho_id=3529895000000430377
[zoho-seed-upload] PM 5M01013 → zoho_id=3529895000000424682
[zoho-seed-upload] PM 5M01014 → zoho_id=3529895000000415814
[zoho-seed-upload] PM 5M01022 → zoho_id=3529895000000410942
[zoho-seed-upload] PM 5M01024 → zoho_id=3529895000000432285
[zoho-seed-upload] PM 5M01025 → zoho_id=3529895000000427670
[zoho-seed-upload] PM 5M01026 → zoho_id=3529895000000416889
[zoho-seed-upload] PM 5M01027 → zoho_id=3529895000000439061
[zoho-seed-upload] PM 5M01028 → zoho_id=3529895000000433304
[zoho-seed-upload] PM 5M01029 → zoho_id=3529895000000419896
[zoho-seed-upload] PM 5M01030 → zoho_id=3529895000000413883
[zoho-seed-upload] PM 5M01031 → zoho_id=3529895000000440006
[zoho-seed-upload] PM 5M01032 → zoho_id=3529895000000431277
[zoho-seed-upload] PM 5M01033 → zoho_id=3529895000000430386
[zoho-seed-upload] PM 5M01047 → zoho_id=3529895000000424691
[zoho-seed-upload] PM 5M01048 → zoho_id=3529895000000415823
[zoho-seed-upload] PM 5M01049 → zoho_id=3529895000000427679
[zoho-seed-upload] PM 5M01050 → zoho_id=3529895000000437096
[zoho-seed-upload] PM 5M01051 → zoho_id=3529895000000428473
[zoho-seed-upload] PM 5M01052 → zoho_id=3529895000000427688
[zoho-seed-upload] PM BBOB001 → zoho_id=3529895000000416898
[zoho-seed-upload] PM CD0004M → zoho_id=3529895000000420837
[zoho-seed-upload] PM CDG0003M → zoho_id=3529895000000437105
[zoho-seed-upload] PM D002M → zoho_id=3529895000000433313
[zoho-seed-upload] PM D003M → zoho_id=3529895000000418668
[zoho-seed-upload] PM DD00011M → zoho_id=3529895000000422754
[zoho-seed-upload] PM DD0001M → zoho_id=3529895000000423802
[zoho-seed-upload] PM DD0008M → zoho_id=3529895000000431286
[zoho-seed-upload] PM DEX0001M → zoho_id=3529895000000426488
[zoho-seed-upload] PM DEX0002M → zoho_id=3529895000000414718
[zoho-seed-upload] PM DEX0003M → zoho_id=3529895000000430395
[zoho-seed-upload] PM DN001M → zoho_id=3529895000000415832
[zoho-seed-upload] PM EI/CFB/009 → zoho_id=3529895000000410951
[zoho-seed-upload] PM EXU0006M → zoho_id=3529895000000432294
[zoho-seed-upload] PM HAS0001M → zoho_id=3529895000000416907
[zoho-seed-upload] PM HW0005M → zoho_id=3529895000000420846
[zoho-seed-upload] PM INN0006M → zoho_id=3529895000000441009
[zoho-seed-upload] PM JUV003M → zoho_id=3529895000000437114
[zoho-seed-upload] PM JUV004M → zoho_id=3529895000000435239
[zoho-seed-upload] PM M0013M → zoho_id=3529895000000434272
[zoho-seed-upload] PM MAG0001M → zoho_id=3529895000000413892
[zoho-seed-upload] PM MYS0002M → zoho_id=3529895000000423811
[zoho-seed-upload] PM MYS0004M → zoho_id=3529895000000415841
[zoho-seed-upload] PM MYS0013M → zoho_id=3529895000000436204
[zoho-seed-upload] PM MYS0017TM → zoho_id=3529895000000421691
[zoho-seed-upload] PM ND0001M → zoho_id=3529895000000420855
[zoho-seed-upload] PM NIR0006M → zoho_id=3529895000000435248
[zoho-seed-upload] PM NSK0025M → zoho_id=3529895000000418677
[zoho-seed-upload] PM P&S0004M → zoho_id=3529895000000419905
[zoho-seed-upload] PM PB10010M → zoho_id=3529895000000422763
[zoho-seed-upload] PM PB20012M → zoho_id=3529895000000413901
[zoho-seed-upload] PM PULP0002M → zoho_id=3529895000000423820
[zoho-seed-upload] PM SOS0012M → zoho_id=3529895000000410960
[zoho-seed-upload] PM SOS0013M → zoho_id=3529895000000427697
[zoho-seed-upload] PM SOS0014M → zoho_id=3529895000000418686
[zoho-seed-upload] PM SOS0015M → zoho_id=3529895000000414727
[zoho-seed-upload] PM SQ055M → zoho_id=3529895000000427706
[zoho-seed-upload] PM SQRX52M → zoho_id=3529895000000439070
[zoho-seed-upload] PM SRA0004M → zoho_id=3529895000000441018
[zoho-seed-upload] PM SSI0002M → zoho_id=3529895000000435257
[zoho-seed-upload] PM SSI0003M → zoho_id=3529895000000434281
[zoho-seed-upload] PM SSI0005M → zoho_id=3529895000000418695
[zoho-seed-upload] PM SSI0007M → zoho_id=3529895000000419914
[zoho-seed-upload] PM SV0006M → zoho_id=3529895000000422772
[zoho-seed-upload] PM SV0007M → zoho_id=3529895000000413910
[zoho-seed-upload] PM TRQ0004M → zoho_id=3529895000000428482
[zoho-seed-upload] PM TRQ0005M → zoho_id=3529895000000436213
[zoho-seed-upload] PM TSDSVM0003M → zoho_id=3529895000000421700
[zoho-seed-upload] PM 5000002 → zoho_id=3529895000000433322
[zoho-seed-upload] PM 5000003 → zoho_id=3529895000000418704
[zoho-seed-upload] PM 5000004 → zoho_id=3529895000000419923
[zoho-seed-upload] PM 5000005 → zoho_id=3529895000000423829
[zoho-seed-upload] PM 5000013 → zoho_id=3529895000000432303
[zoho-seed-upload] PM 5000015 → zoho_id=3529895000000421709
[zoho-seed-upload] PM 5000017 → zoho_id=3529895000000420864
[zoho-seed-upload] PM 5000026 → zoho_id=3529895000000439079
[zoho-seed-upload] PM 5000027 → zoho_id=3529895000000441027
[zoho-seed-upload] PM 5000031 → zoho_id=3529895000000437123
[zoho-seed-upload] PM 5000035 → zoho_id=3529895000000435266
[zoho-seed-upload] PM 5000037 → zoho_id=3529895000000429414
[zoho-seed-upload] PM 5000063 → zoho_id=3529895000000423838
[zoho-seed-upload] PM 5000069 → zoho_id=3529895000000440015
[zoho-seed-upload] PM 5000070 → zoho_id=3529895000000414736
[zoho-seed-upload] PM 5000071 → zoho_id=3529895000000436222
[zoho-seed-upload] PM 5000074 → zoho_id=3529895000000432312
[zoho-seed-upload] PM 5000085 → zoho_id=3529895000000418713
[zoho-seed-upload] PM 5000088 → zoho_id=3529895000000425726
[zoho-seed-upload] PM 5000089 → zoho_id=3529895000000421718
[zoho-seed-upload] PM 5000091 → zoho_id=3529895000000437132
[zoho-seed-upload] PM 5000092 → zoho_id=3529895000000434290
[zoho-seed-upload] PM 5000093 → zoho_id=3529895000000418722
[zoho-seed-upload] PM 5000094 → zoho_id=3529895000000413919
[zoho-seed-upload] PM 5000095 → zoho_id=3529895000000428491
[zoho-seed-upload] PM 5000101 → zoho_id=3529895000000426497
[zoho-seed-upload] PM 5000102 → zoho_id=3529895000000430404
[zoho-seed-upload] PM 5000105 → zoho_id=3529895000000424700
[zoho-seed-upload] PM 5000106 → zoho_id=3529895000000415850
[zoho-seed-upload] PM 5000107 → zoho_id=3529895000000410969
[zoho-seed-upload] PM 5000108 → zoho_id=3529895000000432321
[zoho-seed-upload] PM 5000109 → zoho_id=3529895000000416916
[zoho-seed-upload] PM 5000110 → zoho_id=3529895000000441036
[zoho-seed-upload] PM 5000112 → zoho_id=3529895000000433331
[zoho-seed-upload] PM 5000115 → zoho_id=3529895000000434299
[zoho-seed-upload] PM 5000116 → zoho_id=3529895000000413928
[zoho-seed-upload] PM 5000120 → zoho_id=3529895000000426506
[zoho-seed-upload] PM 5000124 → zoho_id=3529895000000430413
[zoho-seed-upload] PM 5000128 → zoho_id=3529895000000424709
[zoho-seed-upload] PM 5000129 → zoho_id=3529895000000421727
[zoho-seed-upload] PM 5000130 → zoho_id=3529895000000439088
[zoho-seed-upload] PM 5000132 → zoho_id=3529895000000419932
[zoho-seed-upload] PM 5000133 → zoho_id=3529895000000413937
[zoho-seed-upload] PM 5000231 → zoho_id=3529895000000431295
[zoho-seed-upload] PM 5000232 → zoho_id=3529895000000426515
[zoho-seed-upload] PM 5000233 → zoho_id=3529895000000425735
[zoho-seed-upload] PM 5000290 → zoho_id=3529895000000432330
[zoho-seed-upload] PM PVCS12*16 → zoho_id=3529895000000427715
[zoho-seed-upload] PM PVCS7*15 → zoho_id=3529895000000416925
[zoho-seed-upload] PM SS010 → zoho_id=3529895000000437141
[zoho-seed-upload] PM SS017 → zoho_id=3529895000000435275
[zoho-seed-upload] PM SS018 → zoho_id=3529895000000419941
[zoho-seed-upload] PM SS027 → zoho_id=3529895000000423847
[zoho-seed-upload] Summary from DB: {
  vendor_clients: 0,
  users: 0,
  products: 0,
  raw_materials: 0,
  pack_materials: 544
}
[zoho-seed-upload] --no-write-seed: skipped seed.js write
[zoho-seed-upload] Done.
