so_no,customer,pe_id,product_code,product_name,bom_status,mtype,mat_id,mat_code,mat_name,need_qty,po_no,po_id,po_status,link_state,po_qty
SO-00046,SOUL SKIN CLINIC LLP,3351,PR0006766,Skn Snax- Sunstick 15gm,Production Released,RM,3542,1001284,CCTG,1.035,DPO-003,1085,Released,linked:PR,3
SO-00046,SOUL SKIN CLINIC LLP,3351,PR0006766,Skn Snax- Sunstick 15gm,Production Released,RM,3564,1001331,AVOBENZONE,0.69,EI/PO/26-27/892,1033,Released,unlinked,25
SO-00204,INCNUT LIFESTYLE RETAIL PRIVATE LIMITED,3500,SK2108AFC,SK ACNE LIMIT FACIAL CREAM FOR MODERATE ACNE 30ML,Production Released,RM,3542,1001284,CCTG,5.88,DPO-003,1085,Released,linked:PR,3
SO-00204,INCNUT LIFESTYLE RETAIL PRIVATE LIMITED,3500,SK2108AFC,SK ACNE LIMIT FACIAL CREAM FOR MODERATE ACNE 30ML,Production Released,RM,3355,1000511,Niacinamide,4.8,EI/PO/26-27/926,1059,Released,unlinked,200
SO-00204,INCNUT LIFESTYLE RETAIL PRIVATE LIMITED,3500,SK2108AFC,SK ACNE LIMIT FACIAL CREAM FOR MODERATE ACNE 30ML,Production Released,RM,3327,1000473,VEGAROL 1698,2.52,EI/PO/26-27/881,1026,Released,unlinked,100
SO-00204,INCNUT LIFESTYLE RETAIL PRIVATE LIMITED,3500,SK2108AFC,SK ACNE LIMIT FACIAL CREAM FOR MODERATE ACNE 30ML,Production Released,RM,3277,1000412,Butyrospermum Parkii Butter,0.66,EI/PO/26-27/881,1026,Released,unlinked,80
SO-00204,INCNUT LIFESTYLE RETAIL PRIVATE LIMITED,3500,SK2108AFC,SK ACNE LIMIT FACIAL CREAM FOR MODERATE ACNE 30ML,Production Released,RM,3411,1000612,WATER,74.748,DPO-005,1087,Released,unlinked,179
SO-00204,INCNUT LIFESTYLE RETAIL PRIVATE LIMITED,3498,SK2202ATD,SKINKRAFT ACNE LIMIT FACIAL TONER FOR SLIGHTLY DRY SKIN 100 ML,Production Released,RM,3795,1001355,COSCARE - PDO,12,EI/PO/26-27/786,983,Released,unlinked,200
SO-00204,INCNUT LIFESTYLE RETAIL PRIVATE LIMITED,3498,SK2202ATD,SKINKRAFT ACNE LIMIT FACIAL TONER FOR SLIGHTLY DRY SKIN 100 ML,Production Released,RM,3257,1000392,Salicylic Acid,3.6,EI/PO/26-27/881,1026,Released,unlinked,50
SO-00204,INCNUT LIFESTYLE RETAIL PRIVATE LIMITED,3498,SK2202ATD,SKINKRAFT ACNE LIMIT FACIAL TONER FOR SLIGHTLY DRY SKIN 100 ML,Production Released,RM,3355,1000511,Niacinamide,3,EI/PO/26-27/926,1059,Released,unlinked,200
SO-00204,INCNUT LIFESTYLE RETAIL PRIVATE LIMITED,3498,SK2202ATD,SKINKRAFT ACNE LIMIT FACIAL TONER FOR SLIGHTLY DRY SKIN 100 ML,Production Released,RM,3411,1000612,AQUA,274.95,DPO-005,1087,Released,unlinked,179
SO-00673,SAGAR MEDICOS,3375,PR0006850,CLAY MASK 1KG (BULK),Production Released,RM,3749,1001427,GLYCERINE IP - GODREJ,0.32,EI/PO/26-27/893,1034,Released,unlinked,500
SO-00673,SAGAR MEDICOS,3375,PR0006850,CLAY MASK 1KG (BULK),Production Released,RM,3749,1001427,GLYCERINE IP - GODREJ,0.32,EI/PO/26-27/925,1058,Released,unlinked,500
SO-00673,SAGAR MEDICOS,3375,PR0006850,CLAY MASK 1KG (BULK),Production Released,RM,3327,1000473,VEGAROL 1698,0.2,EI/PO/26-27/881,1026,Released,unlinked,100
SO-00673,SAGAR MEDICOS,3375,PR0006850,CLAY MASK 1KG (BULK),Production Released,RM,3277,1000412,Butyrospermum Parkii Butter,0.08,EI/PO/26-27/881,1026,Released,unlinked,80
SO-00673,SAGAR MEDICOS,3375,PR0006850,CLAY MASK 1KG (BULK),Production Released,RM,3334,1000483,Bentonite,0.02,EI/PO/26-27/836,1000,Released,unlinked,50
SO-00673,SAGAR MEDICOS,3375,PR0006850,CLAY MASK 1KG (BULK),Production Released,RM,3334,1000483,Bentonite,0.02,EI/PO/26-27/927,1060,Released,unlinked,300
SO-00673,SAGAR MEDICOS,3375,PR0006850,CLAY MASK 1KG (BULK),Production Released,RM,3411,1000612,AQUA,2.052,DPO-005,1087,Released,unlinked,179
SO-00059,M/s R K Pharmacy,3341,PR0004224-KC,PERSONIKS GENTLE FACE CLEANSER 80 ML,Production Released,RM,3749,1001427,GLYCERINE IP - GODREJ,6,EI/PO/26-27/893,1034,Released,unlinked,500
SO-00059,M/s R K Pharmacy,3341,PR0004224-KC,PERSONIKS GENTLE FACE CLEANSER 80 ML,Production Released,RM,3749,1001427,GLYCERINE IP - GODREJ,6,EI/PO/26-27/925,1058,Released,unlinked,500
SO-00059,M/s R K Pharmacy,3341,PR0004224-KC,PERSONIKS GENTLE FACE CLEANSER 80 ML,Production Released,RM,3438,1001082,GALSOFT SCT 40,6,EI/PO/26-27/785,982,Released,unlinked,200
SO-00059,M/s R K Pharmacy,3341,PR0004224-KC,PERSONIKS GENTLE FACE CLEANSER 80 ML,Production Released,RM,3795,1001355,"1, 3 - PROPANEDIOL",4,EI/PO/26-27/786,983,Released,unlinked,200
SO-00059,M/s R K Pharmacy,3341,PR0004224-KC,PERSONIKS GENTLE FACE CLEANSER 80 ML,Production Released,RM,3793,1001341,FLOCARE C 122 PF,0.2,EI/PO/26-27/892,1033,Released,unlinked,60
SO-00059,M/s R K Pharmacy,3341,PR0004224-KC,PERSONIKS GENTLE FACE CLEANSER 80 ML,Production Released,RM,3411,1000612,WATER,13.8,DPO-005,1087,Released,unlinked,179
SO-00193,MYSKINN,3480,PR0006401,MYSKINN WATER BURST CAREGEL 50ML,Confirmed,RM,3749,1001427,GLYCERINE IP - GODREJ,3,EI/PO/26-27/893,1034,Released,unlinked,500
SO-00193,MYSKINN,3480,PR0006401,MYSKINN WATER BURST CAREGEL 50ML,Confirmed,RM,3749,1001427,GLYCERINE IP - GODREJ,3,EI/PO/26-27/925,1058,Released,unlinked,500
SO-00193,MYSKINN,3480,PR0006401,MYSKINN WATER BURST CAREGEL 50ML,Confirmed,RM,3749,1001427,GLYCERINE IP - GODREJ,3,EI/PO/26-27/893,1034,Released,unlinked,500
SO-00193,MYSKINN,3480,PR0006401,MYSKINN WATER BURST CAREGEL 50ML,Confirmed,RM,3749,1001427,GLYCERINE IP - GODREJ,3,EI/PO/26-27/925,1058,Released,unlinked,500
SO-00193,MYSKINN,3480,PR0006401,MYSKINN WATER BURST CAREGEL 50ML,Confirmed,RM,3486,1001182,FM-proVB5,1.5,EI/PO/26-27/897,1038,Released,unlinked,40
SO-00193,MYSKINN,3480,PR0006401,MYSKINN WATER BURST CAREGEL 50ML,Confirmed,RM,3486,1001182,FM-proVB5,1.5,EI/PO/26-27/897,1038,Released,unlinked,40
SO-00193,MYSKINN,3480,PR0006401,MYSKINN WATER BURST CAREGEL 50ML,Confirmed,RM,3496,1001210,SODIUM HYALURONATE (CHEMICORE),0.06,EI/PO/26-27/787,984,Released,unlinked,10
SO-00193,MYSKINN,3480,PR0006401,MYSKINN WATER BURST CAREGEL 50ML,Confirmed,RM,3496,1001210,SODIUM HYALURONATE (CHEMICORE),0.06,EI/PO/26-27/787,984,Released,unlinked,10
SO-00193,MYSKINN,3480,PR0006401,MYSKINN WATER BURST CAREGEL 50ML,Confirmed,RM,3411,1000612,AQUA,121.5,DPO-005,1087,Released,unlinked,179
SO-00042,SOUL SKIN CLINIC LLP,3355,PR0005304,Skn Snax Creme Sunscreen SPF 50 PA+++ 75ml,Production Released,RM,3564,1001331,AVOBENZONE,2.5875,EI/PO/26-27/892,1033,Released,unlinked,25
SO-00042,SOUL SKIN CLINIC LLP,3355,PR0005304,Skn Snax Creme Sunscreen SPF 50 PA+++ 75ml,Production Released,RM,3411,1000612,WATER,61.798125,DPO-005,1087,Released,unlinked,179
SO-00109,MED MANOR ORGANICS PVT LTD..,3420,PR0004983,MEDMANOR MAXEMO 50ML,Production Released,RM,3749,1001427,GLYCERINE IP - GODREJ,7.5,EI/PO/26-27/893,1034,Released,unlinked,500
SO-00109,MED MANOR ORGANICS PVT LTD..,3420,PR0004983,MEDMANOR MAXEMO 50ML,Production Released,RM,3749,1001427,GLYCERINE IP - GODREJ,7.5,EI/PO/26-27/925,1058,Released,unlinked,500
SO-00109,MED MANOR ORGANICS PVT LTD..,3420,PR0004983,MEDMANOR MAXEMO 50ML,Production Released,RM,3564,1001331,AVOBENZONE,4.5,EI/PO/26-27/892,1033,Released,unlinked,25
SO-00109,MED MANOR ORGANICS PVT LTD..,3420,PR0004983,MEDMANOR MAXEMO 50ML,Production Released,RM,3355,1000511,Niacinamide,3,EI/PO/26-27/926,1059,Released,unlinked,200
SO-00109,MED MANOR ORGANICS PVT LTD..,3420,PR0004983,MEDMANOR MAXEMO 50ML,Production Released,RM,2998,1000040,ARLACEL 2121,3,EI/PO/26-27/901,1041,Released,unlinked,50
SO-00109,MED MANOR ORGANICS PVT LTD..,3420,PR0004983,MEDMANOR MAXEMO 50ML,Production Released,RM,3542,1001284,CCTG,3,DPO-003,1085,Released,linked:PR,3
SO-00109,MED MANOR ORGANICS PVT LTD..,3420,PR0004983,MEDMANOR MAXEMO 50ML,Production Released,RM,3285,1000422,SODIUM GLUCONATE,0.3,EI/PO/26-27/881,1026,Released,unlinked,25
SO-00109,MED MANOR ORGANICS PVT LTD..,3420,PR0004983,MEDMANOR MAXEMO 50ML,Production Released,RM,3496,1001210,SODIUM HYALURONATE (CHEMICORE),0.075,EI/PO/26-27/787,984,Released,unlinked,10
SO-00109,MED MANOR ORGANICS PVT LTD..,3420,PR0004983,MEDMANOR MAXEMO 50ML,Production Released,RM,3411,1000612,AQUA,105.45,DPO-005,1087,Released,unlinked,179
SO-00176,HEALIOS WOUND SOLUTIONS LLP,3464,PR0007415,SERISKIN SUN PROTECT CREAM50 ML,Confirmed,RM,3411,1000612,WATER,0,DPO-005,1087,Released,unlinked,179
SO-00669,Sweta Clinics Ultima,3335,PR0006599,ULTIMA MULTI RAY ULTRA DEFENSE SUNSCREEN SPF 50 PA+++ 50ml,Confirmed,RM,3542,1001284,CCTG,1.19,DPO-003,1085,Released,linked:PR,3
SO-00206,INCNUT LIFESTYLE RETAIL PRIVATE LIMITED,3521,SK2112LMTIO2,SKINKRAFT LICORICE MICRONIZED TITANIUM DIOXIDE UV SUN PROTECT LOTION SPF 40 PA+++ 50ML,Production Released,RM,3542,1001284,CCTG,3,DPO-003,1085,Released,linked:PR,3
SO-00206,INCNUT LIFESTYLE RETAIL PRIVATE LIMITED,3521,SK2112LMTIO2,SKINKRAFT LICORICE MICRONIZED TITANIUM DIOXIDE UV SUN PROTECT LOTION SPF 40 PA+++ 50ML,Production Released,RM,2998,1000040,ARLACEL 2121,0.925,EI/PO/26-27/901,1041,Released,unlinked,50
SO-00206,INCNUT LIFESTYLE RETAIL PRIVATE LIMITED,3521,SK2112LMTIO2,SKINKRAFT LICORICE MICRONIZED TITANIUM DIOXIDE UV SUN PROTECT LOTION SPF 40 PA+++ 50ML,Production Released,RM,3327,1000473,VEGAROL 1698,0.8,EI/PO/26-27/881,1026,Released,unlinked,100
SO-00206,INCNUT LIFESTYLE RETAIL PRIVATE LIMITED,3521,SK2112LMTIO2,SKINKRAFT LICORICE MICRONIZED TITANIUM DIOXIDE UV SUN PROTECT LOTION SPF 40 PA+++ 50ML,Production Released,RM,3411,1000612,AQUA,31.175,DPO-005,1087,Released,unlinked,179
SO-00040,DERMA ESTHETIC ACADEMY,3356,PR0007097,LOVE YOUR SKIN GLAM DRIP FACE SERUM 30ML PR0007097,Confirmed,RM,3542,1001284,CCTG,0.18,DPO-003,1085,Released,linked:PR,3
SO-00040,DERMA ESTHETIC ACADEMY,3356,PR0007097,LOVE YOUR SKIN GLAM DRIP FACE SERUM 30ML PR0007097,Confirmed,RM,3795,1001355,COSCARE - PDO,0.15,EI/PO/26-27/786,983,Released,unlinked,200
SO-00040,DERMA ESTHETIC ACADEMY,3356,PR0007097,LOVE YOUR SKIN GLAM DRIP FACE SERUM 30ML PR0007097,Confirmed,RM,2998,1000040,ARLACEL 2121,0.06,EI/PO/26-27/901,1041,Released,unlinked,50
SO-00040,DERMA ESTHETIC ACADEMY,3356,PR0007097,LOVE YOUR SKIN GLAM DRIP FACE SERUM 30ML PR0007097,Confirmed,RM,3411,1000612,AQUA,2.184,DPO-005,1087,Released,unlinked,179
SO-00083,HEALTH Q LIFESCIENCES PRIVATE LIMITED,3406,PR0007033,SKINQ RX HYDRA FIX SERUM 30ML,Production Released,RM,3795,1001355,"1, 3 - PROPANEDIOL",6,EI/PO/26-27/786,983,Released,unlinked,200
SO-00083,HEALTH Q LIFESCIENCES PRIVATE LIMITED,3406,PR0007033,SKINQ RX HYDRA FIX SERUM 30ML,Production Released,RM,3496,1001210,SODIUM HYALURONATE (CHEMICORE),0.3,EI/PO/26-27/787,984,Released,unlinked,10
SO-00083,HEALTH Q LIFESCIENCES PRIVATE LIMITED,3406,PR0007033,SKINQ RX HYDRA FIX SERUM 30ML,Production Released,RM,3411,1000612,AQUA,49.32,DPO-005,1087,Released,unlinked,179
SO-00617,HEALTH Q LIFESCIENCES PRIVATE LIMITED,3386,PR0007033,SKINQ RX HYDRA FIX SERUM 30ML,Production Released,RM,3795,1001355,"1, 3 - PROPANEDIOL",0.591,EI/PO/26-27/786,983,Released,unlinked,200
SO-00617,HEALTH Q LIFESCIENCES PRIVATE LIMITED,3386,PR0007033,SKINQ RX HYDRA FIX SERUM 30ML,Production Released,RM,3496,1001210,SODIUM HYALURONATE (CHEMICORE),0.02955,EI/PO/26-27/787,984,Released,unlinked,10
SO-00617,HEALTH Q LIFESCIENCES PRIVATE LIMITED,3386,PR0007033,SKINQ RX HYDRA FIX SERUM 30ML,Production Released,RM,3411,1000612,AQUA,4.85802,DPO-005,1087,Released,unlinked,179
SO-00055,HEALTH Q LIFESCIENCES PRIVATE LIMITED,3252,PR0007033,SKINQ RX HYDRA FIX SERUM 30ML,Production Released,RM,3795,1001355,"1, 3 - PROPANEDIOL",0.162,EI/PO/26-27/786,983,Released,unlinked,200
SO-00055,HEALTH Q LIFESCIENCES PRIVATE LIMITED,3252,PR0007033,SKINQ RX HYDRA FIX SERUM 30ML,Production Released,RM,3496,1001210,SODIUM HYALURONATE (CHEMICORE),0.0081,EI/PO/26-27/787,984,Released,unlinked,10
SO-00055,HEALTH Q LIFESCIENCES PRIVATE LIMITED,3252,PR0007033,SKINQ RX HYDRA FIX SERUM 30ML,Production Released,RM,3411,1000612,AQUA,1.33164,DPO-005,1087,Released,unlinked,179
SO-00059,M/s R K Pharmacy,3343,PR0004226-KC,PERSONIKS NORMAL SKIN SUNSCREEN SPF 50 PA++++ 50 ML,Production Released,RM,3327,1000473,VEGAROL 1698,0.875,EI/PO/26-27/881,1026,Released,unlinked,100
SO-00059,M/s R K Pharmacy,3343,PR0004226-KC,PERSONIKS NORMAL SKIN SUNSCREEN SPF 50 PA++++ 50 ML,Production Released,RM,2998,1000040,ARLACEL 2121,0.75,EI/PO/26-27/901,1041,Released,unlinked,50
SO-00059,M/s R K Pharmacy,3343,PR0004226-KC,PERSONIKS NORMAL SKIN SUNSCREEN SPF 50 PA++++ 50 ML,Production Released,RM,3542,1001284,CCTG,0.125,DPO-003,1085,Released,linked:PR,3
SO-00059,M/s R K Pharmacy,3343,PR0004226-KC,PERSONIKS NORMAL SKIN SUNSCREEN SPF 50 PA++++ 50 ML,Production Released,RM,3411,1000612,WATER,18.1225,DPO-005,1087,Released,unlinked,179
SO-00516,OLIVA SKIN AND HAIR CLINIC,3300,PR0005612,OLIVA TRESSLIV HAIR ENRICHING CONDITIONER FOR NORMAL TO OILY SCALP 200ML,Production Released,RM,3327,1000473,VEGAROL 1698,6.732,EI/PO/26-27/881,1026,Released,unlinked,100
SO-00516,OLIVA SKIN AND HAIR CLINIC,3300,PR0005612,OLIVA TRESSLIV HAIR ENRICHING CONDITIONER FOR NORMAL TO OILY SCALP 200ML,Production Released,RM,3795,1001355,COSCARE - PDO,3.168,EI/PO/26-27/786,983,Released,unlinked,200
SO-00516,OLIVA SKIN AND HAIR CLINIC,3300,PR0005612,OLIVA TRESSLIV HAIR ENRICHING CONDITIONER FOR NORMAL TO OILY SCALP 200ML,Production Released,RM,3749,1001427,GLYCERINE IP - GODREJ,2.376,EI/PO/26-27/893,1034,Released,unlinked,500
SO-00516,OLIVA SKIN AND HAIR CLINIC,3300,PR0005612,OLIVA TRESSLIV HAIR ENRICHING CONDITIONER FOR NORMAL TO OILY SCALP 200ML,Production Released,RM,3749,1001427,GLYCERINE IP - GODREJ,2.376,EI/PO/26-27/925,1058,Released,unlinked,500
SO-00516,OLIVA SKIN AND HAIR CLINIC,3300,PR0005612,OLIVA TRESSLIV HAIR ENRICHING CONDITIONER FOR NORMAL TO OILY SCALP 200ML,Production Released,RM,3277,1000412,Butyrospermum Parkii Butter,0.792,EI/PO/26-27/881,1026,Released,unlinked,80
SO-00516,OLIVA SKIN AND HAIR CLINIC,3300,PR0005612,OLIVA TRESSLIV HAIR ENRICHING CONDITIONER FOR NORMAL TO OILY SCALP 200ML,Production Released,RM,3411,1000612,WATER,51.42852,DPO-005,1087,Released,unlinked,179
SO-00033,HEALTH Q LIFESCIENCES PRIVATE LIMITED,3254,PR0006921,SKINQ HYDRATE & NOURISH MASK 10GM_Sample pack,Production Released,RM,3355,1000511,Niacinamide,3,EI/PO/26-27/926,1059,Released,unlinked,200
SO-00033,HEALTH Q LIFESCIENCES PRIVATE LIMITED,3254,PR0006921,SKINQ HYDRATE & NOURISH MASK 10GM_Sample pack,Production Released,RM,3496,1001210,SODIUM HYALURONATE (CHEMICORE),0.75,EI/PO/26-27/787,984,Released,unlinked,10
SO-00033,HEALTH Q LIFESCIENCES PRIVATE LIMITED,3254,PR0006921,SKINQ HYDRATE & NOURISH MASK 10GM_Sample pack,Production Released,RM,3285,1000422,SODIUM GLUCONATE,0.6,EI/PO/26-27/881,1026,Released,unlinked,25
SO-00033,HEALTH Q LIFESCIENCES PRIVATE LIMITED,3254,PR0006921,SKINQ HYDRATE & NOURISH MASK 10GM_Sample pack,Production Released,RM,3411,1000612,WATER,227.97,DPO-005,1087,Released,unlinked,179
SO-00173,INCNUT LIFESTYLE RETAIL PRIVATE LIMITED,3328,PR0006410,SKINKRAFT INTENSIVE MOISTURE RESTORE SHAMPOO - 120 ml,Production Released,RM,3480,1001162,EMPICOL XCT 14,18.5616,EI/PO/26-27/898,1039,Released,unlinked,210
SO-00173,INCNUT LIFESTYLE RETAIL PRIVATE LIMITED,3328,PR0006410,SKINKRAFT INTENSIVE MOISTURE RESTORE SHAMPOO - 120 ml,Production Released,RM,3897,1001183,GALAXY CAPB,12.3744,EI/PO/26-27/951,1077,Released,unlinked,200
SO-00173,INCNUT LIFESTYLE RETAIL PRIVATE LIMITED,3328,PR0006410,SKINKRAFT INTENSIVE MOISTURE RESTORE SHAMPOO - 120 ml,Production Released,RM,3359,1000517,GALAXY SCI 85P,7.734,EI/PO/26-27/949,1075,Released,unlinked,240
SO-00173,INCNUT LIFESTYLE RETAIL PRIVATE LIMITED,3328,PR0006410,SKINKRAFT INTENSIVE MOISTURE RESTORE SHAMPOO - 120 ml,Production Released,RM,3434,1000806,Propylene Glycol,1.5468,EI/PO/26-27/895,1036,Released,unlinked,430
SO-00173,INCNUT LIFESTYLE RETAIL PRIVATE LIMITED,3328,PR0006410,SKINKRAFT INTENSIVE MOISTURE RESTORE SHAMPOO - 120 ml,Production Released,RM,3486,1001182,FM-proVB5,0.7734,EI/PO/26-27/897,1038,Released,unlinked,40
SO-00173,INCNUT LIFESTYLE RETAIL PRIVATE LIMITED,3328,PR0006410,SKINKRAFT INTENSIVE MOISTURE RESTORE SHAMPOO - 120 ml,Production Released,RM,3355,1000511,Niacinamide,0.30936,EI/PO/26-27/926,1059,Released,unlinked,200
SO-00173,INCNUT LIFESTYLE RETAIL PRIVATE LIMITED,3328,PR0006410,SKINKRAFT INTENSIVE MOISTURE RESTORE SHAMPOO - 120 ml,Production Released,RM,3411,1000612,WATER,85.074,DPO-005,1087,Released,unlinked,179
SO-00007,INCNUT LIFESTYLE RETAIL PRIVATE LIMITED,3371,PR0006410,SKINKRAFT INTENSIVE MOISTURE RESTORE SHAMPOO - 120 ml,Production Released,RM,3480,1001162,EMPICOL XCT 14,22.32,EI/PO/26-27/898,1039,Released,unlinked,210
SO-00007,INCNUT LIFESTYLE RETAIL PRIVATE LIMITED,3371,PR0006410,SKINKRAFT INTENSIVE MOISTURE RESTORE SHAMPOO - 120 ml,Production Released,RM,3897,1001183,GALAXY CAPB,14.88,EI/PO/26-27/951,1077,Released,unlinked,200
SO-00007,INCNUT LIFESTYLE RETAIL PRIVATE LIMITED,3371,PR0006410,SKINKRAFT INTENSIVE MOISTURE RESTORE SHAMPOO - 120 ml,Production Released,RM,3359,1000517,GALAXY SCI 85P,9.3,EI/PO/26-27/949,1075,Released,unlinked,240
SO-00007,INCNUT LIFESTYLE RETAIL PRIVATE LIMITED,3371,PR0006410,SKINKRAFT INTENSIVE MOISTURE RESTORE SHAMPOO - 120 ml,Production Released,RM,3434,1000806,Propylene Glycol,1.86,EI/PO/26-27/895,1036,Released,unlinked,430
SO-00007,INCNUT LIFESTYLE RETAIL PRIVATE LIMITED,3371,PR0006410,SKINKRAFT INTENSIVE MOISTURE RESTORE SHAMPOO - 120 ml,Production Released,RM,3486,1001182,FM-proVB5,0.93,EI/PO/26-27/897,1038,Released,unlinked,40
SO-00007,INCNUT LIFESTYLE RETAIL PRIVATE LIMITED,3371,PR0006410,SKINKRAFT INTENSIVE MOISTURE RESTORE SHAMPOO - 120 ml,Production Released,RM,3355,1000511,Niacinamide,0.372,EI/PO/26-27/926,1059,Released,unlinked,200
SO-00007,INCNUT LIFESTYLE RETAIL PRIVATE LIMITED,3371,PR0006410,SKINKRAFT INTENSIVE MOISTURE RESTORE SHAMPOO - 120 ml,Production Released,RM,3411,1000612,WATER,102.3,DPO-005,1087,Released,unlinked,179
SO-00007,INCNUT LIFESTYLE RETAIL PRIVATE LIMITED,3374,PR0006413,SKINKRAFT VOLUME ENHANCE DANDRUFF CARE SHAMPOO 120 ML,Production Released,RM,3897,1001183,GALAXY CAPB,7.68,EI/PO/26-27/951,1077,Released,unlinked,200
SO-00007,INCNUT LIFESTYLE RETAIL PRIVATE LIMITED,3374,PR0006413,SKINKRAFT VOLUME ENHANCE DANDRUFF CARE SHAMPOO 120 ML,Production Released,RM,3486,1001182,FM-proVB5,0.48,EI/PO/26-27/897,1038,Released,unlinked,40
SO-00007,INCNUT LIFESTYLE RETAIL PRIVATE LIMITED,3374,PR0006413,SKINKRAFT VOLUME ENHANCE DANDRUFF CARE SHAMPOO 120 ML,Production Released,RM,3434,1000806,Propylene Glycol,2.4,EI/PO/26-27/895,1036,Released,unlinked,430
SO-00007,INCNUT LIFESTYLE RETAIL PRIVATE LIMITED,3374,PR0006413,SKINKRAFT VOLUME ENHANCE DANDRUFF CARE SHAMPOO 120 ML,Production Released,RM,3503,1001220,GALSOFT ECOCARE 175,3.84,EI/PO/26-27/951,1077,Released,unlinked,50
SO-00007,INCNUT LIFESTYLE RETAIL PRIVATE LIMITED,3374,PR0006413,SKINKRAFT VOLUME ENHANCE DANDRUFF CARE SHAMPOO 120 ML,Production Released,RM,3355,1000511,Niacinamide,0.192,EI/PO/26-27/926,1059,Released,unlinked,200
SO-00007,INCNUT LIFESTYLE RETAIL PRIVATE LIMITED,3374,PR0006413,SKINKRAFT VOLUME ENHANCE DANDRUFF CARE SHAMPOO 120 ML,Production Released,RM,3257,1000392,Salicylic Acid,0.96,EI/PO/26-27/881,1026,Released,unlinked,50
SO-00007,INCNUT LIFESTYLE RETAIL PRIVATE LIMITED,3374,PR0006413,SKINKRAFT VOLUME ENHANCE DANDRUFF CARE SHAMPOO 120 ML,Production Released,RM,3411,1000612,WATER,45.216,DPO-005,1087,Released,unlinked,179
SO-00007,INCNUT LIFESTYLE RETAIL PRIVATE LIMITED,3374,PR0006413,SKINKRAFT VOLUME ENHANCE DANDRUFF CARE SHAMPOO 120 ML,Production Released,RM,3480,1001162,EMPICOL XCT 14,11.52,EI/PO/26-27/898,1039,Released,unlinked,210
SO-00007,INCNUT LIFESTYLE RETAIL PRIVATE LIMITED,3374,PR0006413,SKINKRAFT VOLUME ENHANCE DANDRUFF CARE SHAMPOO 120 ML,Production Released,RM,3359,1000517,GALAXY SCI 85P,4.8,EI/PO/26-27/949,1075,Released,unlinked,240
SO-00173,INCNUT LIFESTYLE RETAIL PRIVATE LIMITED,3331,PR0006413,SKINKRAFT VOLUME ENHANCE DANDRUFF CARE SHAMPOO 120 ML,Production Released,RM,3897,1001183,GALAXY CAPB,15.2256,EI/PO/26-27/951,1077,Released,unlinked,200
SO-00173,INCNUT LIFESTYLE RETAIL PRIVATE LIMITED,3331,PR0006413,SKINKRAFT VOLUME ENHANCE DANDRUFF CARE SHAMPOO 120 ML,Production Released,RM,3486,1001182,FM-proVB5,0.9516,EI/PO/26-27/897,1038,Released,unlinked,40
SO-00173,INCNUT LIFESTYLE RETAIL PRIVATE LIMITED,3331,PR0006413,SKINKRAFT VOLUME ENHANCE DANDRUFF CARE SHAMPOO 120 ML,Production Released,RM,3434,1000806,Propylene Glycol,4.758,EI/PO/26-27/895,1036,Released,unlinked,430
SO-00173,INCNUT LIFESTYLE RETAIL PRIVATE LIMITED,3331,PR0006413,SKINKRAFT VOLUME ENHANCE DANDRUFF CARE SHAMPOO 120 ML,Production Released,RM,3503,1001220,GALSOFT ECOCARE 175,7.6128,EI/PO/26-27/951,1077,Released,unlinked,50
SO-00173,INCNUT LIFESTYLE RETAIL PRIVATE LIMITED,3331,PR0006413,SKINKRAFT VOLUME ENHANCE DANDRUFF CARE SHAMPOO 120 ML,Production Released,RM,3355,1000511,Niacinamide,0.38064,EI/PO/26-27/926,1059,Released,unlinked,200
SO-00173,INCNUT LIFESTYLE RETAIL PRIVATE LIMITED,3331,PR0006413,SKINKRAFT VOLUME ENHANCE DANDRUFF CARE SHAMPOO 120 ML,Production Released,RM,3257,1000392,Salicylic Acid,1.9032,EI/PO/26-27/881,1026,Released,unlinked,50
SO-00173,INCNUT LIFESTYLE RETAIL PRIVATE LIMITED,3331,PR0006413,SKINKRAFT VOLUME ENHANCE DANDRUFF CARE SHAMPOO 120 ML,Production Released,RM,3411,1000612,WATER,89.64072,DPO-005,1087,Released,unlinked,179
SO-00173,INCNUT LIFESTYLE RETAIL PRIVATE LIMITED,3331,PR0006413,SKINKRAFT VOLUME ENHANCE DANDRUFF CARE SHAMPOO 120 ML,Production Released,RM,3480,1001162,EMPICOL XCT 14,22.8384,EI/PO/26-27/898,1039,Released,unlinked,210
SO-00173,INCNUT LIFESTYLE RETAIL PRIVATE LIMITED,3331,PR0006413,SKINKRAFT VOLUME ENHANCE DANDRUFF CARE SHAMPOO 120 ML,Production Released,RM,3359,1000517,GALAXY SCI 85P,9.516,EI/PO/26-27/949,1075,Released,unlinked,240
SO-00662,KOSMODERMA HEALTHCARE PRIVATE LIMITED,3378,PR0005017,KOSMODERMA HYDRA BOOST GEL 30ML,Production Released,RM,3795,1001355,"1, 3 - PROPANEDIOL",0.75,EI/PO/26-27/786,983,Released,unlinked,200
SO-00662,KOSMODERMA HEALTHCARE PRIVATE LIMITED,3378,PR0005017,KOSMODERMA HYDRA BOOST GEL 30ML,Production Released,RM,3496,1001210,SODIUM HYALURONATE (CHEMICORE),0.0375,EI/PO/26-27/787,984,Released,unlinked,10
SO-00662,KOSMODERMA HEALTHCARE PRIVATE LIMITED,3378,PR0005017,KOSMODERMA HYDRA BOOST GEL 30ML,Production Released,RM,3411,1000612,WATER,6.165,DPO-005,1087,Released,unlinked,179
SO-00643,KOSMODERMA HEALTHCARE PRIVATE LIMITED,3384,PR0005017,KOSMODERMA HYDRA BOOST GEL 30ML,Production Released,RM,3795,1001355,"1, 3 - PROPANEDIOL",3,EI/PO/26-27/786,983,Released,unlinked,200
SO-00643,KOSMODERMA HEALTHCARE PRIVATE LIMITED,3384,PR0005017,KOSMODERMA HYDRA BOOST GEL 30ML,Production Released,RM,3496,1001210,SODIUM HYALURONATE (CHEMICORE),0.15,EI/PO/26-27/787,984,Released,unlinked,10
SO-00643,KOSMODERMA HEALTHCARE PRIVATE LIMITED,3384,PR0005017,KOSMODERMA HYDRA BOOST GEL 30ML,Production Released,RM,3411,1000612,WATER,24.66,DPO-005,1087,Released,unlinked,179
SO-00603,HEALTH Q LIFESCIENCES PRIVATE LIMITED,3277,PR0007047,SKINQ RX HYDRATE POST FACIAL CARE_KC 5ML,Production Released,RM,3327,1000473,VEGAROL 1698,0.6,EI/PO/26-27/881,1026,Released,unlinked,100
SO-00603,HEALTH Q LIFESCIENCES PRIVATE LIMITED,3277,PR0007047,SKINQ RX HYDRATE POST FACIAL CARE_KC 5ML,Production Released,RM,3542,1001284,CCTG,0.3,DPO-003,1085,Released,linked:PR,3
SO-00603,HEALTH Q LIFESCIENCES PRIVATE LIMITED,3277,PR0007047,SKINQ RX HYDRATE POST FACIAL CARE_KC 5ML,Production Released,RM,3355,1000511,Niacinamide,0.03,EI/PO/26-27/926,1059,Released,unlinked,200
SO-00603,HEALTH Q LIFESCIENCES PRIVATE LIMITED,3277,PR0007047,SKINQ RX HYDRATE POST FACIAL CARE_KC 5ML,Production Released,RM,3277,1000412,Butyrospermum Parkii Butter,0.03,EI/PO/26-27/881,1026,Released,unlinked,80
SO-00603,HEALTH Q LIFESCIENCES PRIVATE LIMITED,3277,PR0007047,SKINQ RX HYDRATE POST FACIAL CARE_KC 5ML,Production Released,RM,3496,1001210,SODIUM HYALURONATE (CHEMICORE),0.03,EI/PO/26-27/787,984,Released,unlinked,10
SO-00603,HEALTH Q LIFESCIENCES PRIVATE LIMITED,3277,PR0007047,SKINQ RX HYDRATE POST FACIAL CARE_KC 5ML,Production Released,RM,3411,1000612,WATER,22.074,DPO-005,1087,Released,unlinked,179
SO-00011,HEALTH Q LIFESCIENCES PRIVATE LIMITED,3267,PR0006920,SKINQ ACNE CONTROL MASK 10GM_Sample pack,Production Released,RM,3334,1000483,Bentonite,55.552,EI/PO/26-27/836,1000,Released,unlinked,50
SO-00011,HEALTH Q LIFESCIENCES PRIVATE LIMITED,3267,PR0006920,SKINQ ACNE CONTROL MASK 10GM_Sample pack,Production Released,RM,3334,1000483,Bentonite,55.552,EI/PO/26-27/927,1060,Released,unlinked,300
SO-00011,HEALTH Q LIFESCIENCES PRIVATE LIMITED,3267,PR0006920,SKINQ ACNE CONTROL MASK 10GM_Sample pack,Production Released,RM,3355,1000511,Niacinamide,8.96,EI/PO/26-27/926,1059,Released,unlinked,200
SO-00011,HEALTH Q LIFESCIENCES PRIVATE LIMITED,3267,PR0006920,SKINQ ACNE CONTROL MASK 10GM_Sample pack,Production Released,RM,3795,1001355,COSCARE - PDO,5.376,EI/PO/26-27/786,983,Released,unlinked,200
SO-00011,HEALTH Q LIFESCIENCES PRIVATE LIMITED,3267,PR0006920,SKINQ ACNE CONTROL MASK 10GM_Sample pack,Production Released,RM,3257,1000392,Salicylic Acid,3.584,EI/PO/26-27/881,1026,Released,unlinked,50
SO-00011,HEALTH Q LIFESCIENCES PRIVATE LIMITED,3267,PR0006920,SKINQ ACNE CONTROL MASK 10GM_Sample pack,Production Released,RM,3285,1000422,SODIUM GLUCONATE,0.3584,EI/PO/26-27/881,1026,Released,unlinked,25
SO-00011,HEALTH Q LIFESCIENCES PRIVATE LIMITED,3267,PR0006920,SKINQ ACNE CONTROL MASK 10GM_Sample pack,Production Released,RM,3411,1000612,WATER,83.6864,DPO-005,1087,Released,unlinked,179
SO-00032,HEALTH Q LIFESCIENCES PRIVATE LIMITED,3256,PR0006920,SKINQ ACNE CONTROL MASK 10GM_Sample pack,Production Released,RM,3334,1000483,Bentonite,155,EI/PO/26-27/836,1000,Released,unlinked,50
SO-00032,HEALTH Q LIFESCIENCES PRIVATE LIMITED,3256,PR0006920,SKINQ ACNE CONTROL MASK 10GM_Sample pack,Production Released,RM,3334,1000483,Bentonite,155,EI/PO/26-27/927,1060,Released,unlinked,300
SO-00032,HEALTH Q LIFESCIENCES PRIVATE LIMITED,3256,PR0006920,SKINQ ACNE CONTROL MASK 10GM_Sample pack,Production Released,RM,3355,1000511,Niacinamide,25,EI/PO/26-27/926,1059,Released,unlinked,200
SO-00032,HEALTH Q LIFESCIENCES PRIVATE LIMITED,3256,PR0006920,SKINQ ACNE CONTROL MASK 10GM_Sample pack,Production Released,RM,3795,1001355,COSCARE - PDO,15,EI/PO/26-27/786,983,Released,unlinked,200
SO-00032,HEALTH Q LIFESCIENCES PRIVATE LIMITED,3256,PR0006920,SKINQ ACNE CONTROL MASK 10GM_Sample pack,Production Released,RM,3257,1000392,Salicylic Acid,10,EI/PO/26-27/881,1026,Released,unlinked,50
SO-00032,HEALTH Q LIFESCIENCES PRIVATE LIMITED,3256,PR0006920,SKINQ ACNE CONTROL MASK 10GM_Sample pack,Production Released,RM,3285,1000422,SODIUM GLUCONATE,1,EI/PO/26-27/881,1026,Released,unlinked,25
SO-00032,HEALTH Q LIFESCIENCES PRIVATE LIMITED,3256,PR0006920,SKINQ ACNE CONTROL MASK 10GM_Sample pack,Production Released,RM,3411,1000612,WATER,233.5,DPO-005,1087,Released,unlinked,179
SO-00206,INCNUT LIFESTYLE RETAIL PRIVATE LIMITED,3531,SK2108CSRS,SKINKRAFT CORREXION SPOT RECTIFYING FACIAL SERUM FOR DARK SPOTS 30 ML,Production Released,RM,3434,1000806,Propylene Glycol,7.5,EI/PO/26-27/895,1036,Released,unlinked,430
SO-00206,INCNUT LIFESTYLE RETAIL PRIVATE LIMITED,3531,SK2108CSRS,SKINKRAFT CORREXION SPOT RECTIFYING FACIAL SERUM FOR DARK SPOTS 30 ML,Production Released,RM,3355,1000511,Niacinamide,7.5,EI/PO/26-27/926,1059,Released,unlinked,200
SO-00206,INCNUT LIFESTYLE RETAIL PRIVATE LIMITED,3531,SK2108CSRS,SKINKRAFT CORREXION SPOT RECTIFYING FACIAL SERUM FOR DARK SPOTS 30 ML,Production Released,RM,3542,1001284,CCTG,7.5,DPO-003,1085,Released,linked:PR,3
SO-00206,INCNUT LIFESTYLE RETAIL PRIVATE LIMITED,3531,SK2108CSRS,SKINKRAFT CORREXION SPOT RECTIFYING FACIAL SERUM FOR DARK SPOTS 30 ML,Production Released,RM,3525,1001250,NATSOFT DMI,6,EI/PO/26-27/860,1015,Released,unlinked,35
SO-00206,INCNUT LIFESTYLE RETAIL PRIVATE LIMITED,3531,SK2108CSRS,SKINKRAFT CORREXION SPOT RECTIFYING FACIAL SERUM FOR DARK SPOTS 30 ML,Production Released,RM,3609,1001399,Melaleuca Alternifolia Leaf Oil,0.075,EI/PO/26-27/783,980,Released,unlinked,5
SO-00206,INCNUT LIFESTYLE RETAIL PRIVATE LIMITED,3531,SK2108CSRS,SKINKRAFT CORREXION SPOT RECTIFYING FACIAL SERUM FOR DARK SPOTS 30 ML,Production Released,RM,3411,1000612,AQUA,94.35,DPO-005,1087,Released,unlinked,179
SO-00204,INCNUT LIFESTYLE RETAIL PRIVATE LIMITED,3505,SK2108CSRS,SKINKRAFT CORREXION SPOT RECTIFYING FACIAL SERUM FOR DARK SPOTS 30 ML,Production Released,RM,3434,1000806,Propylene Glycol,43.5,EI/PO/26-27/895,1036,Released,unlinked,430
SO-00204,INCNUT LIFESTYLE RETAIL PRIVATE LIMITED,3505,SK2108CSRS,SKINKRAFT CORREXION SPOT RECTIFYING FACIAL SERUM FOR DARK SPOTS 30 ML,Production Released,RM,3355,1000511,Niacinamide,43.5,EI/PO/26-27/926,1059,Released,unlinked,200
SO-00204,INCNUT LIFESTYLE RETAIL PRIVATE LIMITED,3505,SK2108CSRS,SKINKRAFT CORREXION SPOT RECTIFYING FACIAL SERUM FOR DARK SPOTS 30 ML,Production Released,RM,3542,1001284,CCTG,43.5,DPO-003,1085,Released,linked:PR,3
SO-00204,INCNUT LIFESTYLE RETAIL PRIVATE LIMITED,3505,SK2108CSRS,SKINKRAFT CORREXION SPOT RECTIFYING FACIAL SERUM FOR DARK SPOTS 30 ML,Production Released,RM,3525,1001250,NATSOFT DMI,34.8,EI/PO/26-27/860,1015,Released,unlinked,35
SO-00204,INCNUT LIFESTYLE RETAIL PRIVATE LIMITED,3505,SK2108CSRS,SKINKRAFT CORREXION SPOT RECTIFYING FACIAL SERUM FOR DARK SPOTS 30 ML,Production Released,RM,3609,1001399,Melaleuca Alternifolia Leaf Oil,0.435,EI/PO/26-27/783,980,Released,unlinked,5
SO-00204,INCNUT LIFESTYLE RETAIL PRIVATE LIMITED,3505,SK2108CSRS,SKINKRAFT CORREXION SPOT RECTIFYING FACIAL SERUM FOR DARK SPOTS 30 ML,Production Released,RM,3411,1000612,AQUA,547.23,DPO-005,1087,Released,unlinked,179
SO-00204,INCNUT LIFESTYLE RETAIL PRIVATE LIMITED,3520,PR0005782,SkinKraft Root Nourishing Hair Serum - 30ml,Production Released,RM,3525,1001250,NATSOFT DMI,6,EI/PO/26-27/860,1015,Released,unlinked,35
SO-00204,INCNUT LIFESTYLE RETAIL PRIVATE LIMITED,3520,PR0005782,SkinKraft Root Nourishing Hair Serum - 30ml,Production Released,RM,3007,1000050,BAICAPIL,6,EI/PO/26-27/703,939,Released,other-ref,1
SO-00204,INCNUT LIFESTYLE RETAIL PRIVATE LIMITED,3520,PR0005782,SkinKraft Root Nourishing Hair Serum - 30ml,Production Released,RM,3434,1000806,Propylene Glycol,6,EI/PO/26-27/895,1036,Released,unlinked,430
SO-00204,INCNUT LIFESTYLE RETAIL PRIVATE LIMITED,3520,PR0005782,SkinKraft Root Nourishing Hair Serum - 30ml,Production Released,RM,3411,1000612,WATER,236.394,DPO-005,1087,Released,unlinked,179
SO-00204,INCNUT LIFESTYLE RETAIL PRIVATE LIMITED,3512,SK2109NBLS,SKINKRAFT BARRIER RESTORATIVE LOTION FOR SENSITIVE SKIN 40ML,Production Released,RM,3355,1000511,Niacinamide,15.2,EI/PO/26-27/926,1059,Released,unlinked,200
SO-00204,INCNUT LIFESTYLE RETAIL PRIVATE LIMITED,3512,SK2109NBLS,SKINKRAFT BARRIER RESTORATIVE LOTION FOR SENSITIVE SKIN 40ML,Production Released,RM,3327,1000473,VEGAROL 1698,7.6,EI/PO/26-27/881,1026,Released,unlinked,100
SO-00204,INCNUT LIFESTYLE RETAIL PRIVATE LIMITED,3512,SK2109NBLS,SKINKRAFT BARRIER RESTORATIVE LOTION FOR SENSITIVE SKIN 40ML,Production Released,RM,3277,1000412,Butyrospermum Parkii Butter,3.8,EI/PO/26-27/881,1026,Released,unlinked,80
SO-00204,INCNUT LIFESTYLE RETAIL PRIVATE LIMITED,3512,SK2109NBLS,SKINKRAFT BARRIER RESTORATIVE LOTION FOR SENSITIVE SKIN 40ML,Production Released,RM,3411,1000612,WATER,673.36,DPO-005,1087,Released,unlinked,179
SO-00659,HEALTH Q LIFESCIENCES PRIVATE LIMITED,3379,PR0006914,SKINQ SUN PROTECT ULTRA LIGHT GEL SPF 40+ 50ML,Production Released,RM,3811,1000800,ASCOVIT TM C (3-O-ETHYL ASCORBIC ACID),2.5,EI/PO/26-27/894,1035,Released,unlinked,20
SO-00659,HEALTH Q LIFESCIENCES PRIVATE LIMITED,3379,PR0006914,SKINQ SUN PROTECT ULTRA LIGHT GEL SPF 40+ 50ML,Production Released,RM,3659,2000010,BACK PACK 19,0.5,EI/PO/26-27/789,985,Released,unlinked,1
SO-00659,HEALTH Q LIFESCIENCES PRIVATE LIMITED,3379,PR0006914,SKINQ SUN PROTECT ULTRA LIGHT GEL SPF 40+ 50ML,Production Released,RM,3411,1000612,WATER,429.95,DPO-005,1087,Released,unlinked,179
SO-00171,ENVEE SKIN SPECIALIST LLP,3461,PR0007532,THE SKIN SPECIALIST ACNEZAP FOAMING FACE WASH 100 ML,Confirmed,RM,3411,1000612,WATER,1332.1,DPO-005,1087,Released,unlinked,179
SO-00171,ENVEE SKIN SPECIALIST LLP,3461,PR0007532,THE SKIN SPECIALIST ACNEZAP FOAMING FACE WASH 100 ML,Confirmed,RM,3257,1000392,Salicylic Acid,40,EI/PO/26-27/881,1026,Released,unlinked,50
SO-00206,INCNUT LIFESTYLE RETAIL PRIVATE LIMITED,3530,SK2108BSFS,SKINKRAFT BRIGHTSIDE FACIAL SERUM FOR DULL SKIN 30ML,Production Released,RM,3355,1000511,Niacinamide,4.5,EI/PO/26-27/926,1059,Released,unlinked,200
SO-00206,INCNUT LIFESTYLE RETAIL PRIVATE LIMITED,3530,SK2108BSFS,SKINKRAFT BRIGHTSIDE FACIAL SERUM FOR DULL SKIN 30ML,Production Released,RM,3525,1001250,NATSOFT DMI,4.5,EI/PO/26-27/860,1015,Released,unlinked,35
SO-00206,INCNUT LIFESTYLE RETAIL PRIVATE LIMITED,3530,SK2108BSFS,SKINKRAFT BRIGHTSIDE FACIAL SERUM FOR DULL SKIN 30ML,Production Released,RM,3574,1001351,VELLAPLEX MB,0.9,EI/PO/26-27/869,1019,Released,unlinked,15.88
SO-00206,INCNUT LIFESTYLE RETAIL PRIVATE LIMITED,3530,SK2108BSFS,SKINKRAFT BRIGHTSIDE FACIAL SERUM FOR DULL SKIN 30ML,Production Released,RM,3811,1000800,ASCOVIT TM C (3-O-ETHYL ASCORBIC ACID),0.9,EI/PO/26-27/894,1035,Released,unlinked,20
SO-00206,INCNUT LIFESTYLE RETAIL PRIVATE LIMITED,3530,SK2108BSFS,SKINKRAFT BRIGHTSIDE FACIAL SERUM FOR DULL SKIN 30ML,Production Released,RM,3582,1001361,RONACARE AP,0.45,EI/PO/26-27/875,1022,Released,unlinked,1
SO-00206,INCNUT LIFESTYLE RETAIL PRIVATE LIMITED,3530,SK2108BSFS,SKINKRAFT BRIGHTSIDE FACIAL SERUM FOR DULL SKIN 30ML,Production Released,RM,3609,1001399,Melaleuca Alternifolia Leaf Oil,0.063,EI/PO/26-27/783,980,Released,unlinked,5
SO-00206,INCNUT LIFESTYLE RETAIL PRIVATE LIMITED,3530,SK2108BSFS,SKINKRAFT BRIGHTSIDE FACIAL SERUM FOR DULL SKIN 30ML,Production Released,RM,3411,1000612,WATER,71.595,DPO-005,1087,Released,unlinked,179
SO-00204,INCNUT LIFESTYLE RETAIL PRIVATE LIMITED,3503,SK2108BSFS,SKINKRAFT BRIGHTSIDE FACIAL SERUM FOR DULL SKIN 30ML,Production Released,RM,3355,1000511,Niacinamide,18,EI/PO/26-27/926,1059,Released,unlinked,200
SO-00204,INCNUT LIFESTYLE RETAIL PRIVATE LIMITED,3503,SK2108BSFS,SKINKRAFT BRIGHTSIDE FACIAL SERUM FOR DULL SKIN 30ML,Production Released,RM,3525,1001250,NATSOFT DMI,18,EI/PO/26-27/860,1015,Released,unlinked,35
SO-00204,INCNUT LIFESTYLE RETAIL PRIVATE LIMITED,3503,SK2108BSFS,SKINKRAFT BRIGHTSIDE FACIAL SERUM FOR DULL SKIN 30ML,Production Released,RM,3574,1001351,VELLAPLEX MB,3.6,EI/PO/26-27/869,1019,Released,unlinked,15.88
SO-00204,INCNUT LIFESTYLE RETAIL PRIVATE LIMITED,3503,SK2108BSFS,SKINKRAFT BRIGHTSIDE FACIAL SERUM FOR DULL SKIN 30ML,Production Released,RM,3811,1000800,ASCOVIT TM C (3-O-ETHYL ASCORBIC ACID),3.6,EI/PO/26-27/894,1035,Released,unlinked,20
SO-00204,INCNUT LIFESTYLE RETAIL PRIVATE LIMITED,3503,SK2108BSFS,SKINKRAFT BRIGHTSIDE FACIAL SERUM FOR DULL SKIN 30ML,Production Released,RM,3582,1001361,RONACARE AP,1.8,EI/PO/26-27/875,1022,Released,unlinked,1
SO-00204,INCNUT LIFESTYLE RETAIL PRIVATE LIMITED,3503,SK2108BSFS,SKINKRAFT BRIGHTSIDE FACIAL SERUM FOR DULL SKIN 30ML,Production Released,RM,3609,1001399,Melaleuca Alternifolia Leaf Oil,0.252,EI/PO/26-27/783,980,Released,unlinked,5
SO-00204,INCNUT LIFESTYLE RETAIL PRIVATE LIMITED,3503,SK2108BSFS,SKINKRAFT BRIGHTSIDE FACIAL SERUM FOR DULL SKIN 30ML,Production Released,RM,3411,1000612,WATER,286.38,DPO-005,1087,Released,unlinked,179
SO-00010,INCNUT LIFESTYLE RETAIL PRIVATE LIMITED,3363,SK2202IMDRC,SKINKRAFT INTENSE MOISTURE WITH TOTAL DAMAGE REPAIR CONDITIONER 200GM,Production Released,RM,3327,1000473,VEGAROL 1698,11.2,EI/PO/26-27/881,1026,Released,unlinked,100
SO-00010,INCNUT LIFESTYLE RETAIL PRIVATE LIMITED,3363,SK2202IMDRC,SKINKRAFT INTENSE MOISTURE WITH TOTAL DAMAGE REPAIR CONDITIONER 200GM,Production Released,RM,3749,1001427,GLYCERINE IP - GODREJ,8,EI/PO/26-27/893,1034,Released,unlinked,500
SO-00010,INCNUT LIFESTYLE RETAIL PRIVATE LIMITED,3363,SK2202IMDRC,SKINKRAFT INTENSE MOISTURE WITH TOTAL DAMAGE REPAIR CONDITIONER 200GM,Production Released,RM,3749,1001427,GLYCERINE IP - GODREJ,8,EI/PO/26-27/925,1058,Released,unlinked,500
SO-00010,INCNUT LIFESTYLE RETAIL PRIVATE LIMITED,3363,SK2202IMDRC,SKINKRAFT INTENSE MOISTURE WITH TOTAL DAMAGE REPAIR CONDITIONER 200GM,Production Released,RM,3277,1000412,Butyrospermum Parkii Butter,4,EI/PO/26-27/881,1026,Released,unlinked,80
SO-00010,INCNUT LIFESTYLE RETAIL PRIVATE LIMITED,3363,SK2202IMDRC,SKINKRAFT INTENSE MOISTURE WITH TOTAL DAMAGE REPAIR CONDITIONER 200GM,Production Released,RM,3411,1000612,WATER,284,DPO-005,1087,Released,unlinked,179
SO-00172,INCNUT LIFESTYLE RETAIL PRIVATE LIMITED,3322,SK2202IMDRC,SKINKRAFT INTENSE MOISTURE WITH TOTAL DAMAGE REPAIR CONDITIONER 200GM,Production Released,RM,3327,1000473,VEGAROL 1698,9.744,EI/PO/26-27/881,1026,Released,unlinked,100
SO-00172,INCNUT LIFESTYLE RETAIL PRIVATE LIMITED,3322,SK2202IMDRC,SKINKRAFT INTENSE MOISTURE WITH TOTAL DAMAGE REPAIR CONDITIONER 200GM,Production Released,RM,3749,1001427,GLYCERINE IP - GODREJ,6.96,EI/PO/26-27/893,1034,Released,unlinked,500
SO-00172,INCNUT LIFESTYLE RETAIL PRIVATE LIMITED,3322,SK2202IMDRC,SKINKRAFT INTENSE MOISTURE WITH TOTAL DAMAGE REPAIR CONDITIONER 200GM,Production Released,RM,3749,1001427,GLYCERINE IP - GODREJ,6.96,EI/PO/26-27/925,1058,Released,unlinked,500
SO-00172,INCNUT LIFESTYLE RETAIL PRIVATE LIMITED,3322,SK2202IMDRC,SKINKRAFT INTENSE MOISTURE WITH TOTAL DAMAGE REPAIR CONDITIONER 200GM,Production Released,RM,3277,1000412,Butyrospermum Parkii Butter,3.48,EI/PO/26-27/881,1026,Released,unlinked,80
SO-00172,INCNUT LIFESTYLE RETAIL PRIVATE LIMITED,3322,SK2202IMDRC,SKINKRAFT INTENSE MOISTURE WITH TOTAL DAMAGE REPAIR CONDITIONER 200GM,Production Released,RM,3411,1000612,WATER,247.08,DPO-005,1087,Released,unlinked,179
SO-00094,HEALTH Q LIFESCIENCES PRIVATE LIMITED,3316,PR0007382,SKINQ ACNE & OIL CONTROL SERUM 15 ML,Production Released,RM,3411,1000612,WATER,44.86098,DPO-005,1087,Released,unlinked,179
SO-00094,HEALTH Q LIFESCIENCES PRIVATE LIMITED,3316,PR0007382,SKINQ ACNE & OIL CONTROL SERUM 15 ML,Production Released,RM,3355,1000511,Niacinamide,1.2531,EI/PO/26-27/926,1059,Released,unlinked,200
SO-00094,HEALTH Q LIFESCIENCES PRIVATE LIMITED,3316,PR0007382,SKINQ ACNE & OIL CONTROL SERUM 15 ML,Production Released,RM,3257,1000392,Salicylic Acid,0.62655,EI/PO/26-27/881,1026,Released,unlinked,50
SO-00666,DEFYNE AESTHETICS,3376,PR0006814,DERMIQ DAILY CLEANSER 100ML,Production Released,RM,2984,1000019,ALPHA CAPB,15,EI/PO/26-27/890,1031,Released,unlinked,500
SO-00666,DEFYNE AESTHETICS,3376,PR0006814,DERMIQ DAILY CLEANSER 100ML,Production Released,RM,3749,1001427,GLYCERINE IP - GODREJ,1.5,EI/PO/26-27/893,1034,Released,unlinked,500
SO-00666,DEFYNE AESTHETICS,3376,PR0006814,DERMIQ DAILY CLEANSER 100ML,Production Released,RM,3749,1001427,GLYCERINE IP - GODREJ,1.5,EI/PO/26-27/925,1058,Released,unlinked,500
SO-00666,DEFYNE AESTHETICS,3376,PR0006814,DERMIQ DAILY CLEANSER 100ML,Production Released,RM,3756,1001381,DECYL GLUCOSIDE 50% (APG 2000),1.5,EI/PO/26-27/911,1049,Released,unlinked,200
SO-00666,DEFYNE AESTHETICS,3376,PR0006814,DERMIQ DAILY CLEANSER 100ML,Production Released,RM,3373,1000536,INNOCARE ST100,1.5,EI/PO/26-27/930,1062,Released,unlinked,200
SO-00666,DEFYNE AESTHETICS,3376,PR0006814,DERMIQ DAILY CLEANSER 100ML,Production Released,RM,3438,1001082,GALSOFT SCT 40,0.5,EI/PO/26-27/785,982,Released,unlinked,200
SO-00666,DEFYNE AESTHETICS,3376,PR0006814,DERMIQ DAILY CLEANSER 100ML,Production Released,RM,3411,1000612,AQUA,24.6,DPO-005,1087,Released,unlinked,179
SO-00017,KOSMODERMA HEALTHCARE PRIVATE LIMITED,3362,PR0005428,KOSMODERMA MOISTURE BOOST CREAM 50GM,Production Released,RM,3327,1000473,VEGAROL 1698,1,EI/PO/26-27/881,1026,Released,unlinked,100
SO-00017,KOSMODERMA HEALTHCARE PRIVATE LIMITED,3362,PR0005428,KOSMODERMA MOISTURE BOOST CREAM 50GM,Production Released,RM,3749,1001427,GLYCERINE IP - GODREJ,1,EI/PO/26-27/893,1034,Released,unlinked,500
SO-00017,KOSMODERMA HEALTHCARE PRIVATE LIMITED,3362,PR0005428,KOSMODERMA MOISTURE BOOST CREAM 50GM,Production Released,RM,3749,1001427,GLYCERINE IP - GODREJ,1,EI/PO/26-27/925,1058,Released,unlinked,500
SO-00017,KOSMODERMA HEALTHCARE PRIVATE LIMITED,3362,PR0005428,KOSMODERMA MOISTURE BOOST CREAM 50GM,Production Released,RM,3542,1001284,CCTG,0.5,DPO-003,1085,Released,linked:PR,3
SO-00017,KOSMODERMA HEALTHCARE PRIVATE LIMITED,3362,PR0005428,KOSMODERMA MOISTURE BOOST CREAM 50GM,Production Released,RM,3355,1000511,Niacinamide,0.5,EI/PO/26-27/926,1059,Released,unlinked,200
SO-00017,KOSMODERMA HEALTHCARE PRIVATE LIMITED,3362,PR0005428,KOSMODERMA MOISTURE BOOST CREAM 50GM,Production Released,RM,3277,1000412,Butyrospermum Parkii Butter,0.25,EI/PO/26-27/881,1026,Released,unlinked,80
SO-00017,KOSMODERMA HEALTHCARE PRIVATE LIMITED,3362,PR0005428,KOSMODERMA MOISTURE BOOST CREAM 50GM,Production Released,RM,3496,1001210,SODIUM HYALURONATE (CHEMICORE),0.05,EI/PO/26-27/787,984,Released,unlinked,10
SO-00017,KOSMODERMA HEALTHCARE PRIVATE LIMITED,3362,PR0005428,KOSMODERMA MOISTURE BOOST CREAM 50GM,Production Released,RM,3659,2000010,BACK PACK 19,0.02,EI/PO/26-27/789,985,Released,unlinked,1
SO-00017,KOSMODERMA HEALTHCARE PRIVATE LIMITED,3362,PR0005428,KOSMODERMA MOISTURE BOOST CREAM 50GM,Production Released,RM,3411,1000612,AQUA,34.23,DPO-005,1087,Released,unlinked,179
SO-00048,PHOENIX PHARMA,3349,PR0007139,REEGLO LITE SKIN BRIGHTENING CREAM 30 G,Production Released,RM,3542,1001284,CCTG,3,DPO-003,1085,Released,linked:PR,3
SO-00048,PHOENIX PHARMA,3349,PR0007139,REEGLO LITE SKIN BRIGHTENING CREAM 30 G,Production Released,RM,3355,1000511,Niacinamide,2.4,EI/PO/26-27/926,1059,Released,unlinked,200
SO-00048,PHOENIX PHARMA,3349,PR0007139,REEGLO LITE SKIN BRIGHTENING CREAM 30 G,Production Released,RM,3327,1000473,VEGAROL 1698,0.6,EI/PO/26-27/881,1026,Released,unlinked,100
SO-00048,PHOENIX PHARMA,3349,PR0007139,REEGLO LITE SKIN BRIGHTENING CREAM 30 G,Production Released,RM,2998,1000040,ARLACEL 2121,0.3,EI/PO/26-27/901,1041,Released,unlinked,50
SO-00048,PHOENIX PHARMA,3349,PR0007139,REEGLO LITE SKIN BRIGHTENING CREAM 30 G,Production Released,RM,3277,1000412,Butyrospermum Parkii Butter,0.06,EI/PO/26-27/881,1026,Released,unlinked,80
SO-00048,PHOENIX PHARMA,3349,PR0007139,REEGLO LITE SKIN BRIGHTENING CREAM 30 G,Production Released,RM,3411,1000612,WATER,45.18,DPO-005,1087,Released,unlinked,179
SO-00656,HEALTH Q LIFESCIENCES PRIVATE LIMITED,3269,PR0006923,SKINQ MOISTURE BALM 10GM_Sample pack,Production Released,RM,3327,1000473,VEGAROL 1698,0.0076,EI/PO/26-27/881,1026,Released,unlinked,100
SO-00656,HEALTH Q LIFESCIENCES PRIVATE LIMITED,3269,PR0006923,SKINQ MOISTURE BALM 10GM_Sample pack,Production Released,RM,3542,1001284,CCTG,0.0038,DPO-003,1085,Released,linked:PR,3
SO-00656,HEALTH Q LIFESCIENCES PRIVATE LIMITED,3269,PR0006923,SKINQ MOISTURE BALM 10GM_Sample pack,Production Released,RM,3496,1001210,SODIUM HYALURONATE (CHEMICORE),0.00038,EI/PO/26-27/787,984,Released,unlinked,10
SO-00656,HEALTH Q LIFESCIENCES PRIVATE LIMITED,3269,PR0006923,SKINQ MOISTURE BALM 10GM_Sample pack,Production Released,RM,3411,1000612,WATER,0.279604,DPO-005,1087,Released,unlinked,179
SO-00656,HEALTH Q LIFESCIENCES PRIVATE LIMITED,3269,PR0006923,SKINQ MOISTURE BALM 10GM_Sample pack,Production Released,RM,3277,1000412,Butyrospermum Parkii Butter,0.00038,EI/PO/26-27/881,1026,Released,unlinked,80
SO-00656,HEALTH Q LIFESCIENCES PRIVATE LIMITED,3269,PR0006923,SKINQ MOISTURE BALM 10GM_Sample pack,Production Released,RM,3355,1000511,Niacinamide,0.00038,EI/PO/26-27/926,1059,Released,unlinked,200
SO-00189,HEALTH Q LIFESCIENCES PRIVATE LIMITED,3334,PR0006923,SKINQ MOISTURE BALM 10GM_Sample pack,Production Released,RM,3327,1000473,VEGAROL 1698,6.5644,EI/PO/26-27/881,1026,Released,unlinked,100
SO-00189,HEALTH Q LIFESCIENCES PRIVATE LIMITED,3334,PR0006923,SKINQ MOISTURE BALM 10GM_Sample pack,Production Released,RM,3542,1001284,CCTG,3.2822,DPO-003,1085,Released,linked:PR,3
SO-00189,HEALTH Q LIFESCIENCES PRIVATE LIMITED,3334,PR0006923,SKINQ MOISTURE BALM 10GM_Sample pack,Production Released,RM,3496,1001210,SODIUM HYALURONATE (CHEMICORE),0.32822,EI/PO/26-27/787,984,Released,unlinked,10
SO-00189,HEALTH Q LIFESCIENCES PRIVATE LIMITED,3334,PR0006923,SKINQ MOISTURE BALM 10GM_Sample pack,Production Released,RM,3411,1000612,WATER,241.504276,DPO-005,1087,Released,unlinked,179
SO-00189,HEALTH Q LIFESCIENCES PRIVATE LIMITED,3334,PR0006923,SKINQ MOISTURE BALM 10GM_Sample pack,Production Released,RM,3277,1000412,Butyrospermum Parkii Butter,0.32822,EI/PO/26-27/881,1026,Released,unlinked,80
SO-00189,HEALTH Q LIFESCIENCES PRIVATE LIMITED,3334,PR0006923,SKINQ MOISTURE BALM 10GM_Sample pack,Production Released,RM,3355,1000511,Niacinamide,0.32822,EI/PO/26-27/926,1059,Released,unlinked,200
SO-00161,DE NATUREL,3451,PR0007561,DE NATUREL PREMIUM ROSE GLOW SANDALWOOD AND ROSE FACE PACK 100GM,Confirmed,RM,3411,1000612,WATER,0,DPO-005,1087,Released,unlinked,179
SO-00161,DE NATUREL,3451,PR0007561,DE NATUREL PREMIUM ROSE GLOW SANDALWOOD AND ROSE FACE PACK 100GM,Confirmed,RM,3334,1000483,Bentonite,12.5,EI/PO/26-27/836,1000,Released,unlinked,50
SO-00161,DE NATUREL,3451,PR0007561,DE NATUREL PREMIUM ROSE GLOW SANDALWOOD AND ROSE FACE PACK 100GM,Confirmed,RM,3334,1000483,Bentonite,12.5,EI/PO/26-27/927,1060,Released,unlinked,300
SO-00161,DE NATUREL,3451,PR0007561,DE NATUREL PREMIUM ROSE GLOW SANDALWOOD AND ROSE FACE PACK 100GM,Confirmed,RM,3001,1000044,ASHWAGANDHA POWDER,1,EI/PO/26-27/936,1065,Released,unlinked,1
SO-00127,MYSKINN,3431,PR0006897,MYSKINN HYDRATE RADIANCE CREAM 200ML,Confirmed,RM,3411,1000612,WATER,112.74,DPO-005,1087,Released,unlinked,179
SO-00127,MYSKINN,3431,PR0006897,MYSKINN HYDRATE RADIANCE CREAM 200ML,Confirmed,RM,3667,2000030,Aqua,0.4,EI/PO/26-27/956,1081,Released,unlinked,20
SO-00665,DEFYNE AESTHETICS,3377,PR0006815,DERMIQ - RICH LOTION 200 ML,Production Released,RM,3542,1001284,CCTG,6,DPO-003,1085,Released,linked:PR,3
SO-00665,DEFYNE AESTHETICS,3377,PR0006815,DERMIQ - RICH LOTION 200 ML,Production Released,RM,3749,1001427,GLYCERINE IP - GODREJ,5,EI/PO/26-27/893,1034,Released,unlinked,500
SO-00665,DEFYNE AESTHETICS,3377,PR0006815,DERMIQ - RICH LOTION 200 ML,Production Released,RM,3749,1001427,GLYCERINE IP - GODREJ,5,EI/PO/26-27/925,1058,Released,unlinked,500
SO-00665,DEFYNE AESTHETICS,3377,PR0006815,DERMIQ - RICH LOTION 200 ML,Production Released,RM,3108,1000194,Betaine,2,EI/PO/26-27/685,944,Released,unlinked,25
SO-00665,DEFYNE AESTHETICS,3377,PR0006815,DERMIQ - RICH LOTION 200 ML,Production Released,RM,2998,1000040,ARLACEL 2121,1,EI/PO/26-27/901,1041,Released,unlinked,50
SO-00665,DEFYNE AESTHETICS,3377,PR0006815,DERMIQ - RICH LOTION 200 ML,Production Released,RM,3327,1000473,VEGAROL 1698,0.5,EI/PO/26-27/881,1026,Released,unlinked,100
SO-00665,DEFYNE AESTHETICS,3377,PR0006815,DERMIQ - RICH LOTION 200 ML,Production Released,RM,3277,1000412,Butyrospermum Parkii Butter,0.5,EI/PO/26-27/881,1026,Released,unlinked,80
SO-00665,DEFYNE AESTHETICS,3377,PR0006815,DERMIQ - RICH LOTION 200 ML,Production Released,RM,3355,1000511,Niacinamide,0.1,EI/PO/26-27/926,1059,Released,unlinked,200
SO-00665,DEFYNE AESTHETICS,3377,PR0006815,DERMIQ - RICH LOTION 200 ML,Production Released,RM,3496,1001210,SODIUM HYALURONATE (CHEMICORE),0.1,EI/PO/26-27/787,984,Released,unlinked,10
SO-00665,DEFYNE AESTHETICS,3377,PR0006815,DERMIQ - RICH LOTION 200 ML,Production Released,RM,3411,1000612,AQUA,67.23,DPO-005,1087,Released,unlinked,179
SO-00603,HEALTH Q LIFESCIENCES PRIVATE LIMITED,3273,PR0007043,SKINQ RX HYDRATE EXFOLIATE_KC 10ML,Production Released,RM,3411,1000612,WATER,47.82,DPO-005,1087,Released,unlinked,179
SO-00603,HEALTH Q LIFESCIENCES PRIVATE LIMITED,3273,PR0007043,SKINQ RX HYDRATE EXFOLIATE_KC 10ML,Production Released,RM,3749,1001427,GLYCERINE IP - GODREJ,3,EI/PO/26-27/893,1034,Released,unlinked,500
SO-00603,HEALTH Q LIFESCIENCES PRIVATE LIMITED,3273,PR0007043,SKINQ RX HYDRATE EXFOLIATE_KC 10ML,Production Released,RM,3749,1001427,GLYCERINE IP - GODREJ,3,EI/PO/26-27/925,1058,Released,unlinked,500
SO-00603,HEALTH Q LIFESCIENCES PRIVATE LIMITED,3273,PR0007043,SKINQ RX HYDRATE EXFOLIATE_KC 10ML,Production Released,RM,3327,1000473,VEGAROL 1698,1.8,EI/PO/26-27/881,1026,Released,unlinked,100
SO-00138,MYSKINN,3439,PR0006366,MYSKINN SKIN CHARGER NIGHT CREAM 50ML (AMAZON),Confirmed,RM,3411,1000612,WATER,58.8225,DPO-005,1087,Released,unlinked,179
SO-00138,MYSKINN,3439,PR0006366,MYSKINN SKIN CHARGER NIGHT CREAM 50ML (AMAZON),Confirmed,RM,3257,1000392,Salicylic Acid,0.15,EI/PO/26-27/881,1026,Released,unlinked,50
SO-00181,KUMARI MEDICALS,3469,PR0007416,SKAESTHETIK  GIYU CERAMIDE MOISTURIZER 50ML,Confirmed,RM,3411,1000612,WATER,20.7825,DPO-005,1087,Released,unlinked,179
SO-00153,SRINIDHI ENTERPRISES,3448,PR0007163,DR. NIDHI'S FORMULA ADVANCED CERAMIDE MOISTURISER 50 ML,Production Released,RM,3411,1000612,WATER,70.3,DPO-005,1087,Released,unlinked,179
SO-00153,SRINIDHI ENTERPRISES,3448,PR0007163,DR. NIDHI'S FORMULA ADVANCED CERAMIDE MOISTURISER 50 ML,Production Released,RM,3542,1001284,CCTG,5,DPO-003,1085,Released,linked:PR,3
SO-00153,SRINIDHI ENTERPRISES,3448,PR0007163,DR. NIDHI'S FORMULA ADVANCED CERAMIDE MOISTURISER 50 ML,Production Released,RM,2998,1000040,ARLACEL 2121,3,EI/PO/26-27/901,1041,Released,unlinked,50
SO-00153,SRINIDHI ENTERPRISES,3448,PR0007163,DR. NIDHI'S FORMULA ADVANCED CERAMIDE MOISTURISER 50 ML,Production Released,RM,3327,1000473,VEGAROL 1698,2.5,EI/PO/26-27/881,1026,Released,unlinked,100
SO-00153,SRINIDHI ENTERPRISES,3448,PR0007163,DR. NIDHI'S FORMULA ADVANCED CERAMIDE MOISTURISER 50 ML,Production Released,RM,3749,1001427,GLYCERINE IP - GODREJ,2,EI/PO/26-27/893,1034,Released,unlinked,500
SO-00153,SRINIDHI ENTERPRISES,3448,PR0007163,DR. NIDHI'S FORMULA ADVANCED CERAMIDE MOISTURISER 50 ML,Production Released,RM,3749,1001427,GLYCERINE IP - GODREJ,2,EI/PO/26-27/925,1058,Released,unlinked,500
SO-00153,SRINIDHI ENTERPRISES,3448,PR0007163,DR. NIDHI'S FORMULA ADVANCED CERAMIDE MOISTURISER 50 ML,Production Released,RM,3285,1000422,SODIUM GLUCONATE,0.2,EI/PO/26-27/881,1026,Released,unlinked,25
SO-00153,SRINIDHI ENTERPRISES,3448,PR0007163,DR. NIDHI'S FORMULA ADVANCED CERAMIDE MOISTURISER 50 ML,Production Released,RM,3496,1001210,SODIUM HYALURONATE (CHEMICORE),0.1,EI/PO/26-27/787,984,Released,unlinked,10
SO-00087,HEALTH Q LIFESCIENCES PRIVATE LIMITED,3410,PR0006910,SKINQ HYDRATE SERUM 30 ML,Production Released,RM,3411,1000612,WATER,443.88,DPO-005,1087,Released,unlinked,179
SO-00087,HEALTH Q LIFESCIENCES PRIVATE LIMITED,3410,PR0006910,SKINQ HYDRATE SERUM 30 ML,Production Released,RM,3795,1001355,"1, 3 - PROPANEDIOL",54,EI/PO/26-27/786,983,Released,unlinked,200
SO-00087,HEALTH Q LIFESCIENCES PRIVATE LIMITED,3410,PR0006910,SKINQ HYDRATE SERUM 30 ML,Production Released,RM,3496,1001210,SODIUM HYALURONATE (CHEMICORE),2.7,EI/PO/26-27/787,984,Released,unlinked,10
SO-00489,HEALTH Q LIFESCIENCES PRIVATE LIMITED,3301,PR0006910,SKINQ HYDRATE SERUM 30 ML,Production Released,RM,3411,1000612,WATER,28.30968,DPO-005,1087,Released,unlinked,179
SO-00489,HEALTH Q LIFESCIENCES PRIVATE LIMITED,3301,PR0006910,SKINQ HYDRATE SERUM 30 ML,Production Released,RM,3795,1001355,"1, 3 - PROPANEDIOL",3.444,EI/PO/26-27/786,983,Released,unlinked,200
SO-00489,HEALTH Q LIFESCIENCES PRIVATE LIMITED,3301,PR0006910,SKINQ HYDRATE SERUM 30 ML,Production Released,RM,3496,1001210,SODIUM HYALURONATE (CHEMICORE),0.1722,EI/PO/26-27/787,984,Released,unlinked,10
SO-00096,HEALTH Q LIFESCIENCES PRIVATE LIMITED,3318,PR0007384,SKINQ BRIGHTENING SERUM 15 ML,Production Released,RM,3411,1000612,WATER,33.850305,DPO-005,1087,Released,unlinked,179
SO-00655,HEALTH Q LIFESCIENCES PRIVATE LIMITED,3270,PR0006926,SKINQ DAILY GENTLE CLEANSER 10ML_Sample pack,Production Released,RM,3438,1001082,GALSOFT SCT 40,43.5,EI/PO/26-27/785,982,Released,unlinked,200
SO-00655,HEALTH Q LIFESCIENCES PRIVATE LIMITED,3270,PR0006926,SKINQ DAILY GENTLE CLEANSER 10ML_Sample pack,Production Released,RM,3795,1001355,"1, 3 - PROPANEDIOL",29,EI/PO/26-27/786,983,Released,unlinked,200
SO-00655,HEALTH Q LIFESCIENCES PRIVATE LIMITED,3270,PR0006926,SKINQ DAILY GENTLE CLEANSER 10ML_Sample pack,Production Released,RM,3092,1000173,Acrylates Copolymer,37.7,EI/PO/26-27/889,1030,Released,unlinked,200
SO-00655,HEALTH Q LIFESCIENCES PRIVATE LIMITED,3270,PR0006926,SKINQ DAILY GENTLE CLEANSER 10ML_Sample pack,Production Released,RM,3092,1000173,Acrylates Copolymer,37.7,EI/PO/26-27/923,1056,Released,unlinked,400
SO-00655,HEALTH Q LIFESCIENCES PRIVATE LIMITED,3270,PR0006926,SKINQ DAILY GENTLE CLEANSER 10ML_Sample pack,Production Released,RM,3355,1000511,Niacinamide,5.8,EI/PO/26-27/926,1059,Released,unlinked,200
SO-00655,HEALTH Q LIFESCIENCES PRIVATE LIMITED,3270,PR0006926,SKINQ DAILY GENTLE CLEANSER 10ML_Sample pack,Production Released,RM,3096,1000181,Evening Prime Rose Oil,1.45,EI/PO/26-27/784,981,Released,unlinked,4
SO-00655,HEALTH Q LIFESCIENCES PRIVATE LIMITED,3270,PR0006926,SKINQ DAILY GENTLE CLEANSER 10ML_Sample pack,Production Released,RM,3793,1001341,FLOCARE C 122 PF,1.45,EI/PO/26-27/892,1033,Released,unlinked,60
SO-00655,HEALTH Q LIFESCIENCES PRIVATE LIMITED,3270,PR0006926,SKINQ DAILY GENTLE CLEANSER 10ML_Sample pack,Production Released,RM,3667,2000030,Aqua,0.29,EI/PO/26-27/956,1081,Released,unlinked,20
SO-00655,HEALTH Q LIFESCIENCES PRIVATE LIMITED,3270,PR0006926,SKINQ DAILY GENTLE CLEANSER 10ML_Sample pack,Production Released,RM,3411,1000612,WATER,72.5,DPO-005,1087,Released,unlinked,179
SO-00206,INCNUT LIFESTYLE RETAIL PRIVATE LIMITED,3538,SK2109NBLO,SKINKRAFT BARRIER REVITALIZING LOTION FOR OILY SKIN 40ML,Production Released,RM,3355,1000511,Niacinamide,8.2576,EI/PO/26-27/926,1059,Released,unlinked,200
SO-00206,INCNUT LIFESTYLE RETAIL PRIVATE LIMITED,3538,SK2109NBLO,SKINKRAFT BARRIER REVITALIZING LOTION FOR OILY SKIN 40ML,Production Released,RM,3749,1001427,GLYCERINE IP - GODREJ,6.1932,EI/PO/26-27/893,1034,Released,unlinked,500
SO-00206,INCNUT LIFESTYLE RETAIL PRIVATE LIMITED,3538,SK2109NBLO,SKINKRAFT BARRIER REVITALIZING LOTION FOR OILY SKIN 40ML,Production Released,RM,3749,1001427,GLYCERINE IP - GODREJ,6.1932,EI/PO/26-27/925,1058,Released,unlinked,500
SO-00206,INCNUT LIFESTYLE RETAIL PRIVATE LIMITED,3538,SK2109NBLO,SKINKRAFT BARRIER REVITALIZING LOTION FOR OILY SKIN 40ML,Production Released,RM,3411,1000612,WATER,176.91908,DPO-005,1087,Released,unlinked,179
SO-00204,INCNUT LIFESTYLE RETAIL PRIVATE LIMITED,3516,SK2109NBLO,SKINKRAFT BARRIER REVITALIZING LOTION FOR OILY SKIN 40ML,Production Released,RM,3355,1000511,Niacinamide,25.6,EI/PO/26-27/926,1059,Released,unlinked,200
SO-00204,INCNUT LIFESTYLE RETAIL PRIVATE LIMITED,3516,SK2109NBLO,SKINKRAFT BARRIER REVITALIZING LOTION FOR OILY SKIN 40ML,Production Released,RM,3749,1001427,GLYCERINE IP - GODREJ,19.2,EI/PO/26-27/893,1034,Released,unlinked,500
SO-00204,INCNUT LIFESTYLE RETAIL PRIVATE LIMITED,3516,SK2109NBLO,SKINKRAFT BARRIER REVITALIZING LOTION FOR OILY SKIN 40ML,Production Released,RM,3749,1001427,GLYCERINE IP - GODREJ,19.2,EI/PO/26-27/925,1058,Released,unlinked,500
SO-00204,INCNUT LIFESTYLE RETAIL PRIVATE LIMITED,3516,SK2109NBLO,SKINKRAFT BARRIER REVITALIZING LOTION FOR OILY SKIN 40ML,Production Released,RM,3411,1000612,WATER,548.48,DPO-005,1087,Released,unlinked,179
SO-00192,DEFYNE AESTHETICS,3479,PR0006337,DERMIQ ULTRA PROTECT SPF 50 PA+++  50ML,Confirmed,RM,3411,1000612,WATER,0,DPO-005,1087,Released,unlinked,179
SO-00204,INCNUT LIFESTYLE RETAIL PRIVATE LIMITED,3509,SK2109NUFC,SKINKRAFT ULTRA SMOOTH FACE CLEANSER FOR SENSITIVE SKIN 60ML,Production Released,RM,3749,1001427,GLYCERINE IP - GODREJ,150,EI/PO/26-27/893,1034,Released,unlinked,500
SO-00204,INCNUT LIFESTYLE RETAIL PRIVATE LIMITED,3509,SK2109NUFC,SKINKRAFT ULTRA SMOOTH FACE CLEANSER FOR SENSITIVE SKIN 60ML,Production Released,RM,3749,1001427,GLYCERINE IP - GODREJ,150,EI/PO/26-27/925,1058,Released,unlinked,500
SO-00204,INCNUT LIFESTYLE RETAIL PRIVATE LIMITED,3509,SK2109NUFC,SKINKRAFT ULTRA SMOOTH FACE CLEANSER FOR SENSITIVE SKIN 60ML,Production Released,RM,3542,1001284,CCTG,60,DPO-003,1085,Released,linked:PR,3
SO-00204,INCNUT LIFESTYLE RETAIL PRIVATE LIMITED,3509,SK2109NUFC,SKINKRAFT ULTRA SMOOTH FACE CLEANSER FOR SENSITIVE SKIN 60ML,Production Released,RM,3327,1000473,VEGAROL 1698,60,EI/PO/26-27/881,1026,Released,unlinked,100
SO-00204,INCNUT LIFESTYLE RETAIL PRIVATE LIMITED,3509,SK2109NUFC,SKINKRAFT ULTRA SMOOTH FACE CLEANSER FOR SENSITIVE SKIN 60ML,Production Released,RM,3411,1000612,WATER,909.525,DPO-005,1087,Released,unlinked,179
SO-00204,INCNUT LIFESTYLE RETAIL PRIVATE LIMITED,3487,SK2110NLDS,SKINKRAFT NIACIN WITH LICORICE DEPIGMENTATION SERUM FOR DARK SPOT/PATCHES 30ML,Production Released,RM,3355,1000511,Niacinamide,4.8,EI/PO/26-27/926,1059,Released,unlinked,200
SO-00204,INCNUT LIFESTYLE RETAIL PRIVATE LIMITED,3487,SK2110NLDS,SKINKRAFT NIACIN WITH LICORICE DEPIGMENTATION SERUM FOR DARK SPOT/PATCHES 30ML,Production Released,RM,3795,1001355,"1, 3 - PROPANEDIOL",4.8,EI/PO/26-27/786,983,Released,unlinked,200
SO-00204,INCNUT LIFESTYLE RETAIL PRIVATE LIMITED,3487,SK2110NLDS,SKINKRAFT NIACIN WITH LICORICE DEPIGMENTATION SERUM FOR DARK SPOT/PATCHES 30ML,Production Released,RM,3749,1001427,GLYCERINE IP - GODREJ,4.8,EI/PO/26-27/893,1034,Released,unlinked,500
SO-00204,INCNUT LIFESTYLE RETAIL PRIVATE LIMITED,3487,SK2110NLDS,SKINKRAFT NIACIN WITH LICORICE DEPIGMENTATION SERUM FOR DARK SPOT/PATCHES 30ML,Production Released,RM,3749,1001427,GLYCERINE IP - GODREJ,4.8,EI/PO/26-27/925,1058,Released,unlinked,500
SO-00204,INCNUT LIFESTYLE RETAIL PRIVATE LIMITED,3487,SK2110NLDS,SKINKRAFT NIACIN WITH LICORICE DEPIGMENTATION SERUM FOR DARK SPOT/PATCHES 30ML,Production Released,RM,3411,1000612,WATER,101.196,DPO-005,1087,Released,unlinked,179
SO-00206,INCNUT LIFESTYLE RETAIL PRIVATE LIMITED,3522,SK2110NLDS,SKINKRAFT NIACIN WITH LICORICE DEPIGMENTATION SERUM FOR DARK SPOT/PATCHES 30ML,Production Released,RM,3355,1000511,Niacinamide,1.44,EI/PO/26-27/926,1059,Released,unlinked,200
SO-00206,INCNUT LIFESTYLE RETAIL PRIVATE LIMITED,3522,SK2110NLDS,SKINKRAFT NIACIN WITH LICORICE DEPIGMENTATION SERUM FOR DARK SPOT/PATCHES 30ML,Production Released,RM,3795,1001355,"1, 3 - PROPANEDIOL",1.44,EI/PO/26-27/786,983,Released,unlinked,200
SO-00206,INCNUT LIFESTYLE RETAIL PRIVATE LIMITED,3522,SK2110NLDS,SKINKRAFT NIACIN WITH LICORICE DEPIGMENTATION SERUM FOR DARK SPOT/PATCHES 30ML,Production Released,RM,3749,1001427,GLYCERINE IP - GODREJ,1.44,EI/PO/26-27/893,1034,Released,unlinked,500
SO-00206,INCNUT LIFESTYLE RETAIL PRIVATE LIMITED,3522,SK2110NLDS,SKINKRAFT NIACIN WITH LICORICE DEPIGMENTATION SERUM FOR DARK SPOT/PATCHES 30ML,Production Released,RM,3749,1001427,GLYCERINE IP - GODREJ,1.44,EI/PO/26-27/925,1058,Released,unlinked,500
SO-00206,INCNUT LIFESTYLE RETAIL PRIVATE LIMITED,3522,SK2110NLDS,SKINKRAFT NIACIN WITH LICORICE DEPIGMENTATION SERUM FOR DARK SPOT/PATCHES 30ML,Production Released,RM,3411,1000612,WATER,30.3588,DPO-005,1087,Released,unlinked,179
SO-00183,juvenis innovations llp,3471,PR0006501,JUVENIS AWE LIP BALM 8GM,Confirmed,RM,3411,1000612,WATER,0,DPO-005,1087,Released,unlinked,179
SO-00025,HEALTH Q LIFESCIENCES PRIVATE LIMITED,3262,PR0007424,SKINQ RX ACNI DERM CLARIFYING MASK 10GM(KIT),Confirmed,RM,3411,1000612,WATER,0,DPO-005,1087,Released,unlinked,179
SO-00026,HEALTH Q LIFESCIENCES PRIVATE LIMITED,3358,PR0007425,SKINQ RX DERMA BRIGHT MASK 10 GM(KIT),Confirmed,RM,3411,1000612,WATER,0,DPO-005,1087,Released,unlinked,179
SO-00601,HEALTH Q LIFESCIENCES PRIVATE LIMITED,3289,PR0007190,SKINQ DETAN EXFOLIATE_KC 10ML(IND),Production Released,RM,3411,1000612,WATER,48.54,DPO-005,1087,Released,unlinked,179
SO-00601,HEALTH Q LIFESCIENCES PRIVATE LIMITED,3289,PR0007190,SKINQ DETAN EXFOLIATE_KC 10ML(IND),Production Released,RM,3749,1001427,GLYCERINE IP - GODREJ,3,EI/PO/26-27/893,1034,Released,unlinked,500
SO-00601,HEALTH Q LIFESCIENCES PRIVATE LIMITED,3289,PR0007190,SKINQ DETAN EXFOLIATE_KC 10ML(IND),Production Released,RM,3749,1001427,GLYCERINE IP - GODREJ,3,EI/PO/26-27/925,1058,Released,unlinked,500
SO-00031,HEALTH Q LIFESCIENCES PRIVATE LIMITED,3257,PR0007344,SKINQ GLOW BRIGHT MASK 10GM_Sample Pack,Confirmed,RM,3411,1000612,WATER,0.751928,DPO-005,1087,Released,unlinked,179
SO-00031,HEALTH Q LIFESCIENCES PRIVATE LIMITED,3257,PR0007344,SKINQ GLOW BRIGHT MASK 10GM_Sample Pack,Confirmed,RM,3334,1000483,Bentonite,0.47864,EI/PO/26-27/836,1000,Released,unlinked,50
SO-00031,HEALTH Q LIFESCIENCES PRIVATE LIMITED,3257,PR0007344,SKINQ GLOW BRIGHT MASK 10GM_Sample Pack,Confirmed,RM,3334,1000483,Bentonite,0.47864,EI/PO/26-27/927,1060,Released,unlinked,300
SO-00031,HEALTH Q LIFESCIENCES PRIVATE LIMITED,3257,PR0007344,SKINQ GLOW BRIGHT MASK 10GM_Sample Pack,Confirmed,RM,3355,1000511,Niacinamide,0.03088,EI/PO/26-27/926,1059,Released,unlinked,200
SO-00031,HEALTH Q LIFESCIENCES PRIVATE LIMITED,3257,PR0007344,SKINQ GLOW BRIGHT MASK 10GM_Sample Pack,Confirmed,RM,3108,1000194,Betaine,0.01544,EI/PO/26-27/685,944,Released,unlinked,25
SO-00031,HEALTH Q LIFESCIENCES PRIVATE LIMITED,3257,PR0007344,SKINQ GLOW BRIGHT MASK 10GM_Sample Pack,Confirmed,RM,3285,1000422,SODIUM GLUCONATE,0.003088,EI/PO/26-27/881,1026,Released,unlinked,25
SO-00134,MED MANOR ORGANICS PVT LTD..,3437,PR0004970,MEDMANOR MOISTAR DEEP RESTORE MOISTURIZING CREAM 100 GM,Production Released,RM,3749,1001427,GLYCERINE IP - GODREJ,25,EI/PO/26-27/893,1034,Released,unlinked,500
SO-00134,MED MANOR ORGANICS PVT LTD..,3437,PR0004970,MEDMANOR MOISTAR DEEP RESTORE MOISTURIZING CREAM 100 GM,Production Released,RM,3749,1001427,GLYCERINE IP - GODREJ,25,EI/PO/26-27/925,1058,Released,unlinked,500
SO-00134,MED MANOR ORGANICS PVT LTD..,3437,PR0004970,MEDMANOR MOISTAR DEEP RESTORE MOISTURIZING CREAM 100 GM,Production Released,RM,3355,1000511,Niacinamide,10,EI/PO/26-27/926,1059,Released,unlinked,200
SO-00134,MED MANOR ORGANICS PVT LTD..,3437,PR0004970,MEDMANOR MOISTAR DEEP RESTORE MOISTURIZING CREAM 100 GM,Production Released,RM,2998,1000040,ARLACEL 2121,5,EI/PO/26-27/901,1041,Released,unlinked,50
SO-00134,MED MANOR ORGANICS PVT LTD..,3437,PR0004970,MEDMANOR MOISTAR DEEP RESTORE MOISTURIZING CREAM 100 GM,Production Released,RM,3496,1001210,SODIUM HYALURONATE (CHEMICORE),0.25,EI/PO/26-27/787,984,Released,unlinked,10
SO-00134,MED MANOR ORGANICS PVT LTD..,3437,PR0004970,MEDMANOR MOISTAR DEEP RESTORE MOISTURIZING CREAM 100 GM,Production Released,RM,3411,1000612,WATER,389.75,DPO-005,1087,Released,unlinked,179
SO-00507,MED MANOR ORGANICS PVT LTD..,3394,PR0004970,MEDMANOR MOISTAR DEEP RESTORE MOISTURIZING CREAM 100 GM,Production Released,RM,3749,1001427,GLYCERINE IP - GODREJ,15,EI/PO/26-27/893,1034,Released,unlinked,500
SO-00507,MED MANOR ORGANICS PVT LTD..,3394,PR0004970,MEDMANOR MOISTAR DEEP RESTORE MOISTURIZING CREAM 100 GM,Production Released,RM,3749,1001427,GLYCERINE IP - GODREJ,15,EI/PO/26-27/925,1058,Released,unlinked,500
SO-00507,MED MANOR ORGANICS PVT LTD..,3394,PR0004970,MEDMANOR MOISTAR DEEP RESTORE MOISTURIZING CREAM 100 GM,Production Released,RM,3355,1000511,Niacinamide,6,EI/PO/26-27/926,1059,Released,unlinked,200
SO-00507,MED MANOR ORGANICS PVT LTD..,3394,PR0004970,MEDMANOR MOISTAR DEEP RESTORE MOISTURIZING CREAM 100 GM,Production Released,RM,2998,1000040,ARLACEL 2121,3,EI/PO/26-27/901,1041,Released,unlinked,50
SO-00507,MED MANOR ORGANICS PVT LTD..,3394,PR0004970,MEDMANOR MOISTAR DEEP RESTORE MOISTURIZING CREAM 100 GM,Production Released,RM,3496,1001210,SODIUM HYALURONATE (CHEMICORE),0.15,EI/PO/26-27/787,984,Released,unlinked,10
SO-00507,MED MANOR ORGANICS PVT LTD..,3394,PR0004970,MEDMANOR MOISTAR DEEP RESTORE MOISTURIZING CREAM 100 GM,Production Released,RM,3411,1000612,WATER,233.85,DPO-005,1087,Released,unlinked,179
SO-00607,MED MANOR ORGANICS PVT LTD..,3248,PR0004970,MEDMANOR MOISTAR DEEP RESTORE MOISTURIZING CREAM 100 GM,Production Released,RM,3749,1001427,GLYCERINE IP - GODREJ,2.44,EI/PO/26-27/893,1034,Released,unlinked,500
SO-00607,MED MANOR ORGANICS PVT LTD..,3248,PR0004970,MEDMANOR MOISTAR DEEP RESTORE MOISTURIZING CREAM 100 GM,Production Released,RM,3749,1001427,GLYCERINE IP - GODREJ,2.44,EI/PO/26-27/925,1058,Released,unlinked,500
SO-00607,MED MANOR ORGANICS PVT LTD..,3248,PR0004970,MEDMANOR MOISTAR DEEP RESTORE MOISTURIZING CREAM 100 GM,Production Released,RM,3355,1000511,Niacinamide,0.976,EI/PO/26-27/926,1059,Released,unlinked,200
SO-00607,MED MANOR ORGANICS PVT LTD..,3248,PR0004970,MEDMANOR MOISTAR DEEP RESTORE MOISTURIZING CREAM 100 GM,Production Released,RM,2998,1000040,ARLACEL 2121,0.488,EI/PO/26-27/901,1041,Released,unlinked,50
SO-00607,MED MANOR ORGANICS PVT LTD..,3248,PR0004970,MEDMANOR MOISTAR DEEP RESTORE MOISTURIZING CREAM 100 GM,Production Released,RM,3496,1001210,SODIUM HYALURONATE (CHEMICORE),0.0244,EI/PO/26-27/787,984,Released,unlinked,10
SO-00607,MED MANOR ORGANICS PVT LTD..,3248,PR0004970,MEDMANOR MOISTAR DEEP RESTORE MOISTURIZING CREAM 100 GM,Production Released,RM,3411,1000612,WATER,38.0396,DPO-005,1087,Released,unlinked,179
SO-00167,Derma Decode Private Limited,3457,PR0004095,DERMADECODE GENTLE HYDRATING CLEANSER 100ml,Confirmed,RM,3411,1000612,WATER,52.2,DPO-005,1087,Released,unlinked,179
SO-00167,Derma Decode Private Limited,3457,PR0004095,DERMADECODE GENTLE HYDRATING CLEANSER 100ml,Confirmed,RM,3108,1000194,Betaine,2,EI/PO/26-27/685,944,Released,unlinked,25
SO-00203,AARADHANA PHARMA,3483,PR0004675,RVR ULTRA TOUCH SUN SHIELD MATTE FINISH SUNSCREEN SPF 50PA+++ 50ML,Confirmed,RM,3411,1000612,WATER,18.1,DPO-005,1087,Released,unlinked,179
SO-00603,HEALTH Q LIFESCIENCES PRIVATE LIMITED,3272,PR0007215,SKINQ RX HYDRATE CLEANSE_KC 10ML,Production Released,RM,3756,1001381,DECYL GLUCOSIDE 50% (APG 2000),1.2,EI/PO/26-27/911,1049,Released,unlinked,200
SO-00603,HEALTH Q LIFESCIENCES PRIVATE LIMITED,3272,PR0007215,SKINQ RX HYDRATE CLEANSE_KC 10ML,Production Released,RM,3355,1000511,Niacinamide,0.6,EI/PO/26-27/926,1059,Released,unlinked,200
SO-00603,HEALTH Q LIFESCIENCES PRIVATE LIMITED,3272,PR0007215,SKINQ RX HYDRATE CLEANSE_KC 10ML,Production Released,RM,3659,2000010,BACK PACK 19,0.03,EI/PO/26-27/789,985,Released,unlinked,1
SO-00603,HEALTH Q LIFESCIENCES PRIVATE LIMITED,3272,PR0007215,SKINQ RX HYDRATE CLEANSE_KC 10ML,Production Released,RM,3411,1000612,WATER,46.35,DPO-005,1087,Released,unlinked,179
SO-00603,HEALTH Q LIFESCIENCES PRIVATE LIMITED,3272,PR0007215,SKINQ RX HYDRATE CLEANSE_KC 10ML,Production Released,RM,3897,1001183,GALAXY CAPB,1.2,EI/PO/26-27/951,1077,Released,unlinked,200
SO-00191,VRUSHALI RANE KHAN,3478,PR0004683,GENTLE D CLEANSER 100ML,Confirmed,RM,3411,1000612,WATER,5.993,DPO-005,1087,Released,unlinked,179
SO-00190,NAMAHA HEALTH SOLUTIONS,3477,PR0006018,MOD ESTHETE  HYALUME SERUM 30ML,Confirmed,RM,3411,1000612,WATER,2.5434,DPO-005,1087,Released,unlinked,179
SO-00190,NAMAHA HEALTH SOLUTIONS,3477,PR0006018,MOD ESTHETE  HYALUME SERUM 30ML,Confirmed,RM,3108,1000194,Betaine,0.06,EI/PO/26-27/685,944,Released,unlinked,25
SO-00602,HEALTH Q LIFESCIENCES PRIVATE LIMITED,3286,PR0007066,SKINQ RX SUN PROTECTION_KC 5ML,Production Released,RM,3411,1000612,WATER,25.797,DPO-005,1087,Released,unlinked,179
SO-00602,HEALTH Q LIFESCIENCES PRIVATE LIMITED,3286,PR0007066,SKINQ RX SUN PROTECTION_KC 5ML,Production Released,RM,3811,1000800,ASCOVIT TM C (3-O-ETHYL ASCORBIC ACID),0.15,EI/PO/26-27/894,1035,Released,unlinked,20
SO-00602,HEALTH Q LIFESCIENCES PRIVATE LIMITED,3286,PR0007066,SKINQ RX SUN PROTECTION_KC 5ML,Production Released,RM,3659,2000010,BACK PACK 19,0.03,EI/PO/26-27/789,985,Released,unlinked,1
SO-00601,HEALTH Q LIFESCIENCES PRIVATE LIMITED,3293,PR0007210,SKINQ DETAN POST FACIAL_KC CARE 5ML(IND),Production Released,RM,3411,1000612,WATER,22.074,DPO-005,1087,Released,unlinked,179
SO-00601,HEALTH Q LIFESCIENCES PRIVATE LIMITED,3293,PR0007210,SKINQ DETAN POST FACIAL_KC CARE 5ML(IND),Production Released,RM,3542,1001284,CCTG,0.3,DPO-003,1085,Released,linked:PR,3
SO-00601,HEALTH Q LIFESCIENCES PRIVATE LIMITED,3293,PR0007210,SKINQ DETAN POST FACIAL_KC CARE 5ML(IND),Production Released,RM,3277,1000412,Butyrospermum Parkii Butter,0.03,EI/PO/26-27/881,1026,Released,unlinked,80
SO-00601,HEALTH Q LIFESCIENCES PRIVATE LIMITED,3293,PR0007210,SKINQ DETAN POST FACIAL_KC CARE 5ML(IND),Production Released,RM,3355,1000511,Niacinamide,0.03,EI/PO/26-27/926,1059,Released,unlinked,200
SO-00188,SKINNEEDS,3476,PR0005339,SKINNEEDS STEPPIX FOOT CREAM 100-ML,Confirmed,RM,3411,1000612,WATER,5.893,DPO-005,1087,Released,unlinked,179
SO-00188,SKINNEEDS,3476,PR0005339,SKINNEEDS STEPPIX FOOT CREAM 100-ML,Confirmed,RM,2998,1000040,ARLACEL 2121,0.1,EI/PO/26-27/901,1041,Released,unlinked,50
SO-00188,SKINNEEDS,3476,PR0005339,SKINNEEDS STEPPIX FOOT CREAM 100-ML,Confirmed,RM,3285,1000422,SODIUM GLUCONATE,0.02,EI/PO/26-27/881,1026,Released,unlinked,25
SO-00150,HEALIOS WOUND SOLUTIONS LLP,3446,PR0005691,SERISKIN BRIGHTENING FACE SERUM 30ML,Confirmed,RM,3411,1000612,WATER,2.3334,DPO-005,1087,Released,unlinked,179
SO-00150,HEALIOS WOUND SOLUTIONS LLP,3446,PR0005691,SERISKIN BRIGHTENING FACE SERUM 30ML,Confirmed,RM,3355,1000511,Niacinamide,0.12,EI/PO/26-27/926,1059,Released,unlinked,200
SO-00201,HEALIOS WOUND SOLUTIONS LLP,3481,PR0005692,SERISKIN UNDER EYE SERUM- 15 ML,Confirmed,RM,3411,1000612,WATER,1.340595,DPO-005,1087,Released,unlinked,179
SO-00159,MYSKINN,3449,PR0006111,MYSKINN LUMINOUS CLEANSER 175ML,Confirmed,RM,3411,1000612,WATER,266.7,DPO-005,1087,Released,unlinked,179
SO-00546,ESTHETIC INSIGHTS PRIVATE LIMITED,3390,PRINB0004,INHOUSE 5M HYASKIN BLEND BULK,Confirmed,RM,3496,1001210,SODIUM HYALURONATE (CHEMICORE),0,EI/PO/26-27/787,984,Released,unlinked,10
SO-00649,ESTHETIC INSIGHTS PRIVATE LIMITED,3382,PRINB0004,INHOUSE 5M HYASKIN BLEND BULK,Confirmed,RM,3496,1001210,SODIUM HYALURONATE (CHEMICORE),0,EI/PO/26-27/787,984,Released,unlinked,10
SO-00544,ESTHETIC INSIGHTS PRIVATE LIMITED,3391,PRINB0003,INHOUSE LACTIL BLEND BULK,Confirmed,RM,3355,1000511,Niacinamide,0,EI/PO/26-27/926,1059,Released,unlinked,200
SO-00478,ESTHETIC INSIGHTS PRIVATE LIMITED,3397,PRINB0003,INHOUSE LACTIL BLEND BULK,Confirmed,RM,3355,1000511,Niacinamide,0,EI/PO/26-27/926,1059,Released,unlinked,200
SO-00530,ESTHETIC INSIGHTS PRIVATE LIMITED,3392,PRINB0003,INHOUSE LACTIL BLEND BULK,Confirmed,RM,3355,1000511,Niacinamide,0,EI/PO/26-27/926,1059,Released,unlinked,200
SO-00601,HEALTH Q LIFESCIENCES PRIVATE LIMITED,3288,PR0007189,SKINQ DETAN CLEANSE _KC 10ML(IND),Confirmed,RM,3411,1000612,WATER,46.344,DPO-005,1087,Released,unlinked,179
SO-00601,HEALTH Q LIFESCIENCES PRIVATE LIMITED,3288,PR0007189,SKINQ DETAN CLEANSE _KC 10ML(IND),Confirmed,RM,3355,1000511,Niacinamide,0.6,EI/PO/26-27/926,1059,Released,unlinked,200
SO-00602,HEALTH Q LIFESCIENCES PRIVATE LIMITED,3281,PR0007061,SKINQ RX DETAN EXFOLIATE_KC 10ML,Confirmed,RM,3411,1000612,WATER,49.068,DPO-005,1087,Released,unlinked,179
SO-00602,HEALTH Q LIFESCIENCES PRIVATE LIMITED,3282,PR0007062,SKINQ RX DETAN MOISTURIZE_KC 10ML,Confirmed,RM,3411,1000612,WATER,43.584,DPO-005,1087,Released,unlinked,179
SO-00602,HEALTH Q LIFESCIENCES PRIVATE LIMITED,3283,PR0007063,SKINQ RX DETAN PRE-MASK SERUM_KC 10ML,Confirmed,RM,3411,1000612,WATER,46.2,DPO-005,1087,Released,unlinked,179
SO-00602,HEALTH Q LIFESCIENCES PRIVATE LIMITED,3283,PR0007063,SKINQ RX DETAN PRE-MASK SERUM_KC 10ML,Confirmed,RM,3355,1000511,Niacinamide,0.6,EI/PO/26-27/926,1059,Released,unlinked,200
SO-00187,SKINNEEDS,3475,PR0002884,SKINNEEDS ELOVAR ALOE VERA GEL 100 GM,Confirmed,RM,3411,1000612,WATER,8.85,DPO-005,1087,Released,unlinked,179
SO-00182,ARCHEESH LABORATORIES,3470,PR0004629,SKINVEST BOMB BUM CREAM 100ML,Confirmed,RM,3411,1000612,WATER,160.125,DPO-005,1087,Released,unlinked,179
SO-00168,Derma Decode Private Limited,3458,PR0002841,DERMADECODE AFTER SHAVE SERUM 30ML,Confirmed,RM,3411,1000612,WATER,23.55,DPO-005,1087,Released,unlinked,179
SO-00168,Derma Decode Private Limited,3458,PR0002841,DERMADECODE AFTER SHAVE SERUM 30ML,Confirmed,RM,3108,1000194,Betaine,0.9,EI/PO/26-27/685,944,Released,unlinked,25
SO-00168,Derma Decode Private Limited,3458,PR0002841,DERMADECODE AFTER SHAVE SERUM 30ML,Confirmed,RM,3355,1000511,Niacinamide,0.6,EI/PO/26-27/926,1059,Released,unlinked,200
SO-00168,Derma Decode Private Limited,3458,PR0002841,DERMADECODE AFTER SHAVE SERUM 30ML,Confirmed,RM,3257,1000392,Salicylic Acid,0.3,EI/PO/26-27/881,1026,Released,unlinked,50
SO-00168,Derma Decode Private Limited,3458,PR0002841,DERMADECODE AFTER SHAVE SERUM 30ML,Confirmed,RM,3285,1000422,SODIUM GLUCONATE,0.06,EI/PO/26-27/881,1026,Released,unlinked,25
SO-00602,HEALTH Q LIFESCIENCES PRIVATE LIMITED,3280,PR0007060,SKINQ RX DETAN CLEANSE_KC 10ML,Production Released,RM,3411,1000612,WATER,46.35,DPO-005,1087,Released,unlinked,179
SO-00602,HEALTH Q LIFESCIENCES PRIVATE LIMITED,3280,PR0007060,SKINQ RX DETAN CLEANSE_KC 10ML,Production Released,RM,3756,1001381,DECYL GLUCOSIDE 50% (APG 2000),1.2,EI/PO/26-27/911,1049,Released,unlinked,200
SO-00602,HEALTH Q LIFESCIENCES PRIVATE LIMITED,3280,PR0007060,SKINQ RX DETAN CLEANSE_KC 10ML,Production Released,RM,3355,1000511,Niacinamide,0.6,EI/PO/26-27/926,1059,Released,unlinked,200
SO-00602,HEALTH Q LIFESCIENCES PRIVATE LIMITED,3280,PR0007060,SKINQ RX DETAN CLEANSE_KC 10ML,Production Released,RM,3659,2000010,BACK PACK 19,0.03,EI/PO/26-27/789,985,Released,unlinked,1
SO-00602,HEALTH Q LIFESCIENCES PRIVATE LIMITED,3280,PR0007060,SKINQ RX DETAN CLEANSE_KC 10ML,Production Released,RM,3897,1001183,GALAXY CAPB,1.2,EI/PO/26-27/951,1077,Released,unlinked,200
SO-00144,OLIVA SKIN AND HAIR CLINIC,3441,PR0003923,OLIVA SUNSCREEN LOTION SPF 50+ PA++++ FOR NORMAL SKIN 50 ML,Production Released,RM,3411,1000612,WATER,116.226,DPO-005,1087,Released,unlinked,179
SO-00144,OLIVA SKIN AND HAIR CLINIC,3441,PR0003923,OLIVA SUNSCREEN LOTION SPF 50+ PA++++ FOR NORMAL SKIN 50 ML,Production Released,RM,3327,1000473,VEGAROL 1698,5.25,EI/PO/26-27/881,1026,Released,unlinked,100
SO-00144,OLIVA SKIN AND HAIR CLINIC,3441,PR0003923,OLIVA SUNSCREEN LOTION SPF 50+ PA++++ FOR NORMAL SKIN 50 ML,Production Released,RM,2998,1000040,ARLACEL 2121,4.5,EI/PO/26-27/901,1041,Released,unlinked,50
SO-00144,OLIVA SKIN AND HAIR CLINIC,3441,PR0003923,OLIVA SUNSCREEN LOTION SPF 50+ PA++++ FOR NORMAL SKIN 50 ML,Production Released,RM,3542,1001284,CCTG,0.75,DPO-003,1085,Released,linked:PR,3
SO-00169,Derma Decode Private Limited,3459,PR0005367,DERMADECODE ADVANCED AGE-DEFYING RETINOL SERUM FOR FACE -30ML,Confirmed,RM,3411,1000612,WATER,26.19,DPO-005,1087,Released,unlinked,179
SO-00169,Derma Decode Private Limited,3459,PR0005367,DERMADECODE ADVANCED AGE-DEFYING RETINOL SERUM FOR FACE -30ML,Confirmed,RM,3108,1000194,Betaine,0.6,EI/PO/26-27/685,944,Released,unlinked,25
SO-00202,Derma Decode Private Limited,3482,PR0005138,DERMADECODE SPF 50 PA++++ SILICONE GEL SUNSCREEN 30 ML,Confirmed,RM,3411,1000612,WATER,0,DPO-005,1087,Released,unlinked,179
SO-00175,PUNARNAWAH LASER & AESTHETIC CENTRE,3463,PR0006421,PUNARNAWAH SOLKREME SUNSCREEN SPF 50 PA++++ 50 ML.,Confirmed,RM,3411,1000612,WATER,3.5325,DPO-005,1087,Released,unlinked,179
SO-00185,NEW DERMAPLUS MEDICAL STORE,3473,PR0006448,PRIMARIO ACNESTIL SERUM 30 ML,Confirmed,RM,3411,1000612,WATER,4.512,DPO-005,1087,Released,unlinked,179
SO-00185,NEW DERMAPLUS MEDICAL STORE,3473,PR0006448,PRIMARIO ACNESTIL SERUM 30 ML,Confirmed,RM,3355,1000511,Niacinamide,0.3,EI/PO/26-27/926,1059,Released,unlinked,200
SO-00185,NEW DERMAPLUS MEDICAL STORE,3473,PR0006448,PRIMARIO ACNESTIL SERUM 30 ML,Confirmed,RM,3257,1000392,Salicylic Acid,0.12,EI/PO/26-27/881,1026,Released,unlinked,50
SO-00185,NEW DERMAPLUS MEDICAL STORE,3473,PR0006448,PRIMARIO ACNESTIL SERUM 30 ML,Confirmed,RM,3285,1000422,SODIUM GLUCONATE,0.012,EI/PO/26-27/881,1026,Released,unlinked,25
SO-00184,NIRVANA,3472,PR0006352,NIRVANA 10% NIACINAMIDE GLOW SERUM 30 ML,Confirmed,RM,3411,1000612,WATER,2.469,DPO-005,1087,Released,unlinked,179
SO-00184,NIRVANA,3472,PR0006352,NIRVANA 10% NIACINAMIDE GLOW SERUM 30 ML,Confirmed,RM,3355,1000511,Niacinamide,0.3,EI/PO/26-27/926,1059,Released,unlinked,200
SO-00184,NIRVANA,3472,PR0006352,NIRVANA 10% NIACINAMIDE GLOW SERUM 30 ML,Confirmed,RM,3108,1000194,Betaine,0.09,EI/PO/26-27/685,944,Released,unlinked,25
SO-00604,NAMAHA HEALTH SOLUTIONS,3387,PR0006005,MOD ESTHETE - ME SHINE ADVANCE SUNSCREEN SPF 50 PA+++ 30ML,Confirmed,RM,3411,1000612,WATER,0,DPO-005,1087,Released,unlinked,179
SO-00186,NEW DERMAPLUS MEDICAL STORE,3474,PR0006775,PRIMARIO- MEDGLO FOAMING FACEWASH 100ML,Confirmed,RM,3411,1000612,WATER,7.28,DPO-005,1087,Released,unlinked,179
SO-00186,NEW DERMAPLUS MEDICAL STORE,3474,PR0006775,PRIMARIO- MEDGLO FOAMING FACEWASH 100ML,Confirmed,RM,3355,1000511,Niacinamide,0.5,EI/PO/26-27/926,1059,Released,unlinked,200
SO-00186,NEW DERMAPLUS MEDICAL STORE,3474,PR0006775,PRIMARIO- MEDGLO FOAMING FACEWASH 100ML,Confirmed,RM,3257,1000392,Salicylic Acid,0.1,EI/PO/26-27/881,1026,Released,unlinked,50
SO-00174,PUNARNAWAH LASER & AESTHETIC CENTRE,3462,PR0006700,PUNARNAWAH PORE REFINER 50 ML,Confirmed,RM,3411,1000612,WATER,4.0005,DPO-005,1087,Released,unlinked,179
SO-00174,PUNARNAWAH LASER & AESTHETIC CENTRE,3462,PR0006700,PUNARNAWAH PORE REFINER 50 ML,Confirmed,RM,3355,1000511,Niacinamide,0.1,EI/PO/26-27/926,1059,Released,unlinked,200
SO-00174,PUNARNAWAH LASER & AESTHETIC CENTRE,3462,PR0006700,PUNARNAWAH PORE REFINER 50 ML,Confirmed,RM,3257,1000392,Salicylic Acid,0.1,EI/PO/26-27/881,1026,Released,unlinked,50
SO-00174,PUNARNAWAH LASER & AESTHETIC CENTRE,3462,PR0006700,PUNARNAWAH PORE REFINER 50 ML,Confirmed,RM,3108,1000194,Betaine,0.1,EI/PO/26-27/685,944,Released,unlinked,25
SO-00206,INCNUT LIFESTYLE RETAIL PRIVATE LIMITED,3524,SK2202AFCD,SKINKRAFT ACNE SHIELD FACIAL CLEANSER FOR DRY SKIN 60 ML,Confirmed,RM,3411,1000612,WATER,0.7821,DPO-005,1087,Released,unlinked,179
SO-00204,INCNUT LIFESTYLE RETAIL PRIVATE LIMITED,3490,SK2202AFCD,SKINKRAFT ACNE SHIELD FACIAL CLEANSER FOR DRY SKIN 60 ML,Confirmed,RM,3411,1000612,WATER,71.1,DPO-005,1087,Released,unlinked,179
SO-00586,HEALTH Q LIFESCIENCES PRIVATE LIMITED,3296,PR0007101,SKINQ RX DERMA BRIGHT AHA SERUM 7.5ML,Production Released,RM,3749,1001427,GLYCERINE IP - GODREJ,6.75,EI/PO/26-27/893,1034,Released,unlinked,500
SO-00586,HEALTH Q LIFESCIENCES PRIVATE LIMITED,3296,PR0007101,SKINQ RX DERMA BRIGHT AHA SERUM 7.5ML,Production Released,RM,3749,1001427,GLYCERINE IP - GODREJ,6.75,EI/PO/26-27/925,1058,Released,unlinked,500
SO-00586,HEALTH Q LIFESCIENCES PRIVATE LIMITED,3296,PR0007101,SKINQ RX DERMA BRIGHT AHA SERUM 7.5ML,Production Released,RM,3496,1001210,SODIUM HYALURONATE (CHEMICORE),0.3420225,EI/PO/26-27/787,984,Released,unlinked,10
SO-00586,HEALTH Q LIFESCIENCES PRIVATE LIMITED,3296,PR0007101,SKINQ RX DERMA BRIGHT AHA SERUM 7.5ML,Production Released,RM,3411,1000612,AQUA,50.7419775,DPO-005,1087,Released,unlinked,179
SO-00587,HEALTH Q LIFESCIENCES PRIVATE LIMITED,3297,PR0007100,SKINQ RX ACNI DERM RETINOL ACTIVE SERUM 7.5ML,Production Released,RM,3355,1000511,Niacinamide,0.1713,EI/PO/26-27/926,1059,Released,unlinked,200
SO-00587,HEALTH Q LIFESCIENCES PRIVATE LIMITED,3297,PR0007100,SKINQ RX ACNI DERM RETINOL ACTIVE SERUM 7.5ML,Production Released,RM,3257,1000392,Salicylic Acid,0.08565,EI/PO/26-27/881,1026,Released,unlinked,50
SO-00587,HEALTH Q LIFESCIENCES PRIVATE LIMITED,3297,PR0007100,SKINQ RX ACNI DERM RETINOL ACTIVE SERUM 7.5ML,Production Released,RM,3411,1000612,WATER,6.13254,DPO-005,1087,Released,unlinked,179
SO-00069,Dr. Deepthi Atmakuri,3400,PR0006437,TYPE 4 ANTI DANDRUFF SHAMPOO 200 ML,Production Released,RM,2984,1000019,ALPHA CAPB,12,EI/PO/26-27/890,1031,Released,unlinked,500
SO-00069,Dr. Deepthi Atmakuri,3400,PR0006437,TYPE 4 ANTI DANDRUFF SHAMPOO 200 ML,Production Released,RM,3373,1000536,INNOCARE ST100,2.8,EI/PO/26-27/930,1062,Released,unlinked,200
SO-00069,Dr. Deepthi Atmakuri,3400,PR0006437,TYPE 4 ANTI DANDRUFF SHAMPOO 200 ML,Production Released,RM,3749,1001427,GLYCERINE IP - GODREJ,1.6,EI/PO/26-27/893,1034,Released,unlinked,500
SO-00069,Dr. Deepthi Atmakuri,3400,PR0006437,TYPE 4 ANTI DANDRUFF SHAMPOO 200 ML,Production Released,RM,3749,1001427,GLYCERINE IP - GODREJ,1.6,EI/PO/26-27/925,1058,Released,unlinked,500
SO-00069,Dr. Deepthi Atmakuri,3400,PR0006437,TYPE 4 ANTI DANDRUFF SHAMPOO 200 ML,Production Released,RM,3438,1001082,GALSOFT SCT 40,1.2,EI/PO/26-27/785,982,Released,unlinked,200
SO-00069,Dr. Deepthi Atmakuri,3400,PR0006437,TYPE 4 ANTI DANDRUFF SHAMPOO 200 ML,Production Released,RM,3257,1000392,Salicylic Acid,0.8,EI/PO/26-27/881,1026,Released,unlinked,50
SO-00069,Dr. Deepthi Atmakuri,3400,PR0006437,TYPE 4 ANTI DANDRUFF SHAMPOO 200 ML,Production Released,RM,3277,1000412,Butyrospermum Parkii Butter,0.2,EI/PO/26-27/881,1026,Released,unlinked,80
SO-00069,Dr. Deepthi Atmakuri,3400,PR0006437,TYPE 4 ANTI DANDRUFF SHAMPOO 200 ML,Production Released,RM,3542,1001284,CCTG,0.12,DPO-003,1085,Released,linked:PR,3
SO-00069,Dr. Deepthi Atmakuri,3400,PR0006437,TYPE 4 ANTI DANDRUFF SHAMPOO 200 ML,Production Released,RM,3411,1000612,WATER,8.964,DPO-005,1087,Released,unlinked,179
SO-00206,INCNUT LIFESTYLE RETAIL PRIVATE LIMITED,3525,SK2202AFCN,SKINKRAFT ACNE SHIELD FACIAL CLEANSER FOR NORMAL SKIN 60 ML,Production Released,RM,3749,1001427,GLYCERINE IP - GODREJ,0.351,EI/PO/26-27/893,1034,Released,unlinked,500
SO-00206,INCNUT LIFESTYLE RETAIL PRIVATE LIMITED,3525,SK2202AFCN,SKINKRAFT ACNE SHIELD FACIAL CLEANSER FOR NORMAL SKIN 60 ML,Production Released,RM,3749,1001427,GLYCERINE IP - GODREJ,0.351,EI/PO/26-27/925,1058,Released,unlinked,500
SO-00206,INCNUT LIFESTYLE RETAIL PRIVATE LIMITED,3525,SK2202AFCN,SKINKRAFT ACNE SHIELD FACIAL CLEANSER FOR NORMAL SKIN 60 ML,Production Released,RM,3438,1001082,GALSOFT SCT 40,0.351,EI/PO/26-27/785,982,Released,unlinked,200
SO-00206,INCNUT LIFESTYLE RETAIL PRIVATE LIMITED,3525,SK2202AFCN,SKINKRAFT ACNE SHIELD FACIAL CLEANSER FOR NORMAL SKIN 60 ML,Production Released,RM,3795,1001355,COSCARE - PDO,0.234,EI/PO/26-27/786,983,Released,unlinked,200
SO-00206,INCNUT LIFESTYLE RETAIL PRIVATE LIMITED,3525,SK2202AFCN,SKINKRAFT ACNE SHIELD FACIAL CLEANSER FOR NORMAL SKIN 60 ML,Production Released,RM,3092,1000173,Acrylates Copolymer,0.1638,EI/PO/26-27/889,1030,Released,unlinked,200
SO-00206,INCNUT LIFESTYLE RETAIL PRIVATE LIMITED,3525,SK2202AFCN,SKINKRAFT ACNE SHIELD FACIAL CLEANSER FOR NORMAL SKIN 60 ML,Production Released,RM,3092,1000173,Acrylates Copolymer,0.1638,EI/PO/26-27/923,1056,Released,unlinked,400
SO-00206,INCNUT LIFESTYLE RETAIL PRIVATE LIMITED,3525,SK2202AFCN,SKINKRAFT ACNE SHIELD FACIAL CLEANSER FOR NORMAL SKIN 60 ML,Production Released,RM,3793,1001341,FLOCARE C 122 PF,0.0117,EI/PO/26-27/892,1033,Released,unlinked,60
SO-00206,INCNUT LIFESTYLE RETAIL PRIVATE LIMITED,3525,SK2202AFCN,SKINKRAFT ACNE SHIELD FACIAL CLEANSER FOR NORMAL SKIN 60 ML,Production Released,RM,3411,1000612,WATER,0.7371,DPO-005,1087,Released,unlinked,179
SO-00206,INCNUT LIFESTYLE RETAIL PRIVATE LIMITED,3525,SK2202AFCN,SKINKRAFT ACNE SHIELD FACIAL CLEANSER FOR NORMAL SKIN 60 ML,Production Released,RM,3503,1001220,GALSOFT ECOCARE 175,0.0468,EI/PO/26-27/951,1077,Released,unlinked,50
SO-00204,INCNUT LIFESTYLE RETAIL PRIVATE LIMITED,3492,SK2202AFCN,SKINKRAFT ACNE SHIELD FACIAL CLEANSER FOR NORMAL SKIN 60 ML,Production Released,RM,3749,1001427,GLYCERINE IP - GODREJ,27,EI/PO/26-27/893,1034,Released,unlinked,500
SO-00204,INCNUT LIFESTYLE RETAIL PRIVATE LIMITED,3492,SK2202AFCN,SKINKRAFT ACNE SHIELD FACIAL CLEANSER FOR NORMAL SKIN 60 ML,Production Released,RM,3749,1001427,GLYCERINE IP - GODREJ,27,EI/PO/26-27/925,1058,Released,unlinked,500
SO-00204,INCNUT LIFESTYLE RETAIL PRIVATE LIMITED,3492,SK2202AFCN,SKINKRAFT ACNE SHIELD FACIAL CLEANSER FOR NORMAL SKIN 60 ML,Production Released,RM,3438,1001082,GALSOFT SCT 40,27,EI/PO/26-27/785,982,Released,unlinked,200
SO-00204,INCNUT LIFESTYLE RETAIL PRIVATE LIMITED,3492,SK2202AFCN,SKINKRAFT ACNE SHIELD FACIAL CLEANSER FOR NORMAL SKIN 60 ML,Production Released,RM,3795,1001355,COSCARE - PDO,18,EI/PO/26-27/786,983,Released,unlinked,200
SO-00204,INCNUT LIFESTYLE RETAIL PRIVATE LIMITED,3492,SK2202AFCN,SKINKRAFT ACNE SHIELD FACIAL CLEANSER FOR NORMAL SKIN 60 ML,Production Released,RM,3092,1000173,Acrylates Copolymer,12.6,EI/PO/26-27/889,1030,Released,unlinked,200
SO-00204,INCNUT LIFESTYLE RETAIL PRIVATE LIMITED,3492,SK2202AFCN,SKINKRAFT ACNE SHIELD FACIAL CLEANSER FOR NORMAL SKIN 60 ML,Production Released,RM,3092,1000173,Acrylates Copolymer,12.6,EI/PO/26-27/923,1056,Released,unlinked,400
SO-00204,INCNUT LIFESTYLE RETAIL PRIVATE LIMITED,3492,SK2202AFCN,SKINKRAFT ACNE SHIELD FACIAL CLEANSER FOR NORMAL SKIN 60 ML,Production Released,RM,3793,1001341,FLOCARE C 122 PF,0.9,EI/PO/26-27/892,1033,Released,unlinked,60
SO-00204,INCNUT LIFESTYLE RETAIL PRIVATE LIMITED,3492,SK2202AFCN,SKINKRAFT ACNE SHIELD FACIAL CLEANSER FOR NORMAL SKIN 60 ML,Production Released,RM,3411,1000612,WATER,56.7,DPO-005,1087,Released,unlinked,179
SO-00204,INCNUT LIFESTYLE RETAIL PRIVATE LIMITED,3492,SK2202AFCN,SKINKRAFT ACNE SHIELD FACIAL CLEANSER FOR NORMAL SKIN 60 ML,Production Released,RM,3503,1001220,GALSOFT ECOCARE 175,3.6,EI/PO/26-27/951,1077,Released,unlinked,50
SO-00206,INCNUT LIFESTYLE RETAIL PRIVATE LIMITED,3529,SK2109AAFS,SKINKRAFT AGE AMEND FACIAL SERUM FOR MODERATE SIGNS OF AGEING 30 ML,Production Released,RM,3434,1000806,Propylene Glycol,14.445,EI/PO/26-27/895,1036,Released,unlinked,430
SO-00206,INCNUT LIFESTYLE RETAIL PRIVATE LIMITED,3529,SK2109AAFS,SKINKRAFT AGE AMEND FACIAL SERUM FOR MODERATE SIGNS OF AGEING 30 ML,Production Released,RM,3525,1001250,NATSOFT DMI,7.2225,EI/PO/26-27/860,1015,Released,unlinked,35
SO-00206,INCNUT LIFESTYLE RETAIL PRIVATE LIMITED,3529,SK2109AAFS,SKINKRAFT AGE AMEND FACIAL SERUM FOR MODERATE SIGNS OF AGEING 30 ML,Production Released,RM,3749,1001427,GLYCERINE IP - GODREJ,4.3335,EI/PO/26-27/893,1034,Released,unlinked,500
SO-00206,INCNUT LIFESTYLE RETAIL PRIVATE LIMITED,3529,SK2109AAFS,SKINKRAFT AGE AMEND FACIAL SERUM FOR MODERATE SIGNS OF AGEING 30 ML,Production Released,RM,3749,1001427,GLYCERINE IP - GODREJ,4.3335,EI/PO/26-27/925,1058,Released,unlinked,500
SO-00206,INCNUT LIFESTYLE RETAIL PRIVATE LIMITED,3529,SK2109AAFS,SKINKRAFT AGE AMEND FACIAL SERUM FOR MODERATE SIGNS OF AGEING 30 ML,Production Released,RM,3355,1000511,Niacinamide,2.889,EI/PO/26-27/926,1059,Released,unlinked,200
SO-00206,INCNUT LIFESTYLE RETAIL PRIVATE LIMITED,3529,SK2109AAFS,SKINKRAFT AGE AMEND FACIAL SERUM FOR MODERATE SIGNS OF AGEING 30 ML,Production Released,RM,3486,1001182,FM-proVB5,0.72225,EI/PO/26-27/897,1038,Released,unlinked,40
SO-00206,INCNUT LIFESTYLE RETAIL PRIVATE LIMITED,3529,SK2109AAFS,SKINKRAFT AGE AMEND FACIAL SERUM FOR MODERATE SIGNS OF AGEING 30 ML,Production Released,RM,3639,1001456,SPECKARE RRT,0.14445,EI/PO/26-27/910,1048,Released,unlinked,1
SO-00206,INCNUT LIFESTYLE RETAIL PRIVATE LIMITED,3529,SK2109AAFS,SKINKRAFT AGE AMEND FACIAL SERUM FOR MODERATE SIGNS OF AGEING 30 ML,Production Released,RM,3609,1001399,Melaleuca Alternifolia Leaf Oil,0.072225,EI/PO/26-27/783,980,Released,unlinked,5
SO-00206,INCNUT LIFESTYLE RETAIL PRIVATE LIMITED,3529,SK2109AAFS,SKINKRAFT AGE AMEND FACIAL SERUM FOR MODERATE SIGNS OF AGEING 30 ML,Production Released,RM,3411,1000612,AQUA,110.90871,DPO-005,1087,Released,unlinked,179
SO-00204,INCNUT LIFESTYLE RETAIL PRIVATE LIMITED,3502,SK2109AAFS,SKINKRAFT AGE AMEND FACIAL SERUM FOR MODERATE SIGNS OF AGEING 30 ML,Production Released,RM,3434,1000806,Propylene Glycol,54,EI/PO/26-27/895,1036,Released,unlinked,430
SO-00204,INCNUT LIFESTYLE RETAIL PRIVATE LIMITED,3502,SK2109AAFS,SKINKRAFT AGE AMEND FACIAL SERUM FOR MODERATE SIGNS OF AGEING 30 ML,Production Released,RM,3525,1001250,NATSOFT DMI,27,EI/PO/26-27/860,1015,Released,unlinked,35
SO-00204,INCNUT LIFESTYLE RETAIL PRIVATE LIMITED,3502,SK2109AAFS,SKINKRAFT AGE AMEND FACIAL SERUM FOR MODERATE SIGNS OF AGEING 30 ML,Production Released,RM,3749,1001427,GLYCERINE IP - GODREJ,16.2,EI/PO/26-27/893,1034,Released,unlinked,500
SO-00204,INCNUT LIFESTYLE RETAIL PRIVATE LIMITED,3502,SK2109AAFS,SKINKRAFT AGE AMEND FACIAL SERUM FOR MODERATE SIGNS OF AGEING 30 ML,Production Released,RM,3749,1001427,GLYCERINE IP - GODREJ,16.2,EI/PO/26-27/925,1058,Released,unlinked,500
SO-00204,INCNUT LIFESTYLE RETAIL PRIVATE LIMITED,3502,SK2109AAFS,SKINKRAFT AGE AMEND FACIAL SERUM FOR MODERATE SIGNS OF AGEING 30 ML,Production Released,RM,3355,1000511,Niacinamide,10.8,EI/PO/26-27/926,1059,Released,unlinked,200
SO-00204,INCNUT LIFESTYLE RETAIL PRIVATE LIMITED,3502,SK2109AAFS,SKINKRAFT AGE AMEND FACIAL SERUM FOR MODERATE SIGNS OF AGEING 30 ML,Production Released,RM,3486,1001182,FM-proVB5,2.7,EI/PO/26-27/897,1038,Released,unlinked,40
SO-00204,INCNUT LIFESTYLE RETAIL PRIVATE LIMITED,3502,SK2109AAFS,SKINKRAFT AGE AMEND FACIAL SERUM FOR MODERATE SIGNS OF AGEING 30 ML,Production Released,RM,3639,1001456,SPECKARE RRT,0.54,EI/PO/26-27/910,1048,Released,unlinked,1
SO-00204,INCNUT LIFESTYLE RETAIL PRIVATE LIMITED,3502,SK2109AAFS,SKINKRAFT AGE AMEND FACIAL SERUM FOR MODERATE SIGNS OF AGEING 30 ML,Production Released,RM,3609,1001399,Melaleuca Alternifolia Leaf Oil,0.27,EI/PO/26-27/783,980,Released,unlinked,5
SO-00204,INCNUT LIFESTYLE RETAIL PRIVATE LIMITED,3502,SK2109AAFS,SKINKRAFT AGE AMEND FACIAL SERUM FOR MODERATE SIGNS OF AGEING 30 ML,Production Released,RM,3411,1000612,AQUA,414.612,DPO-005,1087,Released,unlinked,179
SO-00206,INCNUT LIFESTYLE RETAIL PRIVATE LIMITED,3533,SK2110SFCN,SKINKRAFT SYNDET FACIAL CLEANSER FOR SLIGHTLY DRY & SLIGHTLY OILY SKIN 60ML,Production Released,RM,3438,1001082,GALSOFT SCT 40,28.908,EI/PO/26-27/785,982,Released,unlinked,200
SO-00206,INCNUT LIFESTYLE RETAIL PRIVATE LIMITED,3533,SK2110SFCN,SKINKRAFT SYNDET FACIAL CLEANSER FOR SLIGHTLY DRY & SLIGHTLY OILY SKIN 60ML,Production Released,RM,3795,1001355,COSCARE - PDO,19.272,EI/PO/26-27/786,983,Released,unlinked,200
SO-00206,INCNUT LIFESTYLE RETAIL PRIVATE LIMITED,3533,SK2110SFCN,SKINKRAFT SYNDET FACIAL CLEANSER FOR SLIGHTLY DRY & SLIGHTLY OILY SKIN 60ML,Production Released,RM,3092,1000173,EMUL 34 U,14.454,EI/PO/26-27/889,1030,Released,unlinked,200
SO-00206,INCNUT LIFESTYLE RETAIL PRIVATE LIMITED,3533,SK2110SFCN,SKINKRAFT SYNDET FACIAL CLEANSER FOR SLIGHTLY DRY & SLIGHTLY OILY SKIN 60ML,Production Released,RM,3092,1000173,EMUL 34 U,14.454,EI/PO/26-27/923,1056,Released,unlinked,400
SO-00206,INCNUT LIFESTYLE RETAIL PRIVATE LIMITED,3533,SK2110SFCN,SKINKRAFT SYNDET FACIAL CLEANSER FOR SLIGHTLY DRY & SLIGHTLY OILY SKIN 60ML,Production Released,RM,3503,1001220,GALSOFT ECOCARE 175,3.8544,EI/PO/26-27/951,1077,Released,unlinked,50
SO-00206,INCNUT LIFESTYLE RETAIL PRIVATE LIMITED,3533,SK2110SFCN,SKINKRAFT SYNDET FACIAL CLEANSER FOR SLIGHTLY DRY & SLIGHTLY OILY SKIN 60ML,Production Released,RM,3411,1000612,AQUA,60.80316,DPO-005,1087,Released,unlinked,179
SO-00206,INCNUT LIFESTYLE RETAIL PRIVATE LIMITED,3533,SK2110SFCN,SKINKRAFT SYNDET FACIAL CLEANSER FOR SLIGHTLY DRY & SLIGHTLY OILY SKIN 60ML,Production Released,RM,3793,1001341,FLOCARE C 122 PF,0.9636,EI/PO/26-27/892,1033,Released,unlinked,60
SO-00204,INCNUT LIFESTYLE RETAIL PRIVATE LIMITED,3508,SK2110SFCN,SKINKRAFT SYNDET FACIAL CLEANSER FOR SLIGHTLY DRY & SLIGHTLY OILY SKIN 60ML,Production Released,RM,3438,1001082,GALSOFT SCT 40,315,EI/PO/26-27/785,982,Released,unlinked,200
SO-00204,INCNUT LIFESTYLE RETAIL PRIVATE LIMITED,3508,SK2110SFCN,SKINKRAFT SYNDET FACIAL CLEANSER FOR SLIGHTLY DRY & SLIGHTLY OILY SKIN 60ML,Production Released,RM,3795,1001355,COSCARE - PDO,210,EI/PO/26-27/786,983,Released,unlinked,200
SO-00204,INCNUT LIFESTYLE RETAIL PRIVATE LIMITED,3508,SK2110SFCN,SKINKRAFT SYNDET FACIAL CLEANSER FOR SLIGHTLY DRY & SLIGHTLY OILY SKIN 60ML,Production Released,RM,3092,1000173,EMUL 34 U,157.5,EI/PO/26-27/889,1030,Released,unlinked,200
SO-00204,INCNUT LIFESTYLE RETAIL PRIVATE LIMITED,3508,SK2110SFCN,SKINKRAFT SYNDET FACIAL CLEANSER FOR SLIGHTLY DRY & SLIGHTLY OILY SKIN 60ML,Production Released,RM,3092,1000173,EMUL 34 U,157.5,EI/PO/26-27/923,1056,Released,unlinked,400
SO-00204,INCNUT LIFESTYLE RETAIL PRIVATE LIMITED,3508,SK2110SFCN,SKINKRAFT SYNDET FACIAL CLEANSER FOR SLIGHTLY DRY & SLIGHTLY OILY SKIN 60ML,Production Released,RM,3503,1001220,GALSOFT ECOCARE 175,42,EI/PO/26-27/951,1077,Released,unlinked,50
SO-00204,INCNUT LIFESTYLE RETAIL PRIVATE LIMITED,3508,SK2110SFCN,SKINKRAFT SYNDET FACIAL CLEANSER FOR SLIGHTLY DRY & SLIGHTLY OILY SKIN 60ML,Production Released,RM,3411,1000612,AQUA,662.55,DPO-005,1087,Released,unlinked,179
SO-00204,INCNUT LIFESTYLE RETAIL PRIVATE LIMITED,3508,SK2110SFCN,SKINKRAFT SYNDET FACIAL CLEANSER FOR SLIGHTLY DRY & SLIGHTLY OILY SKIN 60ML,Production Released,RM,3793,1001341,FLOCARE C 122 PF,10.5,EI/PO/26-27/892,1033,Released,unlinked,60
SO-00204,INCNUT LIFESTYLE RETAIL PRIVATE LIMITED,3511,SK2109NSFC,SKINKRAFT SEBUM CONTROL FACE CLEANSER FOR OILY SKIN 60ML,Production Released,RM,3438,1001082,GALSOFT SCT 40,207,EI/PO/26-27/785,982,Released,unlinked,200
SO-00204,INCNUT LIFESTYLE RETAIL PRIVATE LIMITED,3511,SK2109NSFC,SKINKRAFT SEBUM CONTROL FACE CLEANSER FOR OILY SKIN 60ML,Production Released,RM,3749,1001427,GLYCERINE IP - GODREJ,138,EI/PO/26-27/893,1034,Released,unlinked,500
SO-00204,INCNUT LIFESTYLE RETAIL PRIVATE LIMITED,3511,SK2109NSFC,SKINKRAFT SEBUM CONTROL FACE CLEANSER FOR OILY SKIN 60ML,Production Released,RM,3749,1001427,GLYCERINE IP - GODREJ,138,EI/PO/26-27/925,1058,Released,unlinked,500
SO-00204,INCNUT LIFESTYLE RETAIL PRIVATE LIMITED,3511,SK2109NSFC,SKINKRAFT SEBUM CONTROL FACE CLEANSER FOR OILY SKIN 60ML,Production Released,RM,3092,1000173,EMUL 34 U,110.4,EI/PO/26-27/889,1030,Released,unlinked,200
SO-00204,INCNUT LIFESTYLE RETAIL PRIVATE LIMITED,3511,SK2109NSFC,SKINKRAFT SEBUM CONTROL FACE CLEANSER FOR OILY SKIN 60ML,Production Released,RM,3092,1000173,EMUL 34 U,110.4,EI/PO/26-27/923,1056,Released,unlinked,400
SO-00204,INCNUT LIFESTYLE RETAIL PRIVATE LIMITED,3511,SK2109NSFC,SKINKRAFT SEBUM CONTROL FACE CLEANSER FOR OILY SKIN 60ML,Production Released,RM,3795,1001355,COSCARE - PDO,69,EI/PO/26-27/786,983,Released,unlinked,200
SO-00204,INCNUT LIFESTYLE RETAIL PRIVATE LIMITED,3511,SK2109NSFC,SKINKRAFT SEBUM CONTROL FACE CLEANSER FOR OILY SKIN 60ML,Production Released,RM,3355,1000511,Niacinamide,55.2,EI/PO/26-27/926,1059,Released,unlinked,200
SO-00204,INCNUT LIFESTYLE RETAIL PRIVATE LIMITED,3511,SK2109NSFC,SKINKRAFT SEBUM CONTROL FACE CLEANSER FOR OILY SKIN 60ML,Production Released,RM,3503,1001220,GALSOFT ECOCARE 175,27.6,EI/PO/26-27/951,1077,Released,unlinked,50
SO-00204,INCNUT LIFESTYLE RETAIL PRIVATE LIMITED,3511,SK2109NSFC,SKINKRAFT SEBUM CONTROL FACE CLEANSER FOR OILY SKIN 60ML,Production Released,RM,3793,1001341,FLOCARE C 122 PF,6.9,EI/PO/26-27/892,1033,Released,unlinked,60
SO-00204,INCNUT LIFESTYLE RETAIL PRIVATE LIMITED,3511,SK2109NSFC,SKINKRAFT SEBUM CONTROL FACE CLEANSER FOR OILY SKIN 60ML,Production Released,RM,3411,1000612,WATER,511.29,DPO-005,1087,Released,unlinked,179
SO-00173,INCNUT LIFESTYLE RETAIL PRIVATE LIMITED,3329,PR0006411,SKINKRAFT MOISTURE BALANCE DANDRUFF CARE SHAMPOO - 120 ML,Production Released,RM,3411,1000612,WATER,39.51156,DPO-005,1087,Released,unlinked,179
SO-00173,INCNUT LIFESTYLE RETAIL PRIVATE LIMITED,3329,PR0006411,SKINKRAFT MOISTURE BALANCE DANDRUFF CARE SHAMPOO - 120 ML,Production Released,RM,3897,1001183,GALAXY CAPB,9.708,EI/PO/26-27/951,1077,Released,unlinked,200
SO-00173,INCNUT LIFESTYLE RETAIL PRIVATE LIMITED,3329,PR0006411,SKINKRAFT MOISTURE BALANCE DANDRUFF CARE SHAMPOO - 120 ML,Production Released,RM,3480,1001162,EMPICOL XCT 14,9.708,EI/PO/26-27/898,1039,Released,unlinked,210
SO-00173,INCNUT LIFESTYLE RETAIL PRIVATE LIMITED,3329,PR0006411,SKINKRAFT MOISTURE BALANCE DANDRUFF CARE SHAMPOO - 120 ML,Production Released,RM,3434,1000806,Propylene Glycol,2.427,EI/PO/26-27/895,1036,Released,unlinked,430
SO-00173,INCNUT LIFESTYLE RETAIL PRIVATE LIMITED,3329,PR0006411,SKINKRAFT MOISTURE BALANCE DANDRUFF CARE SHAMPOO - 120 ML,Production Released,RM,3257,1000392,Salicylic Acid,0.9708,EI/PO/26-27/881,1026,Released,unlinked,50
SO-00173,INCNUT LIFESTYLE RETAIL PRIVATE LIMITED,3329,PR0006411,SKINKRAFT MOISTURE BALANCE DANDRUFF CARE SHAMPOO - 120 ML,Production Released,RM,3355,1000511,Niacinamide,0.09708,EI/PO/26-27/926,1059,Released,unlinked,200
SO-00173,INCNUT LIFESTYLE RETAIL PRIVATE LIMITED,3329,PR0006411,SKINKRAFT MOISTURE BALANCE DANDRUFF CARE SHAMPOO - 120 ML,Production Released,RM,3486,1001182,FM-proVB5,2.427,EI/PO/26-27/897,1038,Released,unlinked,40
SO-00173,INCNUT LIFESTYLE RETAIL PRIVATE LIMITED,3329,PR0006411,SKINKRAFT MOISTURE BALANCE DANDRUFF CARE SHAMPOO - 120 ML,Production Released,RM,3359,1000517,GALAXY SCI 85P,4.854,EI/PO/26-27/949,1075,Released,unlinked,240
SO-00173,INCNUT LIFESTYLE RETAIL PRIVATE LIMITED,3329,PR0006411,SKINKRAFT MOISTURE BALANCE DANDRUFF CARE SHAMPOO - 120 ML,Production Released,RM,3438,1001082,SODIUM COCOYL METHYL TAURATE,1.9416,EI/PO/26-27/785,982,Released,unlinked,200
SO-00007,INCNUT LIFESTYLE RETAIL PRIVATE LIMITED,3372,PR0006411,SKINKRAFT MOISTURE BALANCE DANDRUFF CARE SHAMPOO - 120 ML,Production Released,RM,3411,1000612,WATER,151.404,DPO-005,1087,Released,unlinked,179
SO-00007,INCNUT LIFESTYLE RETAIL PRIVATE LIMITED,3372,PR0006411,SKINKRAFT MOISTURE BALANCE DANDRUFF CARE SHAMPOO - 120 ML,Production Released,RM,3897,1001183,GALAXY CAPB,37.2,EI/PO/26-27/951,1077,Released,unlinked,200
SO-00007,INCNUT LIFESTYLE RETAIL PRIVATE LIMITED,3372,PR0006411,SKINKRAFT MOISTURE BALANCE DANDRUFF CARE SHAMPOO - 120 ML,Production Released,RM,3480,1001162,EMPICOL XCT 14,37.2,EI/PO/26-27/898,1039,Released,unlinked,210
SO-00007,INCNUT LIFESTYLE RETAIL PRIVATE LIMITED,3372,PR0006411,SKINKRAFT MOISTURE BALANCE DANDRUFF CARE SHAMPOO - 120 ML,Production Released,RM,3434,1000806,Propylene Glycol,9.3,EI/PO/26-27/895,1036,Released,unlinked,430
SO-00007,INCNUT LIFESTYLE RETAIL PRIVATE LIMITED,3372,PR0006411,SKINKRAFT MOISTURE BALANCE DANDRUFF CARE SHAMPOO - 120 ML,Production Released,RM,3257,1000392,Salicylic Acid,3.72,EI/PO/26-27/881,1026,Released,unlinked,50
SO-00007,INCNUT LIFESTYLE RETAIL PRIVATE LIMITED,3372,PR0006411,SKINKRAFT MOISTURE BALANCE DANDRUFF CARE SHAMPOO - 120 ML,Production Released,RM,3355,1000511,Niacinamide,0.372,EI/PO/26-27/926,1059,Released,unlinked,200
SO-00007,INCNUT LIFESTYLE RETAIL PRIVATE LIMITED,3372,PR0006411,SKINKRAFT MOISTURE BALANCE DANDRUFF CARE SHAMPOO - 120 ML,Production Released,RM,3486,1001182,FM-proVB5,9.3,EI/PO/26-27/897,1038,Released,unlinked,40
SO-00007,INCNUT LIFESTYLE RETAIL PRIVATE LIMITED,3372,PR0006411,SKINKRAFT MOISTURE BALANCE DANDRUFF CARE SHAMPOO - 120 ML,Production Released,RM,3359,1000517,GALAXY SCI 85P,18.6,EI/PO/26-27/949,1075,Released,unlinked,240
SO-00007,INCNUT LIFESTYLE RETAIL PRIVATE LIMITED,3372,PR0006411,SKINKRAFT MOISTURE BALANCE DANDRUFF CARE SHAMPOO - 120 ML,Production Released,RM,3438,1001082,SODIUM COCOYL METHYL TAURATE,7.44,EI/PO/26-27/785,982,Released,unlinked,200
SO-00206,INCNUT LIFESTYLE RETAIL PRIVATE LIMITED,3537,SK2109NBRS,SKINKRAFT BARRIER REPAIR SERUM FOR OILY & NORMAL SKIN 45ML,Production Released,RM,3355,1000511,Niacinamide,4.05,EI/PO/26-27/926,1059,Released,unlinked,200
SO-00206,INCNUT LIFESTYLE RETAIL PRIVATE LIMITED,3537,SK2109NBRS,SKINKRAFT BARRIER REPAIR SERUM FOR OILY & NORMAL SKIN 45ML,Production Released,RM,3795,1001355,"1, 3 - PROPANEDIOL",4.05,EI/PO/26-27/786,983,Released,unlinked,200
SO-00206,INCNUT LIFESTYLE RETAIL PRIVATE LIMITED,3537,SK2109NBRS,SKINKRAFT BARRIER REPAIR SERUM FOR OILY & NORMAL SKIN 45ML,Production Released,RM,3542,1001284,CCTG,2.7,DPO-003,1085,Released,linked:PR,3
SO-00206,INCNUT LIFESTYLE RETAIL PRIVATE LIMITED,3537,SK2109NBRS,SKINKRAFT BARRIER REPAIR SERUM FOR OILY & NORMAL SKIN 45ML,Production Released,RM,3411,1000612,WATER,118.4625,DPO-005,1087,Released,unlinked,179
SO-00204,INCNUT LIFESTYLE RETAIL PRIVATE LIMITED,3515,SK2109NBRS,SKINKRAFT BARRIER REPAIR SERUM FOR OILY & NORMAL SKIN 45ML,Production Released,RM,3355,1000511,Niacinamide,14.85,EI/PO/26-27/926,1059,Released,unlinked,200
SO-00204,INCNUT LIFESTYLE RETAIL PRIVATE LIMITED,3515,SK2109NBRS,SKINKRAFT BARRIER REPAIR SERUM FOR OILY & NORMAL SKIN 45ML,Production Released,RM,3795,1001355,"1, 3 - PROPANEDIOL",14.85,EI/PO/26-27/786,983,Released,unlinked,200
SO-00204,INCNUT LIFESTYLE RETAIL PRIVATE LIMITED,3515,SK2109NBRS,SKINKRAFT BARRIER REPAIR SERUM FOR OILY & NORMAL SKIN 45ML,Production Released,RM,3542,1001284,CCTG,9.9,DPO-003,1085,Released,linked:PR,3
SO-00204,INCNUT LIFESTYLE RETAIL PRIVATE LIMITED,3515,SK2109NBRS,SKINKRAFT BARRIER REPAIR SERUM FOR OILY & NORMAL SKIN 45ML,Production Released,RM,3411,1000612,WATER,434.3625,DPO-005,1087,Released,unlinked,179
SO-00206,INCNUT LIFESTYLE RETAIL PRIVATE LIMITED,3540,PR0005713,SKINKRAFT AQUA BURST GLOW CREME GEL SUSNCREEN SPF 50PA +++ 50 GM,Production Released,RM,3411,1000612,WATER,4.35968,DPO-005,1087,Released,unlinked,179
SO-00206,INCNUT LIFESTYLE RETAIL PRIVATE LIMITED,3540,PR0005713,SKINKRAFT AQUA BURST GLOW CREME GEL SUSNCREEN SPF 50PA +++ 50 GM,Production Released,RM,3355,1000511,Niacinamide,0.026,EI/PO/26-27/926,1059,Released,unlinked,200
SO-00206,INCNUT LIFESTYLE RETAIL PRIVATE LIMITED,3540,PR0005713,SKINKRAFT AQUA BURST GLOW CREME GEL SUSNCREEN SPF 50PA +++ 50 GM,Production Released,RM,3285,1000422,SODIUM GLUCONATE,0.00312,EI/PO/26-27/881,1026,Released,unlinked,25
SO-00204,INCNUT LIFESTYLE RETAIL PRIVATE LIMITED,3518,PR0005713,SKINKRAFT AQUA BURST GLOW CREME GEL SUSNCREEN SPF 50PA +++ 50 GM,Production Released,RM,3411,1000612,WATER,209.6,DPO-005,1087,Released,unlinked,179
SO-00204,INCNUT LIFESTYLE RETAIL PRIVATE LIMITED,3518,PR0005713,SKINKRAFT AQUA BURST GLOW CREME GEL SUSNCREEN SPF 50PA +++ 50 GM,Production Released,RM,3355,1000511,Niacinamide,1.25,EI/PO/26-27/926,1059,Released,unlinked,200
SO-00204,INCNUT LIFESTYLE RETAIL PRIVATE LIMITED,3518,PR0005713,SKINKRAFT AQUA BURST GLOW CREME GEL SUSNCREEN SPF 50PA +++ 50 GM,Production Released,RM,3285,1000422,SODIUM GLUCONATE,0.15,EI/PO/26-27/881,1026,Released,unlinked,25
SO-00206,INCNUT LIFESTYLE RETAIL PRIVATE LIMITED,3535,SK2109NBRC,SKINKRAFT BARRIER REPAIR CREAM FOR DRY SKIN 45ML,Production Released,RM,3542,1001284,CCTG,2.223,DPO-003,1085,Released,linked:PR,3
SO-00206,INCNUT LIFESTYLE RETAIL PRIVATE LIMITED,3535,SK2109NBRC,SKINKRAFT BARRIER REPAIR CREAM FOR DRY SKIN 45ML,Production Released,RM,3795,1001355,"1, 3 - PROPANEDIOL",1.7784,EI/PO/26-27/786,983,Released,unlinked,200
SO-00206,INCNUT LIFESTYLE RETAIL PRIVATE LIMITED,3535,SK2109NBRC,SKINKRAFT BARRIER REPAIR CREAM FOR DRY SKIN 45ML,Production Released,RM,3327,1000473,VEGAROL 1698,0.6669,EI/PO/26-27/881,1026,Released,unlinked,100
SO-00206,INCNUT LIFESTYLE RETAIL PRIVATE LIMITED,3535,SK2109NBRC,SKINKRAFT BARRIER REPAIR CREAM FOR DRY SKIN 45ML,Production Released,RM,3277,1000412,Butyrospermum Parkii Butter,0.6669,EI/PO/26-27/881,1026,Released,unlinked,80
SO-00206,INCNUT LIFESTYLE RETAIL PRIVATE LIMITED,3535,SK2109NBRC,SKINKRAFT BARRIER REPAIR CREAM FOR DRY SKIN 45ML,Production Released,RM,3355,1000511,Niacinamide,0.4446,EI/PO/26-27/926,1059,Released,unlinked,200
SO-00206,INCNUT LIFESTYLE RETAIL PRIVATE LIMITED,3535,SK2109NBRC,SKINKRAFT BARRIER REPAIR CREAM FOR DRY SKIN 45ML,Production Released,RM,2998,1000040,ARLACEL 2121,0.2223,EI/PO/26-27/901,1041,Released,unlinked,50
SO-00206,INCNUT LIFESTYLE RETAIL PRIVATE LIMITED,3535,SK2109NBRC,SKINKRAFT BARRIER REPAIR CREAM FOR DRY SKIN 45ML,Production Released,RM,3411,1000612,WATER,31.7889,DPO-005,1087,Released,unlinked,179
SO-00204,INCNUT LIFESTYLE RETAIL PRIVATE LIMITED,3513,SK2109NBRC,SKINKRAFT BARRIER REPAIR CREAM FOR DRY SKIN 45ML,Production Released,RM,3542,1001284,CCTG,31.5,DPO-003,1085,Released,linked:PR,3
SO-00204,INCNUT LIFESTYLE RETAIL PRIVATE LIMITED,3513,SK2109NBRC,SKINKRAFT BARRIER REPAIR CREAM FOR DRY SKIN 45ML,Production Released,RM,3795,1001355,"1, 3 - PROPANEDIOL",25.2,EI/PO/26-27/786,983,Released,unlinked,200
SO-00204,INCNUT LIFESTYLE RETAIL PRIVATE LIMITED,3513,SK2109NBRC,SKINKRAFT BARRIER REPAIR CREAM FOR DRY SKIN 45ML,Production Released,RM,3327,1000473,VEGAROL 1698,9.45,EI/PO/26-27/881,1026,Released,unlinked,100
SO-00204,INCNUT LIFESTYLE RETAIL PRIVATE LIMITED,3513,SK2109NBRC,SKINKRAFT BARRIER REPAIR CREAM FOR DRY SKIN 45ML,Production Released,RM,3277,1000412,Butyrospermum Parkii Butter,9.45,EI/PO/26-27/881,1026,Released,unlinked,80
SO-00204,INCNUT LIFESTYLE RETAIL PRIVATE LIMITED,3513,SK2109NBRC,SKINKRAFT BARRIER REPAIR CREAM FOR DRY SKIN 45ML,Production Released,RM,3355,1000511,Niacinamide,6.3,EI/PO/26-27/926,1059,Released,unlinked,200
SO-00204,INCNUT LIFESTYLE RETAIL PRIVATE LIMITED,3513,SK2109NBRC,SKINKRAFT BARRIER REPAIR CREAM FOR DRY SKIN 45ML,Production Released,RM,2998,1000040,ARLACEL 2121,3.15,EI/PO/26-27/901,1041,Released,unlinked,50
SO-00204,INCNUT LIFESTYLE RETAIL PRIVATE LIMITED,3513,SK2109NBRC,SKINKRAFT BARRIER REPAIR CREAM FOR DRY SKIN 45ML,Production Released,RM,3411,1000612,WATER,450.45,DPO-005,1087,Released,unlinked,179
SO-00206,INCNUT LIFESTYLE RETAIL PRIVATE LIMITED,3534,SK2109NMC,SKINKRAFT MOISTURIZING CLEANSER FOR DRY SKIN 60ML,Production Released,RM,3438,1001082,GALSOFT SCT 40,4.383,EI/PO/26-27/785,982,Released,unlinked,200
SO-00206,INCNUT LIFESTYLE RETAIL PRIVATE LIMITED,3534,SK2109NMC,SKINKRAFT MOISTURIZING CLEANSER FOR DRY SKIN 60ML,Production Released,RM,3795,1001355,COSCARE - PDO,2.922,EI/PO/26-27/786,983,Released,unlinked,200
SO-00206,INCNUT LIFESTYLE RETAIL PRIVATE LIMITED,3534,SK2109NMC,SKINKRAFT MOISTURIZING CLEANSER FOR DRY SKIN 60ML,Production Released,RM,3092,1000173,EMUL 34 U,2.3376,EI/PO/26-27/889,1030,Released,unlinked,200
SO-00206,INCNUT LIFESTYLE RETAIL PRIVATE LIMITED,3534,SK2109NMC,SKINKRAFT MOISTURIZING CLEANSER FOR DRY SKIN 60ML,Production Released,RM,3092,1000173,EMUL 34 U,2.3376,EI/PO/26-27/923,1056,Released,unlinked,400
SO-00206,INCNUT LIFESTYLE RETAIL PRIVATE LIMITED,3534,SK2109NMC,SKINKRAFT MOISTURIZING CLEANSER FOR DRY SKIN 60ML,Production Released,RM,3411,1000612,WATER,11.71722,DPO-005,1087,Released,unlinked,179
SO-00204,INCNUT LIFESTYLE RETAIL PRIVATE LIMITED,3510,SK2109NMC,SKINKRAFT MOISTURIZING CLEANSER FOR DRY SKIN 60ML,Production Released,RM,3438,1001082,GALSOFT SCT 40,189,EI/PO/26-27/785,982,Released,unlinked,200
SO-00204,INCNUT LIFESTYLE RETAIL PRIVATE LIMITED,3510,SK2109NMC,SKINKRAFT MOISTURIZING CLEANSER FOR DRY SKIN 60ML,Production Released,RM,3795,1001355,COSCARE - PDO,126,EI/PO/26-27/786,983,Released,unlinked,200
SO-00204,INCNUT LIFESTYLE RETAIL PRIVATE LIMITED,3510,SK2109NMC,SKINKRAFT MOISTURIZING CLEANSER FOR DRY SKIN 60ML,Production Released,RM,3092,1000173,EMUL 34 U,100.8,EI/PO/26-27/889,1030,Released,unlinked,200
SO-00204,INCNUT LIFESTYLE RETAIL PRIVATE LIMITED,3510,SK2109NMC,SKINKRAFT MOISTURIZING CLEANSER FOR DRY SKIN 60ML,Production Released,RM,3092,1000173,EMUL 34 U,100.8,EI/PO/26-27/923,1056,Released,unlinked,400
SO-00204,INCNUT LIFESTYLE RETAIL PRIVATE LIMITED,3510,SK2109NMC,SKINKRAFT MOISTURIZING CLEANSER FOR DRY SKIN 60ML,Production Released,RM,3411,1000612,WATER,505.26,DPO-005,1087,Released,unlinked,179
SO-00204,INCNUT LIFESTYLE RETAIL PRIVATE LIMITED,3486,SK2108GHS,SKINKRAFT ROSEMARY WITH CAFFEINE HAIR SERUM 50 ML,Production Released,RM,3795,1001355,"1, 3 - PROPANEDIOL",5,EI/PO/26-27/786,983,Released,unlinked,200
SO-00204,INCNUT LIFESTYLE RETAIL PRIVATE LIMITED,3486,SK2108GHS,SKINKRAFT ROSEMARY WITH CAFFEINE HAIR SERUM 50 ML,Production Released,RM,3793,1001341,FLOCARE C 122 PF,1.25,EI/PO/26-27/892,1033,Released,unlinked,60
SO-00204,INCNUT LIFESTYLE RETAIL PRIVATE LIMITED,3486,SK2108GHS,SKINKRAFT ROSEMARY WITH CAFFEINE HAIR SERUM 50 ML,Production Released,RM,3411,1000612,WATER,220.125,DPO-005,1087,Released,unlinked,179
SO-00204,INCNUT LIFESTYLE RETAIL PRIVATE LIMITED,3517,SK2109DRFS,SKINKRAFT DAILY GLOW FACIAL SERUM FOR DULL UNEVEN SKIN 30 ML,Production Released,RM,3749,1001427,GLYCERINE IP - GODREJ,9.6,EI/PO/26-27/893,1034,Released,unlinked,500
SO-00204,INCNUT LIFESTYLE RETAIL PRIVATE LIMITED,3517,SK2109DRFS,SKINKRAFT DAILY GLOW FACIAL SERUM FOR DULL UNEVEN SKIN 30 ML,Production Released,RM,3749,1001427,GLYCERINE IP - GODREJ,9.6,EI/PO/26-27/925,1058,Released,unlinked,500
SO-00204,INCNUT LIFESTYLE RETAIL PRIVATE LIMITED,3517,SK2109DRFS,SKINKRAFT DAILY GLOW FACIAL SERUM FOR DULL UNEVEN SKIN 30 ML,Production Released,RM,3525,1001250,NATSOFT DMI,4.8,EI/PO/26-27/860,1015,Released,unlinked,35
SO-00204,INCNUT LIFESTYLE RETAIL PRIVATE LIMITED,3517,SK2109DRFS,SKINKRAFT DAILY GLOW FACIAL SERUM FOR DULL UNEVEN SKIN 30 ML,Production Released,RM,3355,1000511,Niacinamide,2.4,EI/PO/26-27/926,1059,Released,unlinked,200
SO-00204,INCNUT LIFESTYLE RETAIL PRIVATE LIMITED,3517,SK2109DRFS,SKINKRAFT DAILY GLOW FACIAL SERUM FOR DULL UNEVEN SKIN 30 ML,Production Released,RM,3411,1000612,WATER,203.736,DPO-005,1087,Released,unlinked,179
SO-00206,INCNUT LIFESTYLE RETAIL PRIVATE LIMITED,3539,SK2109DRFS,SKINKRAFT DAILY GLOW FACIAL SERUM FOR DULL UNEVEN SKIN 30 ML,Production Released,RM,3749,1001427,GLYCERINE IP - GODREJ,3.6,EI/PO/26-27/893,1034,Released,unlinked,500
SO-00206,INCNUT LIFESTYLE RETAIL PRIVATE LIMITED,3539,SK2109DRFS,SKINKRAFT DAILY GLOW FACIAL SERUM FOR DULL UNEVEN SKIN 30 ML,Production Released,RM,3749,1001427,GLYCERINE IP - GODREJ,3.6,EI/PO/26-27/925,1058,Released,unlinked,500
SO-00206,INCNUT LIFESTYLE RETAIL PRIVATE LIMITED,3539,SK2109DRFS,SKINKRAFT DAILY GLOW FACIAL SERUM FOR DULL UNEVEN SKIN 30 ML,Production Released,RM,3525,1001250,NATSOFT DMI,1.8,EI/PO/26-27/860,1015,Released,unlinked,35
SO-00206,INCNUT LIFESTYLE RETAIL PRIVATE LIMITED,3539,SK2109DRFS,SKINKRAFT DAILY GLOW FACIAL SERUM FOR DULL UNEVEN SKIN 30 ML,Production Released,RM,3355,1000511,Niacinamide,0.9,EI/PO/26-27/926,1059,Released,unlinked,200
SO-00206,INCNUT LIFESTYLE RETAIL PRIVATE LIMITED,3539,SK2109DRFS,SKINKRAFT DAILY GLOW FACIAL SERUM FOR DULL UNEVEN SKIN 30 ML,Production Released,RM,3411,1000612,WATER,76.401,DPO-005,1087,Released,unlinked,179
SO-00206,INCNUT LIFESTYLE RETAIL PRIVATE LIMITED,3523,SK2111CSNC,SKINKRAFT COLLOIDAL OATMEAL AND SEABERRY PRE+ PROBIOTIC SKIN REPAIR NIGHT CREAM 30GM,Production Released,RM,3355,1000511,Niacinamide,0.3276,EI/PO/26-27/926,1059,Released,unlinked,200
SO-00206,INCNUT LIFESTYLE RETAIL PRIVATE LIMITED,3523,SK2111CSNC,SKINKRAFT COLLOIDAL OATMEAL AND SEABERRY PRE+ PROBIOTIC SKIN REPAIR NIGHT CREAM 30GM,Production Released,RM,3411,1000612,WATER,13.692042,DPO-005,1087,Released,unlinked,179
SO-00204,INCNUT LIFESTYLE RETAIL PRIVATE LIMITED,3489,SK2111CSNC,SKINKRAFT COLLOIDAL OATMEAL AND SEABERRY PRE+ PROBIOTIC SKIN REPAIR NIGHT CREAM 30GM,Production Released,RM,3355,1000511,Niacinamide,2.4,EI/PO/26-27/926,1059,Released,unlinked,200
SO-00204,INCNUT LIFESTYLE RETAIL PRIVATE LIMITED,3489,SK2111CSNC,SKINKRAFT COLLOIDAL OATMEAL AND SEABERRY PRE+ PROBIOTIC SKIN REPAIR NIGHT CREAM 30GM,Production Released,RM,3411,1000612,WATER,100.308,DPO-005,1087,Released,unlinked,179
SO-00204,INCNUT LIFESTYLE RETAIL PRIVATE LIMITED,3507,SK2111GABS,SK GLOW GETTER ARBUTIN BRIGHTENING SERUM 15 ML,Production Released,RM,3411,1000612,WATER,426.15,DPO-005,1087,Released,unlinked,179
SO-00204,INCNUT LIFESTYLE RETAIL PRIVATE LIMITED,3507,SK2111GABS,SK GLOW GETTER ARBUTIN BRIGHTENING SERUM 15 ML,Production Released,RM,3795,1001355,"1, 3 - PROPANEDIOL",13.5,EI/PO/26-27/786,983,Released,unlinked,200
SO-00204,INCNUT LIFESTYLE RETAIL PRIVATE LIMITED,3507,SK2111GABS,SK GLOW GETTER ARBUTIN BRIGHTENING SERUM 15 ML,Production Released,RM,3496,1001210,SODIUM HYALURONATE (CHEMICORE),1.35,EI/PO/26-27/787,984,Released,unlinked,10
SO-00204,INCNUT LIFESTYLE RETAIL PRIVATE LIMITED,3507,SK2111GABS,SK GLOW GETTER ARBUTIN BRIGHTENING SERUM 15 ML,Production Released,RM,3285,1000422,SODIUM GLUCONATE,0.9,EI/PO/26-27/881,1026,Released,unlinked,25
SO-00204,INCNUT LIFESTYLE RETAIL PRIVATE LIMITED,3495,SK2201HMDS,SKINKRAFT HYDRA BALANCE MOISTURIZER FOR SLIGHTLY DRY SKIN 45 ML,Production Released,RM,3411,1000612,WATER,186.03,DPO-005,1087,Released,unlinked,179
SO-00204,INCNUT LIFESTYLE RETAIL PRIVATE LIMITED,3495,SK2201HMDS,SKINKRAFT HYDRA BALANCE MOISTURIZER FOR SLIGHTLY DRY SKIN 45 ML,Production Released,RM,3355,1000511,Niacinamide,4.5,EI/PO/26-27/926,1059,Released,unlinked,200
SO-00204,INCNUT LIFESTYLE RETAIL PRIVATE LIMITED,3495,SK2201HMDS,SKINKRAFT HYDRA BALANCE MOISTURIZER FOR SLIGHTLY DRY SKIN 45 ML,Production Released,RM,3277,1000412,Butyrospermum Parkii Butter,0.225,EI/PO/26-27/881,1026,Released,unlinked,80
SO-00206,INCNUT LIFESTYLE RETAIL PRIVATE LIMITED,3527,SK2202BSFT,SKINKRAFT BRIGHTSIDE FACIAL TONER FOR OILY SKIN 100 ML,Production Released,RM,3355,1000511,Niacinamide,3,EI/PO/26-27/926,1059,Released,unlinked,200
SO-00206,INCNUT LIFESTYLE RETAIL PRIVATE LIMITED,3527,SK2202BSFT,SKINKRAFT BRIGHTSIDE FACIAL TONER FOR OILY SKIN 100 ML,Production Released,RM,3795,1001355,"1, 3 - PROPANEDIOL",2,EI/PO/26-27/786,983,Released,unlinked,200
SO-00206,INCNUT LIFESTYLE RETAIL PRIVATE LIMITED,3527,SK2202BSFT,SKINKRAFT BRIGHTSIDE FACIAL TONER FOR OILY SKIN 100 ML,Production Released,RM,3811,1000800,ASCOVIT TM C (3-O-ETHYL ASCORBIC ACID),0.5,EI/PO/26-27/894,1035,Released,unlinked,20
SO-00206,INCNUT LIFESTYLE RETAIL PRIVATE LIMITED,3527,SK2202BSFT,SKINKRAFT BRIGHTSIDE FACIAL TONER FOR OILY SKIN 100 ML,Production Released,RM,3677,2000054,Rose Oil,0.03,EI/PO/26-27/937,1066,Released,unlinked,1
SO-00206,INCNUT LIFESTYLE RETAIL PRIVATE LIMITED,3527,SK2202BSFT,SKINKRAFT BRIGHTSIDE FACIAL TONER FOR OILY SKIN 100 ML,Production Released,RM,3411,1000612,WATER,91.15,DPO-005,1087,Released,unlinked,179
SO-00204,INCNUT LIFESTYLE RETAIL PRIVATE LIMITED,3497,SK2202BSFT,SKINKRAFT BRIGHTSIDE FACIAL TONER FOR OILY SKIN 100 ML,Production Released,RM,3355,1000511,Niacinamide,9,EI/PO/26-27/926,1059,Released,unlinked,200
SO-00204,INCNUT LIFESTYLE RETAIL PRIVATE LIMITED,3497,SK2202BSFT,SKINKRAFT BRIGHTSIDE FACIAL TONER FOR OILY SKIN 100 ML,Production Released,RM,3795,1001355,"1, 3 - PROPANEDIOL",6,EI/PO/26-27/786,983,Released,unlinked,200
SO-00204,INCNUT LIFESTYLE RETAIL PRIVATE LIMITED,3497,SK2202BSFT,SKINKRAFT BRIGHTSIDE FACIAL TONER FOR OILY SKIN 100 ML,Production Released,RM,3811,1000800,ASCOVIT TM C (3-O-ETHYL ASCORBIC ACID),1.5,EI/PO/26-27/894,1035,Released,unlinked,20
SO-00204,INCNUT LIFESTYLE RETAIL PRIVATE LIMITED,3497,SK2202BSFT,SKINKRAFT BRIGHTSIDE FACIAL TONER FOR OILY SKIN 100 ML,Production Released,RM,3677,2000054,Rose Oil,0.09,EI/PO/26-27/937,1066,Released,unlinked,1
SO-00204,INCNUT LIFESTYLE RETAIL PRIVATE LIMITED,3497,SK2202BSFT,SKINKRAFT BRIGHTSIDE FACIAL TONER FOR OILY SKIN 100 ML,Production Released,RM,3411,1000612,WATER,273.45,DPO-005,1087,Released,unlinked,179
SO-00204,INCNUT LIFESTYLE RETAIL PRIVATE LIMITED,3493,SK2202DFCO,SKINKRAFT DEEP FACIAL CLEANSER FOR OILY SKIN 60 ML,Production Released,RM,3438,1001082,GALSOFT SCT 40,27,EI/PO/26-27/785,982,Released,unlinked,200
SO-00204,INCNUT LIFESTYLE RETAIL PRIVATE LIMITED,3493,SK2202DFCO,SKINKRAFT DEEP FACIAL CLEANSER FOR OILY SKIN 60 ML,Production Released,RM,3795,1001355,"1, 3 - PROPANEDIOL",9,EI/PO/26-27/786,983,Released,unlinked,200
SO-00204,INCNUT LIFESTYLE RETAIL PRIVATE LIMITED,3493,SK2202DFCO,SKINKRAFT DEEP FACIAL CLEANSER FOR OILY SKIN 60 ML,Production Released,RM,3355,1000511,Niacinamide,7.2,EI/PO/26-27/926,1059,Released,unlinked,200
SO-00204,INCNUT LIFESTYLE RETAIL PRIVATE LIMITED,3493,SK2202DFCO,SKINKRAFT DEEP FACIAL CLEANSER FOR OILY SKIN 60 ML,Production Released,RM,3503,1001220,GALSOFT ECOCARE 175,3.6,EI/PO/26-27/951,1077,Released,unlinked,50
SO-00204,INCNUT LIFESTYLE RETAIL PRIVATE LIMITED,3493,SK2202DFCO,SKINKRAFT DEEP FACIAL CLEANSER FOR OILY SKIN 60 ML,Production Released,RM,3793,1001341,FLOCARE C 122 PF,0.9,EI/PO/26-27/892,1033,Released,unlinked,60
SO-00204,INCNUT LIFESTYLE RETAIL PRIVATE LIMITED,3493,SK2202DFCO,SKINKRAFT DEEP FACIAL CLEANSER FOR OILY SKIN 60 ML,Production Released,RM,3411,1000612,WATER,67.86,DPO-005,1087,Released,unlinked,179
SO-00204,INCNUT LIFESTYLE RETAIL PRIVATE LIMITED,3493,SK2202DFCO,SKINKRAFT DEEP FACIAL CLEANSER FOR OILY SKIN 60 ML,Production Released,RM,3092,1000173,Acrylates Copolymer,12.6,EI/PO/26-27/889,1030,Released,unlinked,200
SO-00204,INCNUT LIFESTYLE RETAIL PRIVATE LIMITED,3493,SK2202DFCO,SKINKRAFT DEEP FACIAL CLEANSER FOR OILY SKIN 60 ML,Production Released,RM,3092,1000173,Acrylates Copolymer,12.6,EI/PO/26-27/923,1056,Released,unlinked,400
SO-00204,INCNUT LIFESTYLE RETAIL PRIVATE LIMITED,3499,SK2202GFTD,SK GLOW ON FACIAL TONER FOR SLIGHTLY DRY SKIN 100 ML,Production Released,RM,3795,1001355,"1, 3 - PROPANEDIOL",12,EI/PO/26-27/786,983,Released,unlinked,200
SO-00204,INCNUT LIFESTYLE RETAIL PRIVATE LIMITED,3499,SK2202GFTD,SK GLOW ON FACIAL TONER FOR SLIGHTLY DRY SKIN 100 ML,Production Released,RM,3355,1000511,Niacinamide,6,EI/PO/26-27/926,1059,Released,unlinked,200
SO-00204,INCNUT LIFESTYLE RETAIL PRIVATE LIMITED,3499,SK2202GFTD,SK GLOW ON FACIAL TONER FOR SLIGHTLY DRY SKIN 100 ML,Production Released,RM,3811,1000800,ASCOVIT TM C (3-O-ETHYL ASCORBIC ACID),0.6,EI/PO/26-27/894,1035,Released,unlinked,20
SO-00204,INCNUT LIFESTYLE RETAIL PRIVATE LIMITED,3499,SK2202GFTD,SK GLOW ON FACIAL TONER FOR SLIGHTLY DRY SKIN 100 ML,Production Released,RM,3677,2000054,Rose Oil,0.09,EI/PO/26-27/937,1066,Released,unlinked,1
SO-00204,INCNUT LIFESTYLE RETAIL PRIVATE LIMITED,3499,SK2202GFTD,SK GLOW ON FACIAL TONER FOR SLIGHTLY DRY SKIN 100 ML,Production Released,RM,3411,1000612,WATER,271.35,DPO-005,1087,Released,unlinked,179
SO-00204,INCNUT LIFESTYLE RETAIL PRIVATE LIMITED,3491,SK2112ASFC,SKINKRAFT ACNE SHIELD FACIAL CLEANSER FOR OILY SKIN 60 ML,Production Released,RM,3411,1000612,WATER,67.41,DPO-005,1087,Released,unlinked,179
SO-00204,INCNUT LIFESTYLE RETAIL PRIVATE LIMITED,3491,SK2112ASFC,SKINKRAFT ACNE SHIELD FACIAL CLEANSER FOR OILY SKIN 60 ML,Production Released,RM,3438,1001082,SODIUM COCOYL METHYL TAURATE,27,EI/PO/26-27/785,982,Released,unlinked,200
SO-00204,INCNUT LIFESTYLE RETAIL PRIVATE LIMITED,3491,SK2112ASFC,SKINKRAFT ACNE SHIELD FACIAL CLEANSER FOR OILY SKIN 60 ML,Production Released,RM,3795,1001355,"1, 3 - PROPANEDIOL",9,EI/PO/26-27/786,983,Released,unlinked,200
SO-00204,INCNUT LIFESTYLE RETAIL PRIVATE LIMITED,3491,SK2112ASFC,SKINKRAFT ACNE SHIELD FACIAL CLEANSER FOR OILY SKIN 60 ML,Production Released,RM,3355,1000511,Niacinamide,7.2,EI/PO/26-27/926,1059,Released,unlinked,200
SO-00204,INCNUT LIFESTYLE RETAIL PRIVATE LIMITED,3491,SK2112ASFC,SKINKRAFT ACNE SHIELD FACIAL CLEANSER FOR OILY SKIN 60 ML,Production Released,RM,3793,1001341,FLOCARE C 122 PF,0.9,EI/PO/26-27/892,1033,Released,unlinked,60
SO-00204,INCNUT LIFESTYLE RETAIL PRIVATE LIMITED,3491,SK2112ASFC,SKINKRAFT ACNE SHIELD FACIAL CLEANSER FOR OILY SKIN 60 ML,Production Released,RM,3503,1001220,GALSOFT ECOCARE 175,3.6,EI/PO/26-27/951,1077,Released,unlinked,50
SO-00204,INCNUT LIFESTYLE RETAIL PRIVATE LIMITED,3488,SK2110NPFM,SK NIACINAMIDE WITH PEPTIDE DERMA FIRM FACIAL MASK 100 GM,Production Released,RM,3411,1000612,WATER,88.26,DPO-005,1087,Released,unlinked,179
SO-00204,INCNUT LIFESTYLE RETAIL PRIVATE LIMITED,3488,SK2110NPFM,SK NIACINAMIDE WITH PEPTIDE DERMA FIRM FACIAL MASK 100 GM,Production Released,RM,3795,1001355,"1, 3 - PROPANEDIOL",14,EI/PO/26-27/786,983,Released,unlinked,200
SO-00204,INCNUT LIFESTYLE RETAIL PRIVATE LIMITED,3488,SK2110NPFM,SK NIACINAMIDE WITH PEPTIDE DERMA FIRM FACIAL MASK 100 GM,Production Released,RM,3355,1000511,Niacinamide,8,EI/PO/26-27/926,1059,Released,unlinked,200
SO-00204,INCNUT LIFESTYLE RETAIL PRIVATE LIMITED,3488,SK2110NPFM,SK NIACINAMIDE WITH PEPTIDE DERMA FIRM FACIAL MASK 100 GM,Production Released,RM,3334,1000483,Bentonite,4,EI/PO/26-27/836,1000,Released,unlinked,50
SO-00204,INCNUT LIFESTYLE RETAIL PRIVATE LIMITED,3488,SK2110NPFM,SK NIACINAMIDE WITH PEPTIDE DERMA FIRM FACIAL MASK 100 GM,Production Released,RM,3334,1000483,Bentonite,4,EI/PO/26-27/927,1060,Released,unlinked,300
SO-00204,INCNUT LIFESTYLE RETAIL PRIVATE LIMITED,3488,SK2110NPFM,SK NIACINAMIDE WITH PEPTIDE DERMA FIRM FACIAL MASK 100 GM,Production Released,RM,2998,1000040,ARLACEL 2121,2,EI/PO/26-27/901,1041,Released,unlinked,50
SO-00204,INCNUT LIFESTYLE RETAIL PRIVATE LIMITED,3504,SK2109SPS,SKINKRAFT SKIN PLUMPING FACIAL SERUM FOR DULL SKIN 30ML,Production Released,RM,3355,1000511,Niacinamide,7.2,EI/PO/26-27/926,1059,Released,unlinked,200
SO-00204,INCNUT LIFESTYLE RETAIL PRIVATE LIMITED,3504,SK2109SPS,SKINKRAFT SKIN PLUMPING FACIAL SERUM FOR DULL SKIN 30ML,Production Released,RM,3811,1000800,ASCOVIT TM C (3-O-ETHYL ASCORBIC ACID),3.6,EI/PO/26-27/894,1035,Released,unlinked,20
SO-00204,INCNUT LIFESTYLE RETAIL PRIVATE LIMITED,3504,SK2109SPS,SKINKRAFT SKIN PLUMPING FACIAL SERUM FOR DULL SKIN 30ML,Production Released,RM,3327,1000473,VEGAROL 1698,1.8,EI/PO/26-27/881,1026,Released,unlinked,100
SO-00204,INCNUT LIFESTYLE RETAIL PRIVATE LIMITED,3504,SK2109SPS,SKINKRAFT SKIN PLUMPING FACIAL SERUM FOR DULL SKIN 30ML,Production Released,RM,3277,1000412,Butyrospermum Parkii Butter,0.9,EI/PO/26-27/881,1026,Released,unlinked,80
SO-00204,INCNUT LIFESTYLE RETAIL PRIVATE LIMITED,3504,SK2109SPS,SKINKRAFT SKIN PLUMPING FACIAL SERUM FOR DULL SKIN 30ML,Production Released,RM,3285,1000422,SODIUM GLUCONATE,0.18,EI/PO/26-27/881,1026,Released,unlinked,25
SO-00204,INCNUT LIFESTYLE RETAIL PRIVATE LIMITED,3504,SK2109SPS,SKINKRAFT SKIN PLUMPING FACIAL SERUM FOR DULL SKIN 30ML,Production Released,RM,3411,1000612,WATER,141.21,DPO-005,1087,Released,unlinked,179
SO-00204,INCNUT LIFESTYLE RETAIL PRIVATE LIMITED,3494,SK0312URM,SK ULTRA RICH MOISTURIZER WITH CERAMIDE & SHEA BUTTER FOR DRY SKIN (PARABEN FREE) 45ML,Production Released,RM,3411,1000612,WATER,96.363,DPO-005,1087,Released,unlinked,179
SO-00204,INCNUT LIFESTYLE RETAIL PRIVATE LIMITED,3494,SK0312URM,SK ULTRA RICH MOISTURIZER WITH CERAMIDE & SHEA BUTTER FOR DRY SKIN (PARABEN FREE) 45ML,Production Released,RM,3795,1001355,"1, 3 - PROPANEDIOL",5.4,EI/PO/26-27/786,983,Released,unlinked,200
SO-00204,INCNUT LIFESTYLE RETAIL PRIVATE LIMITED,3494,SK0312URM,SK ULTRA RICH MOISTURIZER WITH CERAMIDE & SHEA BUTTER FOR DRY SKIN (PARABEN FREE) 45ML,Production Released,RM,3277,1000412,Butyrospermum Parkii Butter,2.025,EI/PO/26-27/881,1026,Released,unlinked,80
SO-00204,INCNUT LIFESTYLE RETAIL PRIVATE LIMITED,3494,SK0312URM,SK ULTRA RICH MOISTURIZER WITH CERAMIDE & SHEA BUTTER FOR DRY SKIN (PARABEN FREE) 45ML,Production Released,RM,3355,1000511,Niacinamide,1.35,EI/PO/26-27/926,1059,Released,unlinked,200
SO-00204,INCNUT LIFESTYLE RETAIL PRIVATE LIMITED,3494,SK0312URM,SK ULTRA RICH MOISTURIZER WITH CERAMIDE & SHEA BUTTER FOR DRY SKIN (PARABEN FREE) 45ML,Production Released,RM,2998,1000040,ARLACEL 2121,0.675,EI/PO/26-27/901,1041,Released,unlinked,50
SO-00204,INCNUT LIFESTYLE RETAIL PRIVATE LIMITED,3506,SK2108BFS,SKINKRAFT DARK SPOT BRIGHTENING FACIAL SERUM FOR DARK SPOTS 30 ML,Production Released,RM,3355,1000511,Niacinamide,3.6,EI/PO/26-27/926,1059,Released,unlinked,200
SO-00204,INCNUT LIFESTYLE RETAIL PRIVATE LIMITED,3506,SK2108BFS,SKINKRAFT DARK SPOT BRIGHTENING FACIAL SERUM FOR DARK SPOTS 30 ML,Production Released,RM,3327,1000473,VEGAROL 1698,0.9,EI/PO/26-27/881,1026,Released,unlinked,100
SO-00204,INCNUT LIFESTYLE RETAIL PRIVATE LIMITED,3506,SK2108BFS,SKINKRAFT DARK SPOT BRIGHTENING FACIAL SERUM FOR DARK SPOTS 30 ML,Production Released,RM,3277,1000412,Butyrospermum Parkii Butter,0.45,EI/PO/26-27/881,1026,Released,unlinked,80
SO-00204,INCNUT LIFESTYLE RETAIL PRIVATE LIMITED,3506,SK2108BFS,SKINKRAFT DARK SPOT BRIGHTENING FACIAL SERUM FOR DARK SPOTS 30 ML,Production Released,RM,3285,1000422,SODIUM GLUCONATE,0.09,EI/PO/26-27/881,1026,Released,unlinked,25
SO-00204,INCNUT LIFESTYLE RETAIL PRIVATE LIMITED,3506,SK2108BFS,SKINKRAFT DARK SPOT BRIGHTENING FACIAL SERUM FOR DARK SPOTS 30 ML,Production Released,RM,3811,1000800,ASCOVIT TM C (3-O-ETHYL ASCORBIC ACID),0.09,EI/PO/26-27/894,1035,Released,unlinked,20
SO-00204,INCNUT LIFESTYLE RETAIL PRIVATE LIMITED,3506,SK2108BFS,SKINKRAFT DARK SPOT BRIGHTENING FACIAL SERUM FOR DARK SPOTS 30 ML,Production Released,RM,3411,1000612,WATER,71.199,DPO-005,1087,Released,unlinked,179
SO-00206,INCNUT LIFESTYLE RETAIL PRIVATE LIMITED,3532,SK2108BFS,SKINKRAFT DARK SPOT BRIGHTENING FACIAL SERUM FOR DARK SPOTS 30 ML,Production Released,RM,3355,1000511,Niacinamide,2.4,EI/PO/26-27/926,1059,Released,unlinked,200
SO-00206,INCNUT LIFESTYLE RETAIL PRIVATE LIMITED,3532,SK2108BFS,SKINKRAFT DARK SPOT BRIGHTENING FACIAL SERUM FOR DARK SPOTS 30 ML,Production Released,RM,3327,1000473,VEGAROL 1698,0.6,EI/PO/26-27/881,1026,Released,unlinked,100
SO-00206,INCNUT LIFESTYLE RETAIL PRIVATE LIMITED,3532,SK2108BFS,SKINKRAFT DARK SPOT BRIGHTENING FACIAL SERUM FOR DARK SPOTS 30 ML,Production Released,RM,3277,1000412,Butyrospermum Parkii Butter,0.3,EI/PO/26-27/881,1026,Released,unlinked,80
SO-00206,INCNUT LIFESTYLE RETAIL PRIVATE LIMITED,3532,SK2108BFS,SKINKRAFT DARK SPOT BRIGHTENING FACIAL SERUM FOR DARK SPOTS 30 ML,Production Released,RM,3285,1000422,SODIUM GLUCONATE,0.06,EI/PO/26-27/881,1026,Released,unlinked,25
SO-00206,INCNUT LIFESTYLE RETAIL PRIVATE LIMITED,3532,SK2108BFS,SKINKRAFT DARK SPOT BRIGHTENING FACIAL SERUM FOR DARK SPOTS 30 ML,Production Released,RM,3811,1000800,ASCOVIT TM C (3-O-ETHYL ASCORBIC ACID),0.06,EI/PO/26-27/894,1035,Released,unlinked,20
SO-00206,INCNUT LIFESTYLE RETAIL PRIVATE LIMITED,3532,SK2108BFS,SKINKRAFT DARK SPOT BRIGHTENING FACIAL SERUM FOR DARK SPOTS 30 ML,Production Released,RM,3411,1000612,WATER,47.466,DPO-005,1087,Released,unlinked,179
SO-00206,INCNUT LIFESTYLE RETAIL PRIVATE LIMITED,3536,SK2109NBRG,SKINKRAFT BARRIER REPAIR MOISTURIZING GEL FOR DRY & NORMAL SKIN 40ML,Production Released,RM,3749,1001427,GLYCERINE IP - GODREJ,8.548,EI/PO/26-27/893,1034,Released,unlinked,500
SO-00206,INCNUT LIFESTYLE RETAIL PRIVATE LIMITED,3536,SK2109NBRG,SKINKRAFT BARRIER REPAIR MOISTURIZING GEL FOR DRY & NORMAL SKIN 40ML,Production Released,RM,3749,1001427,GLYCERINE IP - GODREJ,8.548,EI/PO/26-27/925,1058,Released,unlinked,500
SO-00206,INCNUT LIFESTYLE RETAIL PRIVATE LIMITED,3536,SK2109NBRG,SKINKRAFT BARRIER REPAIR MOISTURIZING GEL FOR DRY & NORMAL SKIN 40ML,Production Released,RM,3542,1001284,CCTG,8.548,DPO-003,1085,Released,linked:PR,3
SO-00206,INCNUT LIFESTYLE RETAIL PRIVATE LIMITED,3536,SK2109NBRG,SKINKRAFT BARRIER REPAIR MOISTURIZING GEL FOR DRY & NORMAL SKIN 40ML,Production Released,RM,3355,1000511,Niacinamide,3.4192,EI/PO/26-27/926,1059,Released,unlinked,200
SO-00206,INCNUT LIFESTYLE RETAIL PRIVATE LIMITED,3536,SK2109NBRG,SKINKRAFT BARRIER REPAIR MOISTURIZING GEL FOR DRY & NORMAL SKIN 40ML,Production Released,RM,3411,1000612,WATER,141.72584,DPO-005,1087,Released,unlinked,179
SO-00204,INCNUT LIFESTYLE RETAIL PRIVATE LIMITED,3514,SK2109NBRG,SKINKRAFT BARRIER REPAIR MOISTURIZING GEL FOR DRY & NORMAL SKIN 40ML,Production Released,RM,3749,1001427,GLYCERINE IP - GODREJ,46,EI/PO/26-27/893,1034,Released,unlinked,500
SO-00204,INCNUT LIFESTYLE RETAIL PRIVATE LIMITED,3514,SK2109NBRG,SKINKRAFT BARRIER REPAIR MOISTURIZING GEL FOR DRY & NORMAL SKIN 40ML,Production Released,RM,3749,1001427,GLYCERINE IP - GODREJ,46,EI/PO/26-27/925,1058,Released,unlinked,500
SO-00204,INCNUT LIFESTYLE RETAIL PRIVATE LIMITED,3514,SK2109NBRG,SKINKRAFT BARRIER REPAIR MOISTURIZING GEL FOR DRY & NORMAL SKIN 40ML,Production Released,RM,3542,1001284,CCTG,46,DPO-003,1085,Released,linked:PR,3
SO-00204,INCNUT LIFESTYLE RETAIL PRIVATE LIMITED,3514,SK2109NBRG,SKINKRAFT BARRIER REPAIR MOISTURIZING GEL FOR DRY & NORMAL SKIN 40ML,Production Released,RM,3355,1000511,Niacinamide,18.4,EI/PO/26-27/926,1059,Released,unlinked,200
SO-00204,INCNUT LIFESTYLE RETAIL PRIVATE LIMITED,3514,SK2109NBRG,SKINKRAFT BARRIER REPAIR MOISTURIZING GEL FOR DRY & NORMAL SKIN 40ML,Production Released,RM,3411,1000612,WATER,762.68,DPO-005,1087,Released,unlinked,179
SO-00679,MakeO Healthcare Technologies Pvt Ltd,3268,PR0006792,MAKEO ACNE AWAY PORE PERFECTING TONER 100ML,Production Released,RM,3749,1001427,GLYCERINE IP - GODREJ,1.58,EI/PO/26-27/893,1034,Released,unlinked,500
SO-00679,MakeO Healthcare Technologies Pvt Ltd,3268,PR0006792,MAKEO ACNE AWAY PORE PERFECTING TONER 100ML,Production Released,RM,3749,1001427,GLYCERINE IP - GODREJ,1.58,EI/PO/26-27/925,1058,Released,unlinked,500
SO-00679,MakeO Healthcare Technologies Pvt Ltd,3268,PR0006792,MAKEO ACNE AWAY PORE PERFECTING TONER 100ML,Production Released,RM,3257,1000392,Salicylic Acid,0.158,EI/PO/26-27/881,1026,Released,unlinked,50
SO-00679,MakeO Healthcare Technologies Pvt Ltd,3268,PR0006792,MAKEO ACNE AWAY PORE PERFECTING TONER 100ML,Production Released,RM,3411,1000612,AQUA,11.6446,DPO-005,1087,Released,unlinked,179
SO-00600,Sweta Clinics Ultima,3295,PR0003569,ULTIMA NS VITALS HAIR SERUM 50 ML,Production Released,RM,3411,1000612,WATER,9.92655,DPO-005,1087,Released,unlinked,179
SO-00117,OLIVA SKIN AND HAIR CLINIC,3423,PR0003987,OLIVA REBALANCING SERUM MOISTURIZER FOR OILY/ COMBINATION SKIN 50 ML,Production Released,RM,3411,1000612,WATER,131.625,DPO-005,1087,Released,unlinked,179
SO-00117,OLIVA SKIN AND HAIR CLINIC,3423,PR0003987,OLIVA REBALANCING SERUM MOISTURIZER FOR OILY/ COMBINATION SKIN 50 ML,Production Released,RM,3355,1000511,Niacinamide,4.5,EI/PO/26-27/926,1059,Released,unlinked,200
SO-00117,OLIVA SKIN AND HAIR CLINIC,3423,PR0003987,OLIVA REBALANCING SERUM MOISTURIZER FOR OILY/ COMBINATION SKIN 50 ML,Production Released,RM,3795,1001355,"1, 3 - PROPANEDIOL",4.5,EI/PO/26-27/786,983,Released,unlinked,200
SO-00117,OLIVA SKIN AND HAIR CLINIC,3423,PR0003987,OLIVA REBALANCING SERUM MOISTURIZER FOR OILY/ COMBINATION SKIN 50 ML,Production Released,RM,3542,1001284,CCTG,3,DPO-003,1085,Released,linked:PR,3
SO-00077,VENUS HOLISTIC SERVICES PRIVATE LIMITED,3404,PR0004688,ROMA DERMA ULTRA SHIELD SUN-SAFE SUNSCREEN SPF 30 PA++++ 100 ML,Production Released,RM,3411,1000612,WATER,12.4965,DPO-005,1087,Released,unlinked,179
SO-00077,VENUS HOLISTIC SERVICES PRIVATE LIMITED,3404,PR0004688,ROMA DERMA ULTRA SHIELD SUN-SAFE SUNSCREEN SPF 30 PA++++ 100 ML,Production Released,RM,3795,1001355,"1, 3 - PROPANEDIOL",0.3,EI/PO/26-27/786,983,Released,unlinked,200
SO-00077,VENUS HOLISTIC SERVICES PRIVATE LIMITED,3404,PR0004688,ROMA DERMA ULTRA SHIELD SUN-SAFE SUNSCREEN SPF 30 PA++++ 100 ML,Production Released,RM,3749,1001427,GLYCERINE IP - GODREJ,0.3,EI/PO/26-27/893,1034,Released,unlinked,500
SO-00077,VENUS HOLISTIC SERVICES PRIVATE LIMITED,3404,PR0004688,ROMA DERMA ULTRA SHIELD SUN-SAFE SUNSCREEN SPF 30 PA++++ 100 ML,Production Released,RM,3749,1001427,GLYCERINE IP - GODREJ,0.3,EI/PO/26-27/925,1058,Released,unlinked,500
SO-00566,OLIVA SKIN AND HAIR CLINIC,3389,PR0004238,OLIVA BRIGHTENING PROTECT SUNSCREEN SPF 50 PA ++++ 50-ML,Production Released,RM,3411,1000612,WATER,53.7,DPO-005,1087,Released,unlinked,179
SO-00566,OLIVA SKIN AND HAIR CLINIC,3389,PR0004238,OLIVA BRIGHTENING PROTECT SUNSCREEN SPF 50 PA ++++ 50-ML,Production Released,RM,3795,1001355,"1, 3 - PROPANEDIOL",3,EI/PO/26-27/786,983,Released,unlinked,200
SO-00566,OLIVA SKIN AND HAIR CLINIC,3389,PR0004238,OLIVA BRIGHTENING PROTECT SUNSCREEN SPF 50 PA ++++ 50-ML,Production Released,RM,3564,1001331,AVOBENZONE,2.25,EI/PO/26-27/892,1033,Released,unlinked,25
SO-00566,OLIVA SKIN AND HAIR CLINIC,3389,PR0004238,OLIVA BRIGHTENING PROTECT SUNSCREEN SPF 50 PA ++++ 50-ML,Production Released,RM,3355,1000511,Niacinamide,0.375,EI/PO/26-27/926,1059,Released,unlinked,200
SO-00506,MED MANOR ORGANICS PVT LTD..,3395,PR0004015,MAXEMO 150 ML,Production Released,RM,3411,1000612,WATER,527.25,DPO-005,1087,Released,unlinked,179
SO-00506,MED MANOR ORGANICS PVT LTD..,3395,PR0004015,MAXEMO 150 ML,Production Released,RM,3285,1000422,SODIUM GLUCONATE,1.5,EI/PO/26-27/881,1026,Released,unlinked,25
SO-00506,MED MANOR ORGANICS PVT LTD..,3395,PR0004015,MAXEMO 150 ML,Production Released,RM,3355,1000511,Niacinamide,15,EI/PO/26-27/926,1059,Released,unlinked,200
SO-00506,MED MANOR ORGANICS PVT LTD..,3395,PR0004015,MAXEMO 150 ML,Production Released,RM,2998,1000040,ARLACEL 2121,15,EI/PO/26-27/901,1041,Released,unlinked,50
SO-00506,MED MANOR ORGANICS PVT LTD..,3395,PR0004015,MAXEMO 150 ML,Production Released,RM,3749,1001427,GLYCERINE IP - GODREJ,37.5,EI/PO/26-27/893,1034,Released,unlinked,500
SO-00506,MED MANOR ORGANICS PVT LTD..,3395,PR0004015,MAXEMO 150 ML,Production Released,RM,3749,1001427,GLYCERINE IP - GODREJ,37.5,EI/PO/26-27/925,1058,Released,unlinked,500
SO-00506,MED MANOR ORGANICS PVT LTD..,3395,PR0004015,MAXEMO 150 ML,Production Released,RM,3542,1001284,CCTG,15,DPO-003,1085,Released,linked:PR,3
SO-00506,MED MANOR ORGANICS PVT LTD..,3395,PR0004015,MAXEMO 150 ML,Production Released,RM,3564,1001331,AVOBENZONE,22.5,EI/PO/26-27/892,1033,Released,unlinked,25
SO-00506,MED MANOR ORGANICS PVT LTD..,3395,PR0004015,MAXEMO 150 ML,Production Released,RM,3496,1001210,SODIUM HYALURONATE (CHEMICORE),0.375,EI/PO/26-27/787,984,Released,unlinked,10
SO-00133,MED MANOR ORGANICS PVT LTD..,3436,PR0004015,MAXEMO 150 ML,Production Released,RM,3411,1000612,WATER,527.25,DPO-005,1087,Released,unlinked,179
SO-00133,MED MANOR ORGANICS PVT LTD..,3436,PR0004015,MAXEMO 150 ML,Production Released,RM,3285,1000422,SODIUM GLUCONATE,1.5,EI/PO/26-27/881,1026,Released,unlinked,25
SO-00133,MED MANOR ORGANICS PVT LTD..,3436,PR0004015,MAXEMO 150 ML,Production Released,RM,3355,1000511,Niacinamide,15,EI/PO/26-27/926,1059,Released,unlinked,200
SO-00133,MED MANOR ORGANICS PVT LTD..,3436,PR0004015,MAXEMO 150 ML,Production Released,RM,2998,1000040,ARLACEL 2121,15,EI/PO/26-27/901,1041,Released,unlinked,50
SO-00133,MED MANOR ORGANICS PVT LTD..,3436,PR0004015,MAXEMO 150 ML,Production Released,RM,3749,1001427,GLYCERINE IP - GODREJ,37.5,EI/PO/26-27/893,1034,Released,unlinked,500
SO-00133,MED MANOR ORGANICS PVT LTD..,3436,PR0004015,MAXEMO 150 ML,Production Released,RM,3749,1001427,GLYCERINE IP - GODREJ,37.5,EI/PO/26-27/925,1058,Released,unlinked,500
SO-00133,MED MANOR ORGANICS PVT LTD..,3436,PR0004015,MAXEMO 150 ML,Production Released,RM,3542,1001284,CCTG,15,DPO-003,1085,Released,linked:PR,3
SO-00133,MED MANOR ORGANICS PVT LTD..,3436,PR0004015,MAXEMO 150 ML,Production Released,RM,3564,1001331,AVOBENZONE,22.5,EI/PO/26-27/892,1033,Released,unlinked,25
SO-00133,MED MANOR ORGANICS PVT LTD..,3436,PR0004015,MAXEMO 150 ML,Production Released,RM,3496,1001210,SODIUM HYALURONATE (CHEMICORE),0.375,EI/PO/26-27/787,984,Released,unlinked,10
SO-00052,Peach Enterprises,3345,PR0006863,PEACH SKIN CARE EPIGLOW RADIANCE SPOT CORRECTION & BRIGHTENING SERUM 50ML,Production Released,RM,3355,1000511,Niacinamide,1,EI/PO/26-27/926,1059,Released,unlinked,200
SO-00052,Peach Enterprises,3345,PR0006863,PEACH SKIN CARE EPIGLOW RADIANCE SPOT CORRECTION & BRIGHTENING SERUM 50ML,Production Released,RM,2998,1000040,ARLACEL 2121,1,EI/PO/26-27/901,1041,Released,unlinked,50
SO-00052,Peach Enterprises,3345,PR0006863,PEACH SKIN CARE EPIGLOW RADIANCE SPOT CORRECTION & BRIGHTENING SERUM 50ML,Production Released,RM,3542,1001284,CCTG,1,DPO-003,1085,Released,linked:PR,3
SO-00052,Peach Enterprises,3345,PR0006863,PEACH SKIN CARE EPIGLOW RADIANCE SPOT CORRECTION & BRIGHTENING SERUM 50ML,Production Released,RM,3327,1000473,VEGAROL 1698,1,EI/PO/26-27/881,1026,Released,unlinked,100
SO-00052,Peach Enterprises,3345,PR0006863,PEACH SKIN CARE EPIGLOW RADIANCE SPOT CORRECTION & BRIGHTENING SERUM 50ML,Production Released,RM,3411,1000612,WATER,41.3325,DPO-005,1087,Released,unlinked,179
SO-00071,Dr. Deepthi Atmakuri,3402,PR0006780,TYPE 4 HAIR MASQUE 200 ML,Production Released,RM,3277,1000412,Butyrospermum Parkii Butter,0.4,EI/PO/26-27/881,1026,Released,unlinked,80
SO-00071,Dr. Deepthi Atmakuri,3402,PR0006780,TYPE 4 HAIR MASQUE 200 ML,Production Released,RM,3327,1000473,VEGAROL 1698,0.3,EI/PO/26-27/881,1026,Released,unlinked,100
SO-00071,Dr. Deepthi Atmakuri,3402,PR0006780,TYPE 4 HAIR MASQUE 200 ML,Production Released,RM,3108,1000194,Betaine,0.2,EI/PO/26-27/685,944,Released,unlinked,25
SO-00071,Dr. Deepthi Atmakuri,3402,PR0006780,TYPE 4 HAIR MASQUE 200 ML,Production Released,RM,3496,1001210,SODIUM HYALURONATE (CHEMICORE),0.02,EI/PO/26-27/787,984,Released,unlinked,10
SO-00071,Dr. Deepthi Atmakuri,3402,PR0006780,TYPE 4 HAIR MASQUE 200 ML,Production Released,RM,3411,1000612,AQUA,15.92,DPO-005,1087,Released,unlinked,179
SO-00098,IRA HEALTH CARE,3415,PR0004101,RESVA UNDER EYE SERUM 15 ML,Production Released,RM,3411,1000612,WATER,1.0371,DPO-005,1087,Released,unlinked,179
SO-00098,IRA HEALTH CARE,3415,PR0004101,RESVA UNDER EYE SERUM 15 ML,Production Released,RM,3277,1000412,Butyrospermum Parkii Butter,0.015,EI/PO/26-27/881,1026,Released,unlinked,80
SO-00098,IRA HEALTH CARE,3415,PR0004101,RESVA UNDER EYE SERUM 15 ML,Production Released,RM,3496,1001210,SODIUM HYALURONATE (CHEMICORE),0.015,EI/PO/26-27/787,984,Released,unlinked,10
SO-00098,IRA HEALTH CARE,3415,PR0004101,RESVA UNDER EYE SERUM 15 ML,Production Released,RM,3542,1001284,CCTG,0.045,DPO-003,1085,Released,linked:PR,3
SO-00098,IRA HEALTH CARE,3415,PR0004101,RESVA UNDER EYE SERUM 15 ML,Production Released,RM,3749,1001427,GLYCERINE IP - GODREJ,0.045,EI/PO/26-27/893,1034,Released,unlinked,500
SO-00098,IRA HEALTH CARE,3415,PR0004101,RESVA UNDER EYE SERUM 15 ML,Production Released,RM,3749,1001427,GLYCERINE IP - GODREJ,0.045,EI/PO/26-27/925,1058,Released,unlinked,500
SO-00098,IRA HEALTH CARE,3415,PR0004101,RESVA UNDER EYE SERUM 15 ML,Production Released,RM,3795,1001355,"1, 3 - PROPANEDIOL",0.075,EI/PO/26-27/786,983,Released,unlinked,200
SO-00098,IRA HEALTH CARE,3415,PR0004101,RESVA UNDER EYE SERUM 15 ML,Production Released,RM,3327,1000473,VEGAROL 1698,0.0225,EI/PO/26-27/881,1026,Released,unlinked,100
SO-00076,SN Hospital,3312,PR0005905,SN SKIN & HAIR SUN DRENCH GLOWY SUNSCREEN SPF 50 PA+++ 50 ML,Production Released,RM,3564,1001331,AVOBENZONE,0.0525,EI/PO/26-27/892,1033,Released,unlinked,25
SO-00099,IRA HEALTH CARE,3416,PR0004905,RESVA SKIN QUENCH FACE HYDRATING SERUM 30ML,Production Released,RM,3108,1000194,Betaine,0.03,EI/PO/26-27/685,944,Released,unlinked,25
SO-00099,IRA HEALTH CARE,3416,PR0004905,RESVA SKIN QUENCH FACE HYDRATING SERUM 30ML,Production Released,RM,3411,1000612,WATER,2.706,DPO-005,1087,Released,unlinked,179
SO-00099,IRA HEALTH CARE,3416,PR0004905,RESVA SKIN QUENCH FACE HYDRATING SERUM 30ML,Production Released,RM,3496,1001210,SODIUM HYALURONATE (CHEMICORE),0.015,EI/PO/26-27/787,984,Released,unlinked,10
SO-00099,IRA HEALTH CARE,3416,PR0004905,RESVA SKIN QUENCH FACE HYDRATING SERUM 30ML,Production Released,RM,3749,1001427,GLYCERINE IP - GODREJ,0.06,EI/PO/26-27/893,1034,Released,unlinked,500
SO-00099,IRA HEALTH CARE,3416,PR0004905,RESVA SKIN QUENCH FACE HYDRATING SERUM 30ML,Production Released,RM,3749,1001427,GLYCERINE IP - GODREJ,0.06,EI/PO/26-27/925,1058,Released,unlinked,500
SO-00099,IRA HEALTH CARE,3416,PR0004905,RESVA SKIN QUENCH FACE HYDRATING SERUM 30ML,Production Released,RM,3795,1001355,"1, 3 - PROPANEDIOL",0.09,EI/PO/26-27/786,983,Released,unlinked,200
SO-00049,SADHAVI WELLNESS PRIVATE LIMITED,3348,PR0005021,YPLAYZ CLEAR CLUB LIGHTWEIGHT ACNE MOISTURISER 50ML,Production Released,RM,3542,1001284,CCTG,12.5,DPO-003,1085,Released,linked:PR,3
SO-00049,SADHAVI WELLNESS PRIVATE LIMITED,3348,PR0005021,YPLAYZ CLEAR CLUB LIGHTWEIGHT ACNE MOISTURISER 50ML,Production Released,RM,2998,1000040,ARLACEL 2121,5,EI/PO/26-27/901,1041,Released,unlinked,50
SO-00049,SADHAVI WELLNESS PRIVATE LIMITED,3348,PR0005021,YPLAYZ CLEAR CLUB LIGHTWEIGHT ACNE MOISTURISER 50ML,Production Released,RM,3749,1001427,GLYCERINE IP - GODREJ,5,EI/PO/26-27/893,1034,Released,unlinked,500
SO-00049,SADHAVI WELLNESS PRIVATE LIMITED,3348,PR0005021,YPLAYZ CLEAR CLUB LIGHTWEIGHT ACNE MOISTURISER 50ML,Production Released,RM,3749,1001427,GLYCERINE IP - GODREJ,5,EI/PO/26-27/925,1058,Released,unlinked,500
SO-00049,SADHAVI WELLNESS PRIVATE LIMITED,3348,PR0005021,YPLAYZ CLEAR CLUB LIGHTWEIGHT ACNE MOISTURISER 50ML,Production Released,RM,3257,1000392,Salicylic Acid,5,EI/PO/26-27/881,1026,Released,unlinked,50
SO-00049,SADHAVI WELLNESS PRIVATE LIMITED,3348,PR0005021,YPLAYZ CLEAR CLUB LIGHTWEIGHT ACNE MOISTURISER 50ML,Production Released,RM,3327,1000473,VEGAROL 1698,5,EI/PO/26-27/881,1026,Released,unlinked,100
SO-00049,SADHAVI WELLNESS PRIVATE LIMITED,3348,PR0005021,YPLAYZ CLEAR CLUB LIGHTWEIGHT ACNE MOISTURISER 50ML,Production Released,RM,3277,1000412,Butyrospermum Parkii Butter,3.75,EI/PO/26-27/881,1026,Released,unlinked,80
SO-00049,SADHAVI WELLNESS PRIVATE LIMITED,3348,PR0005021,YPLAYZ CLEAR CLUB LIGHTWEIGHT ACNE MOISTURISER 50ML,Production Released,RM,3285,1000422,SODIUM GLUCONATE,0.5,EI/PO/26-27/881,1026,Released,unlinked,25
SO-00049,SADHAVI WELLNESS PRIVATE LIMITED,3348,PR0005021,YPLAYZ CLEAR CLUB LIGHTWEIGHT ACNE MOISTURISER 50ML,Production Released,RM,3411,1000612,AQUA,175.5,DPO-005,1087,Released,unlinked,179
SO-00070,Dr. Deepthi Atmakuri,3401,PR0006781,TYPE 4 GET SET GLOW CLEANSER 100 ML,Production Released,RM,2984,1000019,ALPHA CAPB,4,EI/PO/26-27/890,1031,Released,unlinked,500
SO-00070,Dr. Deepthi Atmakuri,3401,PR0006781,TYPE 4 GET SET GLOW CLEANSER 100 ML,Production Released,RM,3092,1000173,EMUL 34 U,1.6,EI/PO/26-27/889,1030,Released,unlinked,200
SO-00070,Dr. Deepthi Atmakuri,3401,PR0006781,TYPE 4 GET SET GLOW CLEANSER 100 ML,Production Released,RM,3092,1000173,EMUL 34 U,1.6,EI/PO/26-27/923,1056,Released,unlinked,400
SO-00070,Dr. Deepthi Atmakuri,3401,PR0006781,TYPE 4 GET SET GLOW CLEANSER 100 ML,Production Released,RM,3749,1001427,GLYCERINE IP - GODREJ,0.4,EI/PO/26-27/893,1034,Released,unlinked,500
SO-00070,Dr. Deepthi Atmakuri,3401,PR0006781,TYPE 4 GET SET GLOW CLEANSER 100 ML,Production Released,RM,3749,1001427,GLYCERINE IP - GODREJ,0.4,EI/PO/26-27/925,1058,Released,unlinked,500
SO-00070,Dr. Deepthi Atmakuri,3401,PR0006781,TYPE 4 GET SET GLOW CLEANSER 100 ML,Production Released,RM,3438,1001082,GALSOFT SCT 40,0.4,EI/PO/26-27/785,982,Released,unlinked,200
SO-00070,Dr. Deepthi Atmakuri,3401,PR0006781,TYPE 4 GET SET GLOW CLEANSER 100 ML,Production Released,RM,3355,1000511,Niacinamide,0.4,EI/PO/26-27/926,1059,Released,unlinked,200
SO-00070,Dr. Deepthi Atmakuri,3401,PR0006781,TYPE 4 GET SET GLOW CLEANSER 100 ML,Production Released,RM,3257,1000392,Salicylic Acid,0.1,EI/PO/26-27/881,1026,Released,unlinked,50
SO-00070,Dr. Deepthi Atmakuri,3401,PR0006781,TYPE 4 GET SET GLOW CLEANSER 100 ML,Production Released,RM,3411,1000612,AQUA,9.302,DPO-005,1087,Released,unlinked,179
SO-00050,SADHAVI WELLNESS PRIVATE LIMITED,3347,PR0005020,YPLAYZ CLEAR MY WAY NON-DRYING ACNE FACE WASH 50ML,Production Released,RM,3749,1001427,GLYCERINE IP - GODREJ,12.5,EI/PO/26-27/893,1034,Released,unlinked,500
SO-00050,SADHAVI WELLNESS PRIVATE LIMITED,3347,PR0005020,YPLAYZ CLEAR MY WAY NON-DRYING ACNE FACE WASH 50ML,Production Released,RM,3749,1001427,GLYCERINE IP - GODREJ,12.5,EI/PO/26-27/925,1058,Released,unlinked,500
SO-00050,SADHAVI WELLNESS PRIVATE LIMITED,3347,PR0005020,YPLAYZ CLEAR MY WAY NON-DRYING ACNE FACE WASH 50ML,Production Released,RM,3438,1001082,GALSOFT SCT 40,10,EI/PO/26-27/785,982,Released,unlinked,200
SO-00050,SADHAVI WELLNESS PRIVATE LIMITED,3347,PR0005020,YPLAYZ CLEAR MY WAY NON-DRYING ACNE FACE WASH 50ML,Production Released,RM,3355,1000511,Niacinamide,7.5,EI/PO/26-27/926,1059,Released,unlinked,200
SO-00050,SADHAVI WELLNESS PRIVATE LIMITED,3347,PR0005020,YPLAYZ CLEAR MY WAY NON-DRYING ACNE FACE WASH 50ML,Production Released,RM,3257,1000392,Salicylic Acid,5,EI/PO/26-27/881,1026,Released,unlinked,50
SO-00050,SADHAVI WELLNESS PRIVATE LIMITED,3347,PR0005020,YPLAYZ CLEAR MY WAY NON-DRYING ACNE FACE WASH 50ML,Production Released,RM,3359,1000517,GALAXY SCI 85P,3.75,EI/PO/26-27/949,1075,Released,unlinked,240
SO-00050,SADHAVI WELLNESS PRIVATE LIMITED,3347,PR0005020,YPLAYZ CLEAR MY WAY NON-DRYING ACNE FACE WASH 50ML,Production Released,RM,3411,1000612,WATER,114.9,DPO-005,1087,Released,unlinked,179
SO-00043,SOUL SKIN CLINIC LLP,3354,PR0006716,Skn Snax Gel Face Wash 75ml,Production Released,RM,2984,1000019,ALPHA CAPB,17.25,EI/PO/26-27/890,1031,Released,unlinked,500
SO-00043,SOUL SKIN CLINIC LLP,3354,PR0006716,Skn Snax Gel Face Wash 75ml,Production Released,RM,3749,1001427,GLYCERINE IP - GODREJ,4.3125,EI/PO/26-27/893,1034,Released,unlinked,500
SO-00043,SOUL SKIN CLINIC LLP,3354,PR0006716,Skn Snax Gel Face Wash 75ml,Production Released,RM,3749,1001427,GLYCERINE IP - GODREJ,4.3125,EI/PO/26-27/925,1058,Released,unlinked,500
SO-00043,SOUL SKIN CLINIC LLP,3354,PR0006716,Skn Snax Gel Face Wash 75ml,Production Released,RM,3355,1000511,Niacinamide,1.725,EI/PO/26-27/926,1059,Released,unlinked,200
SO-00043,SOUL SKIN CLINIC LLP,3354,PR0006716,Skn Snax Gel Face Wash 75ml,Production Released,RM,3411,1000612,WATER,18.845625,DPO-005,1087,Released,unlinked,179
SO-00044,SOUL SKIN CLINIC LLP,3353,PR0006718,Skn Snax - Hydrating Moisturizer Gel 50ml,Production Released,RM,3749,1001427,GLYCERINE IP - GODREJ,2.875,EI/PO/26-27/893,1034,Released,unlinked,500
SO-00044,SOUL SKIN CLINIC LLP,3353,PR0006718,Skn Snax - Hydrating Moisturizer Gel 50ml,Production Released,RM,3749,1001427,GLYCERINE IP - GODREJ,2.875,EI/PO/26-27/925,1058,Released,unlinked,500
SO-00044,SOUL SKIN CLINIC LLP,3353,PR0006718,Skn Snax - Hydrating Moisturizer Gel 50ml,Production Released,RM,3542,1001284,CCTG,2.3,DPO-003,1085,Released,linked:PR,3
SO-00044,SOUL SKIN CLINIC LLP,3353,PR0006718,Skn Snax - Hydrating Moisturizer Gel 50ml,Production Released,RM,3355,1000511,Niacinamide,1.15,EI/PO/26-27/926,1059,Released,unlinked,200
SO-00044,SOUL SKIN CLINIC LLP,3353,PR0006718,Skn Snax - Hydrating Moisturizer Gel 50ml,Production Released,RM,3327,1000473,VEGAROL 1698,0.8625,EI/PO/26-27/881,1026,Released,unlinked,100
SO-00044,SOUL SKIN CLINIC LLP,3353,PR0006718,Skn Snax - Hydrating Moisturizer Gel 50ml,Production Released,RM,3108,1000194,Betaine,0.2875,EI/PO/26-27/685,944,Released,unlinked,25
SO-00044,SOUL SKIN CLINIC LLP,3353,PR0006718,Skn Snax - Hydrating Moisturizer Gel 50ml,Production Released,RM,3496,1001210,SODIUM HYALURONATE (CHEMICORE),0.115,EI/PO/26-27/787,984,Released,unlinked,10
SO-00044,SOUL SKIN CLINIC LLP,3353,PR0006718,Skn Snax - Hydrating Moisturizer Gel 50ml,Production Released,RM,3811,1000800,ASCOVIT TM C (3-O-ETHYL ASCORBIC ACID),0.115,EI/PO/26-27/894,1035,Released,unlinked,20
SO-00044,SOUL SKIN CLINIC LLP,3353,PR0006718,Skn Snax - Hydrating Moisturizer Gel 50ml,Production Released,RM,3411,1000612,WATER,41.3655,DPO-005,1087,Released,unlinked,179
SO-00045,SOUL SKIN CLINIC LLP,3352,PR0006719,Skn Snax - Barrier Relief Cream 50ml,Production Released,RM,3542,1001284,CCTG,4.6,DPO-003,1085,Released,linked:PR,3
SO-00045,SOUL SKIN CLINIC LLP,3352,PR0006719,Skn Snax - Barrier Relief Cream 50ml,Production Released,RM,3749,1001427,GLYCERINE IP - GODREJ,2.875,EI/PO/26-27/893,1034,Released,unlinked,500
SO-00045,SOUL SKIN CLINIC LLP,3352,PR0006719,Skn Snax - Barrier Relief Cream 50ml,Production Released,RM,3749,1001427,GLYCERINE IP - GODREJ,2.875,EI/PO/26-27/925,1058,Released,unlinked,500
SO-00045,SOUL SKIN CLINIC LLP,3352,PR0006719,Skn Snax - Barrier Relief Cream 50ml,Production Released,RM,2998,1000040,ARLACEL 2121,1.15,EI/PO/26-27/901,1041,Released,unlinked,50
SO-00045,SOUL SKIN CLINIC LLP,3352,PR0006719,Skn Snax - Barrier Relief Cream 50ml,Production Released,RM,3355,1000511,Niacinamide,1.15,EI/PO/26-27/926,1059,Released,unlinked,200
SO-00045,SOUL SKIN CLINIC LLP,3352,PR0006719,Skn Snax - Barrier Relief Cream 50ml,Production Released,RM,3327,1000473,VEGAROL 1698,1.15,EI/PO/26-27/881,1026,Released,unlinked,100
SO-00045,SOUL SKIN CLINIC LLP,3352,PR0006719,Skn Snax - Barrier Relief Cream 50ml,Production Released,RM,3486,1001182,FM-proVB5,0.115,EI/PO/26-27/897,1038,Released,unlinked,40
SO-00045,SOUL SKIN CLINIC LLP,3352,PR0006719,Skn Snax - Barrier Relief Cream 50ml,Production Released,RM,3496,1001210,SODIUM HYALURONATE (CHEMICORE),0.0575,EI/PO/26-27/787,984,Released,unlinked,10
SO-00045,SOUL SKIN CLINIC LLP,3352,PR0006719,Skn Snax - Barrier Relief Cream 50ml,Production Released,RM,3411,1000612,WATER,39.4565,DPO-005,1087,Released,unlinked,179
SO-00110,MED MANOR ORGANICS PVT LTD..,3421,PR0004405,MOISTAR DEEP RESTORE LOTION-25ML,Production Released,RM,3749,1001427,GLYCERINE IP - GODREJ,12.5,EI/PO/26-27/893,1034,Released,unlinked,500
SO-00110,MED MANOR ORGANICS PVT LTD..,3421,PR0004405,MOISTAR DEEP RESTORE LOTION-25ML,Production Released,RM,3749,1001427,GLYCERINE IP - GODREJ,12.5,EI/PO/26-27/925,1058,Released,unlinked,500
SO-00110,MED MANOR ORGANICS PVT LTD..,3421,PR0004405,MOISTAR DEEP RESTORE LOTION-25ML,Production Released,RM,2998,1000040,ARLACEL 2121,5,EI/PO/26-27/901,1041,Released,unlinked,50
SO-00110,MED MANOR ORGANICS PVT LTD..,3421,PR0004405,MOISTAR DEEP RESTORE LOTION-25ML,Production Released,RM,3355,1000511,Niacinamide,5,EI/PO/26-27/926,1059,Released,unlinked,200
SO-00110,MED MANOR ORGANICS PVT LTD..,3421,PR0004405,MOISTAR DEEP RESTORE LOTION-25ML,Production Released,RM,3496,1001210,SODIUM HYALURONATE (CHEMICORE),0.25,EI/PO/26-27/787,984,Released,unlinked,10
SO-00110,MED MANOR ORGANICS PVT LTD..,3421,PR0004405,MOISTAR DEEP RESTORE LOTION-25ML,Production Released,RM,3411,1000612,WATER,210.125,DPO-005,1087,Released,unlinked,179
SO-00092,CIRCLE SKINCARE PRIVATE LIMITED,3413,PR0005933,CIRCLE SKINCARE SMART DEFENCE SUNSCREEN SPF 40 PA ++++ 50 ML,Production Released,RM,3285,1000422,SODIUM GLUCONATE,0.1,EI/PO/26-27/881,1026,Released,unlinked,25
SO-00092,CIRCLE SKINCARE PRIVATE LIMITED,3413,PR0005933,CIRCLE SKINCARE SMART DEFENCE SUNSCREEN SPF 40 PA ++++ 50 ML,Production Released,RM,3411,1000612,WATER,43.025,DPO-005,1087,Released,unlinked,179
SO-00092,CIRCLE SKINCARE PRIVATE LIMITED,3413,PR0005933,CIRCLE SKINCARE SMART DEFENCE SUNSCREEN SPF 40 PA ++++ 50 ML,Production Released,RM,3811,1000800,ASCOVIT TM C (3-O-ETHYL ASCORBIC ACID),0.25,EI/PO/26-27/894,1035,Released,unlinked,20
SO-00135,MED MANOR ORGANICS PVT LTD..,3438,PR0004407,MEDMANOR MOISTAR DEEP RESTORE LOTION 150 ML,Production Released,RM,3749,1001427,GLYCERINE IP - GODREJ,22.5,EI/PO/26-27/893,1034,Released,unlinked,500
SO-00135,MED MANOR ORGANICS PVT LTD..,3438,PR0004407,MEDMANOR MOISTAR DEEP RESTORE LOTION 150 ML,Production Released,RM,3749,1001427,GLYCERINE IP - GODREJ,22.5,EI/PO/26-27/925,1058,Released,unlinked,500
SO-00135,MED MANOR ORGANICS PVT LTD..,3438,PR0004407,MEDMANOR MOISTAR DEEP RESTORE LOTION 150 ML,Production Released,RM,2998,1000040,ARLACEL 2121,9,EI/PO/26-27/901,1041,Released,unlinked,50
SO-00135,MED MANOR ORGANICS PVT LTD..,3438,PR0004407,MEDMANOR MOISTAR DEEP RESTORE LOTION 150 ML,Production Released,RM,3496,1001210,SODIUM HYALURONATE (CHEMICORE),0.45,EI/PO/26-27/787,984,Released,unlinked,10
SO-00135,MED MANOR ORGANICS PVT LTD..,3438,PR0004407,MEDMANOR MOISTAR DEEP RESTORE LOTION 150 ML,Production Released,RM,3411,1000612,WATER,378.225,DPO-005,1087,Released,unlinked,179
SO-00135,MED MANOR ORGANICS PVT LTD..,3438,PR0004407,MEDMANOR MOISTAR DEEP RESTORE LOTION 150 ML,Production Released,RM,3355,1000511,Niacinamide,9,EI/PO/26-27/926,1059,Released,unlinked,200
SO-00206,INCNUT LIFESTYLE RETAIL PRIVATE LIMITED,3526,SK2202ASFT,SKINKRAFT ACNE SHIELD FACIAL TONER FOR OILY SKIN 100 ML,Production Released,RM,3355,1000511,Niacinamide,0.096,EI/PO/26-27/926,1059,Released,unlinked,200
SO-00206,INCNUT LIFESTYLE RETAIL PRIVATE LIMITED,3526,SK2202ASFT,SKINKRAFT ACNE SHIELD FACIAL TONER FOR OILY SKIN 100 ML,Production Released,RM,3795,1001355,COSCARE - PDO,0.064,EI/PO/26-27/786,983,Released,unlinked,200
SO-00206,INCNUT LIFESTYLE RETAIL PRIVATE LIMITED,3526,SK2202ASFT,SKINKRAFT ACNE SHIELD FACIAL TONER FOR OILY SKIN 100 ML,Production Released,RM,3257,1000392,Salicylic Acid,0.0384,EI/PO/26-27/881,1026,Released,unlinked,50
SO-00206,INCNUT LIFESTYLE RETAIL PRIVATE LIMITED,3526,SK2202ASFT,SKINKRAFT ACNE SHIELD FACIAL TONER FOR OILY SKIN 100 ML,Production Released,RM,3411,1000612,WATER,2.9328,DPO-005,1087,Released,unlinked,179
SO-00204,INCNUT LIFESTYLE RETAIL PRIVATE LIMITED,3496,SK2202ASFT,SKINKRAFT ACNE SHIELD FACIAL TONER FOR OILY SKIN 100 ML,Production Released,RM,3355,1000511,Niacinamide,6,EI/PO/26-27/926,1059,Released,unlinked,200
SO-00204,INCNUT LIFESTYLE RETAIL PRIVATE LIMITED,3496,SK2202ASFT,SKINKRAFT ACNE SHIELD FACIAL TONER FOR OILY SKIN 100 ML,Production Released,RM,3795,1001355,COSCARE - PDO,4,EI/PO/26-27/786,983,Released,unlinked,200
SO-00204,INCNUT LIFESTYLE RETAIL PRIVATE LIMITED,3496,SK2202ASFT,SKINKRAFT ACNE SHIELD FACIAL TONER FOR OILY SKIN 100 ML,Production Released,RM,3257,1000392,Salicylic Acid,2.4,EI/PO/26-27/881,1026,Released,unlinked,50
SO-00204,INCNUT LIFESTYLE RETAIL PRIVATE LIMITED,3496,SK2202ASFT,SKINKRAFT ACNE SHIELD FACIAL TONER FOR OILY SKIN 100 ML,Production Released,RM,3411,1000612,WATER,183.3,DPO-005,1087,Released,unlinked,179
SO-00111,Skin Grid,3422,PR0002783,SKINCLINED BODY EXFOLIANT WASH - 120ML,Production Released,RM,3411,1000612,WATER,6.3648,DPO-005,1087,Released,unlinked,179
SO-00111,Skin Grid,3422,PR0002783,SKINCLINED BODY EXFOLIANT WASH - 120ML,Production Released,RM,2984,1000019,ALPHA CAPB,1.8,EI/PO/26-27/890,1031,Released,unlinked,500
SO-00111,Skin Grid,3422,PR0002783,SKINCLINED BODY EXFOLIANT WASH - 120ML,Production Released,RM,3108,1000194,Betaine,0.36,EI/PO/26-27/685,944,Released,unlinked,25
SO-00111,Skin Grid,3422,PR0002783,SKINCLINED BODY EXFOLIANT WASH - 120ML,Production Released,RM,3749,1001427,GLYCERINE IP - GODREJ,0.36,EI/PO/26-27/893,1034,Released,unlinked,500
SO-00111,Skin Grid,3422,PR0002783,SKINCLINED BODY EXFOLIANT WASH - 120ML,Production Released,RM,3749,1001427,GLYCERINE IP - GODREJ,0.36,EI/PO/26-27/925,1058,Released,unlinked,500
SO-00111,Skin Grid,3422,PR0002783,SKINCLINED BODY EXFOLIANT WASH - 120ML,Production Released,RM,3257,1000392,Salicylic Acid,0.24,EI/PO/26-27/881,1026,Released,unlinked,50
SO-00111,Skin Grid,3422,PR0002783,SKINCLINED BODY EXFOLIANT WASH - 120ML,Production Released,RM,3756,1001381,DECYL GLUCOSIDE 50% (APG 2000),0.24,EI/PO/26-27/911,1049,Released,unlinked,200
SO-00628,MYSKINN,3385,PR0006890,MYSKINN GLIDE LIP BALM 5ML,Production Released,RM,3277,1000412,Butyrospermum Parkii Butter,1.1,EI/PO/26-27/881,1026,Released,unlinked,80
SO-00118,OLIVA SKIN AND HAIR CLINIC,3424,PR0003922,OLIVA REPLENISHING MOISTURIZING GEL CREAM MOISTURISER FOR NORMAL SKIN 50ML,Production Released,RM,3411,1000612,WATER,124.05,DPO-005,1087,Released,unlinked,179
SO-00118,OLIVA SKIN AND HAIR CLINIC,3424,PR0003922,OLIVA REPLENISHING MOISTURIZING GEL CREAM MOISTURISER FOR NORMAL SKIN 50ML,Production Released,RM,3355,1000511,Niacinamide,3,EI/PO/26-27/926,1059,Released,unlinked,200
SO-00118,OLIVA SKIN AND HAIR CLINIC,3424,PR0003922,OLIVA REPLENISHING MOISTURIZING GEL CREAM MOISTURISER FOR NORMAL SKIN 50ML,Production Released,RM,3496,1001210,SODIUM HYALURONATE (CHEMICORE),0.15,EI/PO/26-27/787,984,Released,unlinked,10
SO-00075,VENUS HOLISTIC SERVICES PRIVATE LIMITED,3403,PR0004689,ROMA DERMA UV HALT SUNSCREEN SPF 50 PA+++ - 50ML,Production Released,RM,3411,1000612,WATER,5.244,DPO-005,1087,Released,unlinked,179
SO-00075,VENUS HOLISTIC SERVICES PRIVATE LIMITED,3403,PR0004689,ROMA DERMA UV HALT SUNSCREEN SPF 50 PA+++ - 50ML,Production Released,RM,2998,1000040,ARLACEL 2121,0.0375,EI/PO/26-27/901,1041,Released,unlinked,50
SO-00146,MakeO Healthcare Technologies Pvt Ltd,3443,PR0006988,MAKEO HAPPY HYDRATE CERAMIDE BODY MOISTURIZER 100 ML,Production Released,RM,3411,1000612,WATER,83.97,DPO-005,1087,Released,unlinked,179
SO-00146,MakeO Healthcare Technologies Pvt Ltd,3443,PR0006988,MAKEO HAPPY HYDRATE CERAMIDE BODY MOISTURIZER 100 ML,Production Released,RM,3749,1001427,GLYCERINE IP - GODREJ,2,EI/PO/26-27/893,1034,Released,unlinked,500
SO-00146,MakeO Healthcare Technologies Pvt Ltd,3443,PR0006988,MAKEO HAPPY HYDRATE CERAMIDE BODY MOISTURIZER 100 ML,Production Released,RM,3749,1001427,GLYCERINE IP - GODREJ,2,EI/PO/26-27/925,1058,Released,unlinked,500
SO-00146,MakeO Healthcare Technologies Pvt Ltd,3443,PR0006988,MAKEO HAPPY HYDRATE CERAMIDE BODY MOISTURIZER 100 ML,Production Released,RM,3355,1000511,Niacinamide,2,EI/PO/26-27/926,1059,Released,unlinked,200
SO-00146,MakeO Healthcare Technologies Pvt Ltd,3443,PR0006988,MAKEO HAPPY HYDRATE CERAMIDE BODY MOISTURIZER 100 ML,Production Released,RM,3277,1000412,Butyrospermum Parkii Butter,1,EI/PO/26-27/881,1026,Released,unlinked,80
SO-00146,MakeO Healthcare Technologies Pvt Ltd,3443,PR0006988,MAKEO HAPPY HYDRATE CERAMIDE BODY MOISTURIZER 100 ML,Production Released,RM,2998,1000040,ARLACEL 2121,0.25,EI/PO/26-27/901,1041,Released,unlinked,50
SO-00204,INCNUT LIFESTYLE RETAIL PRIVATE LIMITED,3501,PR0006729,SKINKRAFT NEW ACNE EXFOLIATING FACE CREAM 30GM,Production Released,RM,3355,1000511,Niacinamide,24,EI/PO/26-27/926,1059,Released,unlinked,200
SO-00204,INCNUT LIFESTYLE RETAIL PRIVATE LIMITED,3501,PR0006729,SKINKRAFT NEW ACNE EXFOLIATING FACE CREAM 30GM,Production Released,RM,3609,1001399,Melaleuca Alternifolia Leaf Oil,3.84,EI/PO/26-27/783,980,Released,unlinked,5
SO-00204,INCNUT LIFESTYLE RETAIL PRIVATE LIMITED,3501,PR0006729,SKINKRAFT NEW ACNE EXFOLIATING FACE CREAM 30GM,Production Released,RM,3486,1001182,FM-proVB5,2.4,EI/PO/26-27/897,1038,Released,unlinked,40
SO-00204,INCNUT LIFESTYLE RETAIL PRIVATE LIMITED,3501,PR0006729,SKINKRAFT NEW ACNE EXFOLIATING FACE CREAM 30GM,Production Released,RM,3411,1000612,AQUA,339.84,DPO-005,1087,Released,unlinked,179
SO-00206,INCNUT LIFESTYLE RETAIL PRIVATE LIMITED,3528,PR0006729,SKINKRAFT NEW ACNE EXFOLIATING FACE CREAM 30GM,Production Released,RM,3355,1000511,Niacinamide,12,EI/PO/26-27/926,1059,Released,unlinked,200
SO-00206,INCNUT LIFESTYLE RETAIL PRIVATE LIMITED,3528,PR0006729,SKINKRAFT NEW ACNE EXFOLIATING FACE CREAM 30GM,Production Released,RM,3609,1001399,Melaleuca Alternifolia Leaf Oil,1.92,EI/PO/26-27/783,980,Released,unlinked,5
SO-00206,INCNUT LIFESTYLE RETAIL PRIVATE LIMITED,3528,PR0006729,SKINKRAFT NEW ACNE EXFOLIATING FACE CREAM 30GM,Production Released,RM,3486,1001182,FM-proVB5,1.2,EI/PO/26-27/897,1038,Released,unlinked,40
SO-00206,INCNUT LIFESTYLE RETAIL PRIVATE LIMITED,3528,PR0006729,SKINKRAFT NEW ACNE EXFOLIATING FACE CREAM 30GM,Production Released,RM,3411,1000612,AQUA,169.92,DPO-005,1087,Released,unlinked,179
SO-00122,ETERNITE ELEMENTS PRIVATE LIMITED,3426,PR0005445,DAUGHTER EARTH SUNNYDIP HYBRID SUNSCREEN SPF 50 PA++++ 50 ML,Production Released,RM,3411,1000612,WATER,14.39,DPO-005,1087,Released,unlinked,179
SO-00122,ETERNITE ELEMENTS PRIVATE LIMITED,3426,PR0005445,DAUGHTER EARTH SUNNYDIP HYBRID SUNSCREEN SPF 50 PA++++ 50 ML,Production Released,RM,3795,1001355,"1, 3 - PROPANEDIOL",0.75,EI/PO/26-27/786,983,Released,unlinked,200
SO-00122,ETERNITE ELEMENTS PRIVATE LIMITED,3426,PR0005445,DAUGHTER EARTH SUNNYDIP HYBRID SUNSCREEN SPF 50 PA++++ 50 ML,Production Released,RM,3749,1001427,GLYCERINE IP - GODREJ,0.75,EI/PO/26-27/893,1034,Released,unlinked,500
SO-00122,ETERNITE ELEMENTS PRIVATE LIMITED,3426,PR0005445,DAUGHTER EARTH SUNNYDIP HYBRID SUNSCREEN SPF 50 PA++++ 50 ML,Production Released,RM,3749,1001427,GLYCERINE IP - GODREJ,0.75,EI/PO/26-27/925,1058,Released,unlinked,500
SO-00122,ETERNITE ELEMENTS PRIVATE LIMITED,3426,PR0005445,DAUGHTER EARTH SUNNYDIP HYBRID SUNSCREEN SPF 50 PA++++ 50 ML,Production Released,RM,3355,1000511,Niacinamide,0.25,EI/PO/26-27/926,1059,Released,unlinked,200
SO-00122,ETERNITE ELEMENTS PRIVATE LIMITED,3426,PR0005445,DAUGHTER EARTH SUNNYDIP HYBRID SUNSCREEN SPF 50 PA++++ 50 ML,Production Released,RM,2998,1000040,ARLACEL 2121,0.25,EI/PO/26-27/901,1041,Released,unlinked,50
SO-00122,ETERNITE ELEMENTS PRIVATE LIMITED,3426,PR0005445,DAUGHTER EARTH SUNNYDIP HYBRID SUNSCREEN SPF 50 PA++++ 50 ML,Production Released,RM,3811,1000800,ASCOVIT TM C (3-O-ETHYL ASCORBIC ACID),0.125,EI/PO/26-27/894,1035,Released,unlinked,20
SO-00122,ETERNITE ELEMENTS PRIVATE LIMITED,3426,PR0005445,DAUGHTER EARTH SUNNYDIP HYBRID SUNSCREEN SPF 50 PA++++ 50 ML,Production Released,RM,3677,2000054,Rose Oil,0.07,EI/PO/26-27/937,1066,Released,unlinked,1
SO-00122,ETERNITE ELEMENTS PRIVATE LIMITED,3426,PR0005445,DAUGHTER EARTH SUNNYDIP HYBRID SUNSCREEN SPF 50 PA++++ 50 ML,Production Released,RM,3285,1000422,SODIUM GLUCONATE,0.05,EI/PO/26-27/881,1026,Released,unlinked,25
SO-00122,ETERNITE ELEMENTS PRIVATE LIMITED,3426,PR0005445,DAUGHTER EARTH SUNNYDIP HYBRID SUNSCREEN SPF 50 PA++++ 50 ML,Production Released,RM,3277,1000412,Butyrospermum Parkii Butter,0.025,EI/PO/26-27/881,1026,Released,unlinked,80
SO-00147,MakeO Healthcare Technologies Pvt Ltd,3444,PR0007400,MAKEO HAPPY HYDRATE CERAMIDE BODY MOISTURIZER 250ML,Production Released,RM,3411,1000612,WATER,209.925,DPO-005,1087,Released,unlinked,179
SO-00147,MakeO Healthcare Technologies Pvt Ltd,3444,PR0007400,MAKEO HAPPY HYDRATE CERAMIDE BODY MOISTURIZER 250ML,Production Released,RM,3749,1001427,GLYCERINE IP - GODREJ,5,EI/PO/26-27/893,1034,Released,unlinked,500
SO-00147,MakeO Healthcare Technologies Pvt Ltd,3444,PR0007400,MAKEO HAPPY HYDRATE CERAMIDE BODY MOISTURIZER 250ML,Production Released,RM,3749,1001427,GLYCERINE IP - GODREJ,5,EI/PO/26-27/925,1058,Released,unlinked,500
SO-00147,MakeO Healthcare Technologies Pvt Ltd,3444,PR0007400,MAKEO HAPPY HYDRATE CERAMIDE BODY MOISTURIZER 250ML,Production Released,RM,3355,1000511,Niacinamide,5,EI/PO/26-27/926,1059,Released,unlinked,200
SO-00147,MakeO Healthcare Technologies Pvt Ltd,3444,PR0007400,MAKEO HAPPY HYDRATE CERAMIDE BODY MOISTURIZER 250ML,Production Released,RM,3277,1000412,Butyrospermum Parkii Butter,2.5,EI/PO/26-27/881,1026,Released,unlinked,80
SO-00147,MakeO Healthcare Technologies Pvt Ltd,3444,PR0007400,MAKEO HAPPY HYDRATE CERAMIDE BODY MOISTURIZER 250ML,Production Released,RM,2998,1000040,ARLACEL 2121,0.625,EI/PO/26-27/901,1041,Released,unlinked,50
SO-00143,OLIVA SKIN AND HAIR CLINIC,3321,PR0005345,OLIVA SOOTHING FACE CLEANSER FOR DRY/SENSITIVE SKIN 80 ML,Production Released,RM,3411,1000612,WATER,8.866,DPO-005,1087,Released,unlinked,179
SO-00143,OLIVA SKIN AND HAIR CLINIC,3321,PR0005345,OLIVA SOOTHING FACE CLEANSER FOR DRY/SENSITIVE SKIN 80 ML,Production Released,RM,3749,1001427,GLYCERINE IP - GODREJ,3.3,EI/PO/26-27/893,1034,Released,unlinked,500
SO-00143,OLIVA SKIN AND HAIR CLINIC,3321,PR0005345,OLIVA SOOTHING FACE CLEANSER FOR DRY/SENSITIVE SKIN 80 ML,Production Released,RM,3749,1001427,GLYCERINE IP - GODREJ,3.3,EI/PO/26-27/925,1058,Released,unlinked,500
SO-00143,OLIVA SKIN AND HAIR CLINIC,3321,PR0005345,OLIVA SOOTHING FACE CLEANSER FOR DRY/SENSITIVE SKIN 80 ML,Production Released,RM,3438,1001082,SODIUM COCOYL METHYL TAURATE,3.3,EI/PO/26-27/785,982,Released,unlinked,200
SO-00143,OLIVA SKIN AND HAIR CLINIC,3321,PR0005345,OLIVA SOOTHING FACE CLEANSER FOR DRY/SENSITIVE SKIN 80 ML,Production Released,RM,3793,1001341,FLOCARE C 122 PF,0.11,EI/PO/26-27/892,1033,Released,unlinked,60
SO-00126,VRS HOLISTICS,3430,PR0005862,EUDERM GENTLE FOAMING CLEANSER 100ML,Production Released,RM,3411,1000612,WATER,9.79,DPO-005,1087,Released,unlinked,179
SO-00126,VRS HOLISTICS,3430,PR0005862,EUDERM GENTLE FOAMING CLEANSER 100ML,Production Released,RM,2984,1000019,ALPHA CAPB,4,EI/PO/26-27/890,1031,Released,unlinked,500
SO-00126,VRS HOLISTICS,3430,PR0005862,EUDERM GENTLE FOAMING CLEANSER 100ML,Production Released,RM,3438,1001082,SODIUM COCOYL METHYL TAURATE,2,EI/PO/26-27/785,982,Released,unlinked,200
SO-00126,VRS HOLISTICS,3430,PR0005862,EUDERM GENTLE FOAMING CLEANSER 100ML,Production Released,RM,3749,1001427,GLYCERINE IP - GODREJ,0.6,EI/PO/26-27/893,1034,Released,unlinked,500
SO-00126,VRS HOLISTICS,3430,PR0005862,EUDERM GENTLE FOAMING CLEANSER 100ML,Production Released,RM,3749,1001427,GLYCERINE IP - GODREJ,0.6,EI/PO/26-27/925,1058,Released,unlinked,500
SO-00125,HEALIOS WOUND SOLUTIONS LLP,3429,PR0005432,SERISKIN HYDRASILK BEDEW BODY MOISTURIZER 200ML,Production Released,RM,3411,1000612,WATER,42.978,DPO-005,1087,Released,unlinked,179
SO-00125,HEALIOS WOUND SOLUTIONS LLP,3429,PR0005432,SERISKIN HYDRASILK BEDEW BODY MOISTURIZER 200ML,Production Released,RM,3542,1001284,CCTG,3,DPO-003,1085,Released,linked:PR,3
SO-00125,HEALIOS WOUND SOLUTIONS LLP,3429,PR0005432,SERISKIN HYDRASILK BEDEW BODY MOISTURIZER 200ML,Production Released,RM,3749,1001427,GLYCERINE IP - GODREJ,1.2,EI/PO/26-27/893,1034,Released,unlinked,500
SO-00125,HEALIOS WOUND SOLUTIONS LLP,3429,PR0005432,SERISKIN HYDRASILK BEDEW BODY MOISTURIZER 200ML,Production Released,RM,3749,1001427,GLYCERINE IP - GODREJ,1.2,EI/PO/26-27/925,1058,Released,unlinked,500
SO-00125,HEALIOS WOUND SOLUTIONS LLP,3429,PR0005432,SERISKIN HYDRASILK BEDEW BODY MOISTURIZER 200ML,Production Released,RM,3277,1000412,Butyrospermum Parkii Butter,0.9,EI/PO/26-27/881,1026,Released,unlinked,80
SO-00125,HEALIOS WOUND SOLUTIONS LLP,3429,PR0005432,SERISKIN HYDRASILK BEDEW BODY MOISTURIZER 200ML,Production Released,RM,3496,1001210,SODIUM HYALURONATE (CHEMICORE),0.06,EI/PO/26-27/787,984,Released,unlinked,10
SO-00125,HEALIOS WOUND SOLUTIONS LLP,3429,PR0005432,SERISKIN HYDRASILK BEDEW BODY MOISTURIZER 200ML,Production Released,RM,3355,1000511,Niacinamide,0.06,EI/PO/26-27/926,1059,Released,unlinked,200
SO-00131,Sai Akshara Pharmacy,3434,PR0005041,DERMINNOVA INTENSE REPLENISH FACE MOISTURIZER 100 ML,Production Released,RM,3411,1000612,WATER,72.28,DPO-005,1087,Released,unlinked,179
SO-00131,Sai Akshara Pharmacy,3434,PR0005041,DERMINNOVA INTENSE REPLENISH FACE MOISTURIZER 100 ML,Production Released,RM,3542,1001284,CCTG,5,DPO-003,1085,Released,linked:PR,3
SO-00131,Sai Akshara Pharmacy,3434,PR0005041,DERMINNOVA INTENSE REPLENISH FACE MOISTURIZER 100 ML,Production Released,RM,3795,1001355,"1, 3 - PROPANEDIOL",5,EI/PO/26-27/786,983,Released,unlinked,200
SO-00131,Sai Akshara Pharmacy,3434,PR0005041,DERMINNOVA INTENSE REPLENISH FACE MOISTURIZER 100 ML,Production Released,RM,3749,1001427,GLYCERINE IP - GODREJ,3,EI/PO/26-27/893,1034,Released,unlinked,500
SO-00131,Sai Akshara Pharmacy,3434,PR0005041,DERMINNOVA INTENSE REPLENISH FACE MOISTURIZER 100 ML,Production Released,RM,3749,1001427,GLYCERINE IP - GODREJ,3,EI/PO/26-27/925,1058,Released,unlinked,500
SO-00131,Sai Akshara Pharmacy,3434,PR0005041,DERMINNOVA INTENSE REPLENISH FACE MOISTURIZER 100 ML,Production Released,RM,3277,1000412,Butyrospermum Parkii Butter,2,EI/PO/26-27/881,1026,Released,unlinked,80
SO-00131,Sai Akshara Pharmacy,3434,PR0005041,DERMINNOVA INTENSE REPLENISH FACE MOISTURIZER 100 ML,Production Released,RM,3496,1001210,SODIUM HYALURONATE (CHEMICORE),0.1,EI/PO/26-27/787,984,Released,unlinked,10
SO-00172,INCNUT LIFESTYLE RETAIL PRIVATE LIMITED,3324,PR0005377,SKINKRAFT NEW DEEP MOISTURIZING & SMOOTHENING SHAMPOO 200 ML,Production Released,RM,3480,1001162,EMPICOL XCT 14,18.744,EI/PO/26-27/898,1039,Released,unlinked,210
SO-00172,INCNUT LIFESTYLE RETAIL PRIVATE LIMITED,3324,PR0005377,SKINKRAFT NEW DEEP MOISTURIZING & SMOOTHENING SHAMPOO 200 ML,Production Released,RM,3897,1001183,GALAXY CAPB,12.496,EI/PO/26-27/951,1077,Released,unlinked,200
SO-00172,INCNUT LIFESTYLE RETAIL PRIVATE LIMITED,3324,PR0005377,SKINKRAFT NEW DEEP MOISTURIZING & SMOOTHENING SHAMPOO 200 ML,Production Released,RM,3359,1000517,GALAXY SCI 85P,7.81,EI/PO/26-27/949,1075,Released,unlinked,240
SO-00172,INCNUT LIFESTYLE RETAIL PRIVATE LIMITED,3324,PR0005377,SKINKRAFT NEW DEEP MOISTURIZING & SMOOTHENING SHAMPOO 200 ML,Production Released,RM,3434,1000806,Propylene Glycol,1.562,EI/PO/26-27/895,1036,Released,unlinked,430
SO-00172,INCNUT LIFESTYLE RETAIL PRIVATE LIMITED,3324,PR0005377,SKINKRAFT NEW DEEP MOISTURIZING & SMOOTHENING SHAMPOO 200 ML,Production Released,RM,3486,1001182,FM-proVB5,0.781,EI/PO/26-27/897,1038,Released,unlinked,40
SO-00172,INCNUT LIFESTYLE RETAIL PRIVATE LIMITED,3324,PR0005377,SKINKRAFT NEW DEEP MOISTURIZING & SMOOTHENING SHAMPOO 200 ML,Production Released,RM,3355,1000511,Niacinamide,0.3124,EI/PO/26-27/926,1059,Released,unlinked,200
SO-00172,INCNUT LIFESTYLE RETAIL PRIVATE LIMITED,3324,PR0005377,SKINKRAFT NEW DEEP MOISTURIZING & SMOOTHENING SHAMPOO 200 ML,Production Released,RM,3411,1000612,AQUA,85.91,DPO-005,1087,Released,unlinked,179
SO-00009,INCNUT LIFESTYLE RETAIL PRIVATE LIMITED,3365,PR0005377,SKINKRAFT NEW DEEP MOISTURIZING & SMOOTHENING SHAMPOO 200 ML,Production Released,RM,3480,1001162,EMPICOL XCT 14,19.2,EI/PO/26-27/898,1039,Released,unlinked,210
SO-00009,INCNUT LIFESTYLE RETAIL PRIVATE LIMITED,3365,PR0005377,SKINKRAFT NEW DEEP MOISTURIZING & SMOOTHENING SHAMPOO 200 ML,Production Released,RM,3897,1001183,GALAXY CAPB,12.8,EI/PO/26-27/951,1077,Released,unlinked,200
SO-00009,INCNUT LIFESTYLE RETAIL PRIVATE LIMITED,3365,PR0005377,SKINKRAFT NEW DEEP MOISTURIZING & SMOOTHENING SHAMPOO 200 ML,Production Released,RM,3359,1000517,GALAXY SCI 85P,8,EI/PO/26-27/949,1075,Released,unlinked,240
SO-00009,INCNUT LIFESTYLE RETAIL PRIVATE LIMITED,3365,PR0005377,SKINKRAFT NEW DEEP MOISTURIZING & SMOOTHENING SHAMPOO 200 ML,Production Released,RM,3434,1000806,Propylene Glycol,1.6,EI/PO/26-27/895,1036,Released,unlinked,430
SO-00009,INCNUT LIFESTYLE RETAIL PRIVATE LIMITED,3365,PR0005377,SKINKRAFT NEW DEEP MOISTURIZING & SMOOTHENING SHAMPOO 200 ML,Production Released,RM,3486,1001182,FM-proVB5,0.8,EI/PO/26-27/897,1038,Released,unlinked,40
SO-00009,INCNUT LIFESTYLE RETAIL PRIVATE LIMITED,3365,PR0005377,SKINKRAFT NEW DEEP MOISTURIZING & SMOOTHENING SHAMPOO 200 ML,Production Released,RM,3355,1000511,Niacinamide,0.32,EI/PO/26-27/926,1059,Released,unlinked,200
SO-00009,INCNUT LIFESTYLE RETAIL PRIVATE LIMITED,3365,PR0005377,SKINKRAFT NEW DEEP MOISTURIZING & SMOOTHENING SHAMPOO 200 ML,Production Released,RM,3411,1000612,AQUA,88,DPO-005,1087,Released,unlinked,179
SO-00009,INCNUT LIFESTYLE RETAIL PRIVATE LIMITED,3367,PR0005379,SKINKRAFT NEW VOLUME RESTORE WITH OIL BALANCE SHAMPOO 200ML,Production Released,RM,3480,1001162,EMPICOL XCT 14,12,EI/PO/26-27/898,1039,Released,unlinked,210
SO-00009,INCNUT LIFESTYLE RETAIL PRIVATE LIMITED,3367,PR0005379,SKINKRAFT NEW VOLUME RESTORE WITH OIL BALANCE SHAMPOO 200ML,Production Released,RM,3897,1001183,GALAXY CAPB,8,EI/PO/26-27/951,1077,Released,unlinked,200
SO-00009,INCNUT LIFESTYLE RETAIL PRIVATE LIMITED,3367,PR0005379,SKINKRAFT NEW VOLUME RESTORE WITH OIL BALANCE SHAMPOO 200ML,Production Released,RM,3359,1000517,GALAXY SCI 85P,5,EI/PO/26-27/949,1075,Released,unlinked,240
SO-00009,INCNUT LIFESTYLE RETAIL PRIVATE LIMITED,3367,PR0005379,SKINKRAFT NEW VOLUME RESTORE WITH OIL BALANCE SHAMPOO 200ML,Production Released,RM,3503,1001220,GALSOFT ECOCARE 175,4,EI/PO/26-27/951,1077,Released,unlinked,50
SO-00009,INCNUT LIFESTYLE RETAIL PRIVATE LIMITED,3367,PR0005379,SKINKRAFT NEW VOLUME RESTORE WITH OIL BALANCE SHAMPOO 200ML,Production Released,RM,3486,1001182,FM-proVB5,0.5,EI/PO/26-27/897,1038,Released,unlinked,40
SO-00009,INCNUT LIFESTYLE RETAIL PRIVATE LIMITED,3367,PR0005379,SKINKRAFT NEW VOLUME RESTORE WITH OIL BALANCE SHAMPOO 200ML,Production Released,RM,3355,1000511,Niacinamide,0.2,EI/PO/26-27/926,1059,Released,unlinked,200
SO-00009,INCNUT LIFESTYLE RETAIL PRIVATE LIMITED,3367,PR0005379,SKINKRAFT NEW VOLUME RESTORE WITH OIL BALANCE SHAMPOO 200ML,Production Released,RM,3411,1000612,WATER,50.9,DPO-005,1087,Released,unlinked,179
SO-00172,INCNUT LIFESTYLE RETAIL PRIVATE LIMITED,3326,PR0005379,SKINKRAFT NEW VOLUME RESTORE WITH OIL BALANCE SHAMPOO 200ML,Production Released,RM,3480,1001162,EMPICOL XCT 14,22.32,EI/PO/26-27/898,1039,Released,unlinked,210
SO-00172,INCNUT LIFESTYLE RETAIL PRIVATE LIMITED,3326,PR0005379,SKINKRAFT NEW VOLUME RESTORE WITH OIL BALANCE SHAMPOO 200ML,Production Released,RM,3897,1001183,GALAXY CAPB,14.88,EI/PO/26-27/951,1077,Released,unlinked,200
SO-00172,INCNUT LIFESTYLE RETAIL PRIVATE LIMITED,3326,PR0005379,SKINKRAFT NEW VOLUME RESTORE WITH OIL BALANCE SHAMPOO 200ML,Production Released,RM,3359,1000517,GALAXY SCI 85P,9.3,EI/PO/26-27/949,1075,Released,unlinked,240
SO-00172,INCNUT LIFESTYLE RETAIL PRIVATE LIMITED,3326,PR0005379,SKINKRAFT NEW VOLUME RESTORE WITH OIL BALANCE SHAMPOO 200ML,Production Released,RM,3503,1001220,GALSOFT ECOCARE 175,7.44,EI/PO/26-27/951,1077,Released,unlinked,50
SO-00172,INCNUT LIFESTYLE RETAIL PRIVATE LIMITED,3326,PR0005379,SKINKRAFT NEW VOLUME RESTORE WITH OIL BALANCE SHAMPOO 200ML,Production Released,RM,3486,1001182,FM-proVB5,0.93,EI/PO/26-27/897,1038,Released,unlinked,40
SO-00172,INCNUT LIFESTYLE RETAIL PRIVATE LIMITED,3326,PR0005379,SKINKRAFT NEW VOLUME RESTORE WITH OIL BALANCE SHAMPOO 200ML,Production Released,RM,3355,1000511,Niacinamide,0.372,EI/PO/26-27/926,1059,Released,unlinked,200
SO-00172,INCNUT LIFESTYLE RETAIL PRIVATE LIMITED,3326,PR0005379,SKINKRAFT NEW VOLUME RESTORE WITH OIL BALANCE SHAMPOO 200ML,Production Released,RM,3411,1000612,WATER,94.674,DPO-005,1087,Released,unlinked,179
SO-00170,VRS HOLISTICS,3460,PR0003750,EUDERM LIGHT PROTECT SUNSCREEN SPF 50 PA +++ 50ML,Production Released,RM,3411,1000612,WATER,3.705,DPO-005,1087,Released,unlinked,179
SO-00170,VRS HOLISTICS,3460,PR0003750,EUDERM LIGHT PROTECT SUNSCREEN SPF 50 PA +++ 50ML,Production Released,RM,3542,1001284,CCTG,0.3,DPO-003,1085,Released,linked:PR,3
SO-00170,VRS HOLISTICS,3460,PR0003750,EUDERM LIGHT PROTECT SUNSCREEN SPF 50 PA +++ 50ML,Production Released,RM,3285,1000422,SODIUM GLUCONATE,0.01,EI/PO/26-27/881,1026,Released,unlinked,25
SO-00173,INCNUT LIFESTYLE RETAIL PRIVATE LIMITED,3330,PR0006412,SKINKRAFT VOLUME BOOST OIL CONTROL SHAMPOO - 120 ML,Production Released,RM,3480,1001162,EMPICOL XCT 14,22.9968,EI/PO/26-27/898,1039,Released,unlinked,210
SO-00173,INCNUT LIFESTYLE RETAIL PRIVATE LIMITED,3330,PR0006412,SKINKRAFT VOLUME BOOST OIL CONTROL SHAMPOO - 120 ML,Production Released,RM,3897,1001183,GALAXY CAPB,15.3312,EI/PO/26-27/951,1077,Released,unlinked,200
SO-00173,INCNUT LIFESTYLE RETAIL PRIVATE LIMITED,3330,PR0006412,SKINKRAFT VOLUME BOOST OIL CONTROL SHAMPOO - 120 ML,Production Released,RM,3359,1000517,GALAXY SCI 85P,9.582,EI/PO/26-27/949,1075,Released,unlinked,240
SO-00173,INCNUT LIFESTYLE RETAIL PRIVATE LIMITED,3330,PR0006412,SKINKRAFT VOLUME BOOST OIL CONTROL SHAMPOO - 120 ML,Production Released,RM,3503,1001220,GALSOFT ECOCARE 175,7.6656,EI/PO/26-27/951,1077,Released,unlinked,50
SO-00173,INCNUT LIFESTYLE RETAIL PRIVATE LIMITED,3330,PR0006412,SKINKRAFT VOLUME BOOST OIL CONTROL SHAMPOO - 120 ML,Production Released,RM,3486,1001182,FM-proVB5,0.9582,EI/PO/26-27/897,1038,Released,unlinked,40
SO-00173,INCNUT LIFESTYLE RETAIL PRIVATE LIMITED,3330,PR0006412,SKINKRAFT VOLUME BOOST OIL CONTROL SHAMPOO - 120 ML,Production Released,RM,3355,1000511,Niacinamide,0.38328,EI/PO/26-27/926,1059,Released,unlinked,200
SO-00173,INCNUT LIFESTYLE RETAIL PRIVATE LIMITED,3330,PR0006412,SKINKRAFT VOLUME BOOST OIL CONTROL SHAMPOO - 120 ML,Production Released,RM,3411,1000612,WATER,97.54476,DPO-005,1087,Released,unlinked,179
SO-00007,INCNUT LIFESTYLE RETAIL PRIVATE LIMITED,3373,PR0006412,SKINKRAFT VOLUME BOOST OIL CONTROL SHAMPOO - 120 ML,Production Released,RM,3480,1001162,EMPICOL XCT 14,11.52,EI/PO/26-27/898,1039,Released,unlinked,210
SO-00007,INCNUT LIFESTYLE RETAIL PRIVATE LIMITED,3373,PR0006412,SKINKRAFT VOLUME BOOST OIL CONTROL SHAMPOO - 120 ML,Production Released,RM,3897,1001183,GALAXY CAPB,7.68,EI/PO/26-27/951,1077,Released,unlinked,200
SO-00007,INCNUT LIFESTYLE RETAIL PRIVATE LIMITED,3373,PR0006412,SKINKRAFT VOLUME BOOST OIL CONTROL SHAMPOO - 120 ML,Production Released,RM,3359,1000517,GALAXY SCI 85P,4.8,EI/PO/26-27/949,1075,Released,unlinked,240
SO-00007,INCNUT LIFESTYLE RETAIL PRIVATE LIMITED,3373,PR0006412,SKINKRAFT VOLUME BOOST OIL CONTROL SHAMPOO - 120 ML,Production Released,RM,3503,1001220,GALSOFT ECOCARE 175,3.84,EI/PO/26-27/951,1077,Released,unlinked,50
SO-00007,INCNUT LIFESTYLE RETAIL PRIVATE LIMITED,3373,PR0006412,SKINKRAFT VOLUME BOOST OIL CONTROL SHAMPOO - 120 ML,Production Released,RM,3486,1001182,FM-proVB5,0.48,EI/PO/26-27/897,1038,Released,unlinked,40
SO-00007,INCNUT LIFESTYLE RETAIL PRIVATE LIMITED,3373,PR0006412,SKINKRAFT VOLUME BOOST OIL CONTROL SHAMPOO - 120 ML,Production Released,RM,3355,1000511,Niacinamide,0.192,EI/PO/26-27/926,1059,Released,unlinked,200
SO-00007,INCNUT LIFESTYLE RETAIL PRIVATE LIMITED,3373,PR0006412,SKINKRAFT VOLUME BOOST OIL CONTROL SHAMPOO - 120 ML,Production Released,RM,3411,1000612,WATER,48.864,DPO-005,1087,Released,unlinked,179
SO-00132,Kallistea Dermatologique,3435,PR0004891,KALLISTEA DERMATOLOGIQUE HYBERA 50 GM,Production Released,RM,3411,1000612,WATER,18.8,DPO-005,1087,Released,unlinked,179
SO-00132,Kallistea Dermatologique,3435,PR0004891,KALLISTEA DERMATOLOGIQUE HYBERA 50 GM,Production Released,RM,3542,1001284,CCTG,1.25,DPO-003,1085,Released,linked:PR,3
SO-00132,Kallistea Dermatologique,3435,PR0004891,KALLISTEA DERMATOLOGIQUE HYBERA 50 GM,Production Released,RM,3749,1001427,GLYCERINE IP - GODREJ,1,EI/PO/26-27/893,1034,Released,unlinked,500
SO-00132,Kallistea Dermatologique,3435,PR0004891,KALLISTEA DERMATOLOGIQUE HYBERA 50 GM,Production Released,RM,3749,1001427,GLYCERINE IP - GODREJ,1,EI/PO/26-27/925,1058,Released,unlinked,500
SO-00132,Kallistea Dermatologique,3435,PR0004891,KALLISTEA DERMATOLOGIQUE HYBERA 50 GM,Production Released,RM,3327,1000473,VEGAROL 1698,0.5,EI/PO/26-27/881,1026,Released,unlinked,100
SO-00132,Kallistea Dermatologique,3435,PR0004891,KALLISTEA DERMATOLOGIQUE HYBERA 50 GM,Production Released,RM,3277,1000412,Butyrospermum Parkii Butter,0.5,EI/PO/26-27/881,1026,Released,unlinked,80
SO-00132,Kallistea Dermatologique,3435,PR0004891,KALLISTEA DERMATOLOGIQUE HYBERA 50 GM,Production Released,RM,3355,1000511,Niacinamide,0.25,EI/PO/26-27/926,1059,Released,unlinked,200
SO-00132,Kallistea Dermatologique,3435,PR0004891,KALLISTEA DERMATOLOGIQUE HYBERA 50 GM,Production Released,RM,3496,1001210,SODIUM HYALURONATE (CHEMICORE),0.125,EI/PO/26-27/787,984,Released,unlinked,10
SO-00165,DR JAYAS EXULT COSMETICA PRIVATE LIMITED,3455,PR0003440,DR.JAYA’S EXULT FACE MOISTURIZER 50ML,Production Released,RM,3411,1000612,WATER,19.3375,DPO-005,1087,Released,unlinked,179
SO-00165,DR JAYAS EXULT COSMETICA PRIVATE LIMITED,3455,PR0003440,DR.JAYA’S EXULT FACE MOISTURIZER 50ML,Production Released,RM,3542,1001284,CCTG,1,DPO-003,1085,Released,linked:PR,3
SO-00165,DR JAYAS EXULT COSMETICA PRIVATE LIMITED,3455,PR0003440,DR.JAYA’S EXULT FACE MOISTURIZER 50ML,Production Released,RM,3327,1000473,VEGAROL 1698,0.5,EI/PO/26-27/881,1026,Released,unlinked,100
SO-00165,DR JAYAS EXULT COSMETICA PRIVATE LIMITED,3455,PR0003440,DR.JAYA’S EXULT FACE MOISTURIZER 50ML,Production Released,RM,3749,1001427,GLYCERINE IP - GODREJ,0.5,EI/PO/26-27/893,1034,Released,unlinked,500
SO-00165,DR JAYAS EXULT COSMETICA PRIVATE LIMITED,3455,PR0003440,DR.JAYA’S EXULT FACE MOISTURIZER 50ML,Production Released,RM,3749,1001427,GLYCERINE IP - GODREJ,0.5,EI/PO/26-27/925,1058,Released,unlinked,500
SO-00165,DR JAYAS EXULT COSMETICA PRIVATE LIMITED,3455,PR0003440,DR.JAYA’S EXULT FACE MOISTURIZER 50ML,Production Released,RM,3355,1000511,Niacinamide,0.25,EI/PO/26-27/926,1059,Released,unlinked,200
SO-00165,DR JAYAS EXULT COSMETICA PRIVATE LIMITED,3455,PR0003440,DR.JAYA’S EXULT FACE MOISTURIZER 50ML,Production Released,RM,2998,1000040,ARLACEL 2121,0.25,EI/PO/26-27/901,1041,Released,unlinked,50
SO-00165,DR JAYAS EXULT COSMETICA PRIVATE LIMITED,3455,PR0003440,DR.JAYA’S EXULT FACE MOISTURIZER 50ML,Production Released,RM,3496,1001210,SODIUM HYALURONATE (CHEMICORE),0.025,EI/PO/26-27/787,984,Released,unlinked,10
SO-00123,QUALITAS PHARMA,3427,PR0006992,QUALITAS PHARMA QUALI GLOW FACE WASH 100 ML,Production Released,RM,3411,1000612,WATER,109.2,DPO-005,1087,Released,unlinked,179
SO-00123,QUALITAS PHARMA,3427,PR0006992,QUALITAS PHARMA QUALI GLOW FACE WASH 100 ML,Production Released,RM,2984,1000019,ALPHA CAPB,40,EI/PO/26-27/890,1031,Released,unlinked,500
SO-00103,SSKO,3418,PR0007000,SSKO PIGMENT CORRECTOR SERUM 30 ML,Production Released,RM,3411,1000612,WATER,2.28,DPO-005,1087,Released,unlinked,179
SO-00103,SSKO,3418,PR0007000,SSKO PIGMENT CORRECTOR SERUM 30 ML,Production Released,RM,3355,1000511,Niacinamide,0.09,EI/PO/26-27/926,1059,Released,unlinked,200
SO-00103,SSKO,3418,PR0007000,SSKO PIGMENT CORRECTOR SERUM 30 ML,Production Released,RM,3496,1001210,SODIUM HYALURONATE (CHEMICORE),0.015,EI/PO/26-27/787,984,Released,unlinked,10
SO-00129,SMGGLOBAL PHARMA,3432,PR0006543,SMG GLOBAL AZELYTIX ACNE CONTROL FACE CREAM 30 GM,Production Released,RM,3411,1000612,WATER,80.895,DPO-005,1087,Released,unlinked,179
SO-00129,SMGGLOBAL PHARMA,3432,PR0006543,SMG GLOBAL AZELYTIX ACNE CONTROL FACE CREAM 30 GM,Production Released,RM,3542,1001284,CCTG,6.915,DPO-003,1085,Released,linked:PR,3
SO-00129,SMGGLOBAL PHARMA,3432,PR0006543,SMG GLOBAL AZELYTIX ACNE CONTROL FACE CREAM 30 GM,Production Released,RM,3355,1000511,Niacinamide,6,EI/PO/26-27/926,1059,Released,unlinked,200
SO-00129,SMGGLOBAL PHARMA,3432,PR0006543,SMG GLOBAL AZELYTIX ACNE CONTROL FACE CREAM 30 GM,Production Released,RM,3327,1000473,VEGAROL 1698,3.075,EI/PO/26-27/881,1026,Released,unlinked,100
SO-00129,SMGGLOBAL PHARMA,3432,PR0006543,SMG GLOBAL AZELYTIX ACNE CONTROL FACE CREAM 30 GM,Production Released,RM,3257,1000392,Salicylic Acid,1.5,EI/PO/26-27/881,1026,Released,unlinked,50
SO-00129,SMGGLOBAL PHARMA,3432,PR0006543,SMG GLOBAL AZELYTIX ACNE CONTROL FACE CREAM 30 GM,Production Released,RM,3277,1000412,Butyrospermum Parkii Butter,0.825,EI/PO/26-27/881,1026,Released,unlinked,80
SO-00010,INCNUT LIFESTYLE RETAIL PRIVATE LIMITED,3364,SK2202BDRC,SKINKRAFT SUPER BOUNCE WITH TOTAL DAMAGE REPAIR CONDITIONER 200 ML,Production Released,RM,3327,1000473,VEGAROL 1698,2.8,EI/PO/26-27/881,1026,Released,unlinked,100
SO-00010,INCNUT LIFESTYLE RETAIL PRIVATE LIMITED,3364,SK2202BDRC,SKINKRAFT SUPER BOUNCE WITH TOTAL DAMAGE REPAIR CONDITIONER 200 ML,Production Released,RM,3749,1001427,GLYCERINE IP - GODREJ,2,EI/PO/26-27/893,1034,Released,unlinked,500
SO-00010,INCNUT LIFESTYLE RETAIL PRIVATE LIMITED,3364,SK2202BDRC,SKINKRAFT SUPER BOUNCE WITH TOTAL DAMAGE REPAIR CONDITIONER 200 ML,Production Released,RM,3749,1001427,GLYCERINE IP - GODREJ,2,EI/PO/26-27/925,1058,Released,unlinked,500
SO-00010,INCNUT LIFESTYLE RETAIL PRIVATE LIMITED,3364,SK2202BDRC,SKINKRAFT SUPER BOUNCE WITH TOTAL DAMAGE REPAIR CONDITIONER 200 ML,Production Released,RM,3277,1000412,Butyrospermum Parkii Butter,1,EI/PO/26-27/881,1026,Released,unlinked,80
SO-00010,INCNUT LIFESTYLE RETAIL PRIVATE LIMITED,3364,SK2202BDRC,SKINKRAFT SUPER BOUNCE WITH TOTAL DAMAGE REPAIR CONDITIONER 200 ML,Production Released,RM,3411,1000612,AQUA,72,DPO-005,1087,Released,unlinked,179
SO-00172,INCNUT LIFESTYLE RETAIL PRIVATE LIMITED,3323,SK2202BDRC,SKINKRAFT SUPER BOUNCE WITH TOTAL DAMAGE REPAIR CONDITIONER 200 ML,Production Released,RM,3327,1000473,VEGAROL 1698,4.9896,EI/PO/26-27/881,1026,Released,unlinked,100
SO-00172,INCNUT LIFESTYLE RETAIL PRIVATE LIMITED,3323,SK2202BDRC,SKINKRAFT SUPER BOUNCE WITH TOTAL DAMAGE REPAIR CONDITIONER 200 ML,Production Released,RM,3749,1001427,GLYCERINE IP - GODREJ,3.564,EI/PO/26-27/893,1034,Released,unlinked,500
SO-00172,INCNUT LIFESTYLE RETAIL PRIVATE LIMITED,3323,SK2202BDRC,SKINKRAFT SUPER BOUNCE WITH TOTAL DAMAGE REPAIR CONDITIONER 200 ML,Production Released,RM,3749,1001427,GLYCERINE IP - GODREJ,3.564,EI/PO/26-27/925,1058,Released,unlinked,500
SO-00172,INCNUT LIFESTYLE RETAIL PRIVATE LIMITED,3323,SK2202BDRC,SKINKRAFT SUPER BOUNCE WITH TOTAL DAMAGE REPAIR CONDITIONER 200 ML,Production Released,RM,3277,1000412,Butyrospermum Parkii Butter,1.782,EI/PO/26-27/881,1026,Released,unlinked,80
SO-00172,INCNUT LIFESTYLE RETAIL PRIVATE LIMITED,3323,SK2202BDRC,SKINKRAFT SUPER BOUNCE WITH TOTAL DAMAGE REPAIR CONDITIONER 200 ML,Production Released,RM,3411,1000612,AQUA,128.304,DPO-005,1087,Released,unlinked,179
SO-00009,INCNUT LIFESTYLE RETAIL PRIVATE LIMITED,3366,PR0005378,SKINKRAFT NEW DRY SCALP TREATMENT AND ANTI DANDRUFF SHAMPOO 200 ML,Production Released,RM,3897,1001183,GALAXY CAPB,20,EI/PO/26-27/951,1077,Released,unlinked,200
SO-00009,INCNUT LIFESTYLE RETAIL PRIVATE LIMITED,3366,PR0005378,SKINKRAFT NEW DRY SCALP TREATMENT AND ANTI DANDRUFF SHAMPOO 200 ML,Production Released,RM,3480,1001162,EMPICOL XCT 14,20,EI/PO/26-27/898,1039,Released,unlinked,210
SO-00009,INCNUT LIFESTYLE RETAIL PRIVATE LIMITED,3366,PR0005378,SKINKRAFT NEW DRY SCALP TREATMENT AND ANTI DANDRUFF SHAMPOO 200 ML,Production Released,RM,3434,1000806,Propylene Glycol,5,EI/PO/26-27/895,1036,Released,unlinked,430
SO-00009,INCNUT LIFESTYLE RETAIL PRIVATE LIMITED,3366,PR0005378,SKINKRAFT NEW DRY SCALP TREATMENT AND ANTI DANDRUFF SHAMPOO 200 ML,Production Released,RM,3257,1000392,Salicylic Acid,2,EI/PO/26-27/881,1026,Released,unlinked,50
SO-00009,INCNUT LIFESTYLE RETAIL PRIVATE LIMITED,3366,PR0005378,SKINKRAFT NEW DRY SCALP TREATMENT AND ANTI DANDRUFF SHAMPOO 200 ML,Production Released,RM,3355,1000511,Niacinamide,0.2,EI/PO/26-27/926,1059,Released,unlinked,200
SO-00009,INCNUT LIFESTYLE RETAIL PRIVATE LIMITED,3366,PR0005378,SKINKRAFT NEW DRY SCALP TREATMENT AND ANTI DANDRUFF SHAMPOO 200 ML,Production Released,RM,3486,1001182,FM-proVB5,5,EI/PO/26-27/897,1038,Released,unlinked,40
SO-00009,INCNUT LIFESTYLE RETAIL PRIVATE LIMITED,3366,PR0005378,SKINKRAFT NEW DRY SCALP TREATMENT AND ANTI DANDRUFF SHAMPOO 200 ML,Production Released,RM,3411,1000612,WATER,81.4,DPO-005,1087,Released,unlinked,179
SO-00009,INCNUT LIFESTYLE RETAIL PRIVATE LIMITED,3366,PR0005378,SKINKRAFT NEW DRY SCALP TREATMENT AND ANTI DANDRUFF SHAMPOO 200 ML,Production Released,RM,3359,1000517,GALAXY SCI 85P,10,EI/PO/26-27/949,1075,Released,unlinked,240
SO-00009,INCNUT LIFESTYLE RETAIL PRIVATE LIMITED,3366,PR0005378,SKINKRAFT NEW DRY SCALP TREATMENT AND ANTI DANDRUFF SHAMPOO 200 ML,Production Released,RM,3438,1001082,SODIUM COCOYL METHYL TAURATE,4,EI/PO/26-27/785,982,Released,unlinked,200
SO-00172,INCNUT LIFESTYLE RETAIL PRIVATE LIMITED,3325,PR0005378,SKINKRAFT NEW DRY SCALP TREATMENT AND ANTI DANDRUFF SHAMPOO 200 ML,Production Released,RM,3897,1001183,GALAXY CAPB,16.92,EI/PO/26-27/951,1077,Released,unlinked,200
SO-00172,INCNUT LIFESTYLE RETAIL PRIVATE LIMITED,3325,PR0005378,SKINKRAFT NEW DRY SCALP TREATMENT AND ANTI DANDRUFF SHAMPOO 200 ML,Production Released,RM,3480,1001162,EMPICOL XCT 14,16.92,EI/PO/26-27/898,1039,Released,unlinked,210
SO-00172,INCNUT LIFESTYLE RETAIL PRIVATE LIMITED,3325,PR0005378,SKINKRAFT NEW DRY SCALP TREATMENT AND ANTI DANDRUFF SHAMPOO 200 ML,Production Released,RM,3434,1000806,Propylene Glycol,4.23,EI/PO/26-27/895,1036,Released,unlinked,430
SO-00172,INCNUT LIFESTYLE RETAIL PRIVATE LIMITED,3325,PR0005378,SKINKRAFT NEW DRY SCALP TREATMENT AND ANTI DANDRUFF SHAMPOO 200 ML,Production Released,RM,3257,1000392,Salicylic Acid,1.692,EI/PO/26-27/881,1026,Released,unlinked,50
SO-00172,INCNUT LIFESTYLE RETAIL PRIVATE LIMITED,3325,PR0005378,SKINKRAFT NEW DRY SCALP TREATMENT AND ANTI DANDRUFF SHAMPOO 200 ML,Production Released,RM,3355,1000511,Niacinamide,0.1692,EI/PO/26-27/926,1059,Released,unlinked,200
SO-00172,INCNUT LIFESTYLE RETAIL PRIVATE LIMITED,3325,PR0005378,SKINKRAFT NEW DRY SCALP TREATMENT AND ANTI DANDRUFF SHAMPOO 200 ML,Production Released,RM,3486,1001182,FM-proVB5,4.23,EI/PO/26-27/897,1038,Released,unlinked,40
SO-00172,INCNUT LIFESTYLE RETAIL PRIVATE LIMITED,3325,PR0005378,SKINKRAFT NEW DRY SCALP TREATMENT AND ANTI DANDRUFF SHAMPOO 200 ML,Production Released,RM,3411,1000612,WATER,68.8644,DPO-005,1087,Released,unlinked,179
SO-00172,INCNUT LIFESTYLE RETAIL PRIVATE LIMITED,3325,PR0005378,SKINKRAFT NEW DRY SCALP TREATMENT AND ANTI DANDRUFF SHAMPOO 200 ML,Production Released,RM,3359,1000517,GALAXY SCI 85P,8.46,EI/PO/26-27/949,1075,Released,unlinked,240
SO-00172,INCNUT LIFESTYLE RETAIL PRIVATE LIMITED,3325,PR0005378,SKINKRAFT NEW DRY SCALP TREATMENT AND ANTI DANDRUFF SHAMPOO 200 ML,Production Released,RM,3438,1001082,SODIUM COCOYL METHYL TAURATE,3.384,EI/PO/26-27/785,982,Released,unlinked,200
SO-00009,INCNUT LIFESTYLE RETAIL PRIVATE LIMITED,3368,PR0005380,SKINKRAFT NEW SCALP RESET AND ANTI DANDRUFF SHAMPOO 200 ML,Production Released,RM,3897,1001183,GALAXY CAPB,9.6,EI/PO/26-27/951,1077,Released,unlinked,200
SO-00009,INCNUT LIFESTYLE RETAIL PRIVATE LIMITED,3368,PR0005380,SKINKRAFT NEW SCALP RESET AND ANTI DANDRUFF SHAMPOO 200 ML,Production Released,RM,3503,1001220,GALSOFT ECOCARE 175,4.8,EI/PO/26-27/951,1077,Released,unlinked,50
SO-00009,INCNUT LIFESTYLE RETAIL PRIVATE LIMITED,3368,PR0005380,SKINKRAFT NEW SCALP RESET AND ANTI DANDRUFF SHAMPOO 200 ML,Production Released,RM,3257,1000392,Salicylic Acid,1.2,EI/PO/26-27/881,1026,Released,unlinked,50
SO-00009,INCNUT LIFESTYLE RETAIL PRIVATE LIMITED,3368,PR0005380,SKINKRAFT NEW SCALP RESET AND ANTI DANDRUFF SHAMPOO 200 ML,Production Released,RM,3355,1000511,Niacinamide,0.24,EI/PO/26-27/926,1059,Released,unlinked,200
SO-00009,INCNUT LIFESTYLE RETAIL PRIVATE LIMITED,3368,PR0005380,SKINKRAFT NEW SCALP RESET AND ANTI DANDRUFF SHAMPOO 200 ML,Production Released,RM,3486,1001182,FM-proVB5,0.6,EI/PO/26-27/897,1038,Released,unlinked,40
SO-00009,INCNUT LIFESTYLE RETAIL PRIVATE LIMITED,3368,PR0005380,SKINKRAFT NEW SCALP RESET AND ANTI DANDRUFF SHAMPOO 200 ML,Production Released,RM,3411,1000612,WATER,56.52,DPO-005,1087,Released,unlinked,179
SO-00009,INCNUT LIFESTYLE RETAIL PRIVATE LIMITED,3368,PR0005380,SKINKRAFT NEW SCALP RESET AND ANTI DANDRUFF SHAMPOO 200 ML,Production Released,RM,3480,1001162,EMPICOL XCT 14,14.4,EI/PO/26-27/898,1039,Released,unlinked,210
SO-00009,INCNUT LIFESTYLE RETAIL PRIVATE LIMITED,3368,PR0005380,SKINKRAFT NEW SCALP RESET AND ANTI DANDRUFF SHAMPOO 200 ML,Production Released,RM,3359,1000517,GALAXY SCI 85P,6,EI/PO/26-27/949,1075,Released,unlinked,240
SO-00172,INCNUT LIFESTYLE RETAIL PRIVATE LIMITED,3327,PR0005380,SKINKRAFT NEW SCALP RESET AND ANTI DANDRUFF SHAMPOO 200 ML,Production Released,RM,3897,1001183,GALAXY CAPB,14.56,EI/PO/26-27/951,1077,Released,unlinked,200
SO-00172,INCNUT LIFESTYLE RETAIL PRIVATE LIMITED,3327,PR0005380,SKINKRAFT NEW SCALP RESET AND ANTI DANDRUFF SHAMPOO 200 ML,Production Released,RM,3503,1001220,GALSOFT ECOCARE 175,7.28,EI/PO/26-27/951,1077,Released,unlinked,50
SO-00172,INCNUT LIFESTYLE RETAIL PRIVATE LIMITED,3327,PR0005380,SKINKRAFT NEW SCALP RESET AND ANTI DANDRUFF SHAMPOO 200 ML,Production Released,RM,3257,1000392,Salicylic Acid,1.82,EI/PO/26-27/881,1026,Released,unlinked,50
SO-00172,INCNUT LIFESTYLE RETAIL PRIVATE LIMITED,3327,PR0005380,SKINKRAFT NEW SCALP RESET AND ANTI DANDRUFF SHAMPOO 200 ML,Production Released,RM,3355,1000511,Niacinamide,0.364,EI/PO/26-27/926,1059,Released,unlinked,200
SO-00172,INCNUT LIFESTYLE RETAIL PRIVATE LIMITED,3327,PR0005380,SKINKRAFT NEW SCALP RESET AND ANTI DANDRUFF SHAMPOO 200 ML,Production Released,RM,3486,1001182,FM-proVB5,0.91,EI/PO/26-27/897,1038,Released,unlinked,40
SO-00172,INCNUT LIFESTYLE RETAIL PRIVATE LIMITED,3327,PR0005380,SKINKRAFT NEW SCALP RESET AND ANTI DANDRUFF SHAMPOO 200 ML,Production Released,RM,3411,1000612,WATER,85.722,DPO-005,1087,Released,unlinked,179
SO-00172,INCNUT LIFESTYLE RETAIL PRIVATE LIMITED,3327,PR0005380,SKINKRAFT NEW SCALP RESET AND ANTI DANDRUFF SHAMPOO 200 ML,Production Released,RM,3480,1001162,EMPICOL XCT 14,21.84,EI/PO/26-27/898,1039,Released,unlinked,210
SO-00172,INCNUT LIFESTYLE RETAIL PRIVATE LIMITED,3327,PR0005380,SKINKRAFT NEW SCALP RESET AND ANTI DANDRUFF SHAMPOO 200 ML,Production Released,RM,3359,1000517,GALAXY SCI 85P,9.1,EI/PO/26-27/949,1075,Released,unlinked,240
SO-00145,SADHAVI WELLNESS PRIVATE LIMITED,3442,PR0006480,YplayZ - Block Rays Better - Comfort - First Mineral Sunscreen 75ml,Production Released,RM,3411,1000612,WATER,79.935,DPO-005,1087,Released,unlinked,179
SO-00145,SADHAVI WELLNESS PRIVATE LIMITED,3442,PR0006480,YplayZ - Block Rays Better - Comfort - First Mineral Sunscreen 75ml,Production Released,RM,3749,1001427,GLYCERINE IP - GODREJ,3,EI/PO/26-27/893,1034,Released,unlinked,500
SO-00145,SADHAVI WELLNESS PRIVATE LIMITED,3442,PR0006480,YplayZ - Block Rays Better - Comfort - First Mineral Sunscreen 75ml,Production Released,RM,3749,1001427,GLYCERINE IP - GODREJ,3,EI/PO/26-27/925,1058,Released,unlinked,500
SO-00145,SADHAVI WELLNESS PRIVATE LIMITED,3442,PR0006480,YplayZ - Block Rays Better - Comfort - First Mineral Sunscreen 75ml,Production Released,RM,3285,1000422,SODIUM GLUCONATE,0.3,EI/PO/26-27/881,1026,Released,unlinked,25
SO-00130,SMGGLOBAL PHARMA,3433,PR0006706,SMGGLOBAL CERALITHE MOISTURIZER LOTION 200 ML,Production Released,RM,3411,1000612,WATER,729,DPO-005,1087,Released,unlinked,179
SO-00130,SMGGLOBAL PHARMA,3433,PR0006706,SMGGLOBAL CERALITHE MOISTURIZER LOTION 200 ML,Production Released,RM,3542,1001284,CCTG,50,DPO-003,1085,Released,linked:PR,3
SO-00130,SMGGLOBAL PHARMA,3433,PR0006706,SMGGLOBAL CERALITHE MOISTURIZER LOTION 200 ML,Production Released,RM,3327,1000473,VEGAROL 1698,20,EI/PO/26-27/881,1026,Released,unlinked,100
SO-00130,SMGGLOBAL PHARMA,3433,PR0006706,SMGGLOBAL CERALITHE MOISTURIZER LOTION 200 ML,Production Released,RM,3749,1001427,GLYCERINE IP - GODREJ,20,EI/PO/26-27/893,1034,Released,unlinked,500
SO-00130,SMGGLOBAL PHARMA,3433,PR0006706,SMGGLOBAL CERALITHE MOISTURIZER LOTION 200 ML,Production Released,RM,3749,1001427,GLYCERINE IP - GODREJ,20,EI/PO/26-27/925,1058,Released,unlinked,500
SO-00130,SMGGLOBAL PHARMA,3433,PR0006706,SMGGLOBAL CERALITHE MOISTURIZER LOTION 200 ML,Production Released,RM,3277,1000412,Butyrospermum Parkii Butter,10,EI/PO/26-27/881,1026,Released,unlinked,80
SO-00130,SMGGLOBAL PHARMA,3433,PR0006706,SMGGLOBAL CERALITHE MOISTURIZER LOTION 200 ML,Production Released,RM,3355,1000511,Niacinamide,1,EI/PO/26-27/926,1059,Released,unlinked,200
SO-00130,SMGGLOBAL PHARMA,3433,PR0006706,SMGGLOBAL CERALITHE MOISTURIZER LOTION 200 ML,Production Released,RM,3496,1001210,SODIUM HYALURONATE (CHEMICORE),1,EI/PO/26-27/787,984,Released,unlinked,10
SO-00008,INCNUT LIFESTYLE RETAIL PRIVATE LIMITED,3370,PR0006409,SK ULTRA BOUNCE CONDITIONER FOR OILY HAIR - 100 ML,Production Released,RM,3749,1001427,GLYCERINE IP - GODREJ,10,EI/PO/26-27/893,1034,Released,unlinked,500
SO-00008,INCNUT LIFESTYLE RETAIL PRIVATE LIMITED,3370,PR0006409,SK ULTRA BOUNCE CONDITIONER FOR OILY HAIR - 100 ML,Production Released,RM,3749,1001427,GLYCERINE IP - GODREJ,10,EI/PO/26-27/925,1058,Released,unlinked,500
SO-00008,INCNUT LIFESTYLE RETAIL PRIVATE LIMITED,3370,PR0006409,SK ULTRA BOUNCE CONDITIONER FOR OILY HAIR - 100 ML,Production Released,RM,3411,1000612,WATER,362.45,DPO-005,1087,Released,unlinked,179
SO-00173,INCNUT LIFESTYLE RETAIL PRIVATE LIMITED,3333,PR0006409,SK ULTRA BOUNCE CONDITIONER FOR OILY HAIR - 100 ML,Production Released,RM,3749,1001427,GLYCERINE IP - GODREJ,2.822,EI/PO/26-27/893,1034,Released,unlinked,500
SO-00173,INCNUT LIFESTYLE RETAIL PRIVATE LIMITED,3333,PR0006409,SK ULTRA BOUNCE CONDITIONER FOR OILY HAIR - 100 ML,Production Released,RM,3749,1001427,GLYCERINE IP - GODREJ,2.822,EI/PO/26-27/925,1058,Released,unlinked,500
SO-00173,INCNUT LIFESTYLE RETAIL PRIVATE LIMITED,3333,PR0006409,SK ULTRA BOUNCE CONDITIONER FOR OILY HAIR - 100 ML,Production Released,RM,3411,1000612,WATER,102.28339,DPO-005,1087,Released,unlinked,179
SO-00164,DR JAYAS EXULT COSMETICA PRIVATE LIMITED,3454,PR0004602,DR. JAYA'S EXULT BALANCING GEL CLEANSER  80ML,Production Released,RM,3411,1000612,WATER,17.44,DPO-005,1087,Released,unlinked,179
SO-00164,DR JAYAS EXULT COSMETICA PRIVATE LIMITED,3454,PR0004602,DR. JAYA'S EXULT BALANCING GEL CLEANSER  80ML,Production Released,RM,2984,1000019,ALPHA CAPB,12,EI/PO/26-27/890,1031,Released,unlinked,500
SO-00164,DR JAYAS EXULT COSMETICA PRIVATE LIMITED,3454,PR0004602,DR. JAYA'S EXULT BALANCING GEL CLEANSER  80ML,Production Released,RM,3438,1001082,SODIUM COCOYL METHYL TAURATE,2,EI/PO/26-27/785,982,Released,unlinked,200
SO-00164,DR JAYAS EXULT COSMETICA PRIVATE LIMITED,3454,PR0004602,DR. JAYA'S EXULT BALANCING GEL CLEANSER  80ML,Production Released,RM,3749,1001427,GLYCERINE IP - GODREJ,2,EI/PO/26-27/893,1034,Released,unlinked,500
SO-00164,DR JAYAS EXULT COSMETICA PRIVATE LIMITED,3454,PR0004602,DR. JAYA'S EXULT BALANCING GEL CLEANSER  80ML,Production Released,RM,3749,1001427,GLYCERINE IP - GODREJ,2,EI/PO/26-27/925,1058,Released,unlinked,500
SO-00164,DR JAYAS EXULT COSMETICA PRIVATE LIMITED,3454,PR0004602,DR. JAYA'S EXULT BALANCING GEL CLEANSER  80ML,Production Released,RM,3355,1000511,Niacinamide,0.4,EI/PO/26-27/926,1059,Released,unlinked,200
SO-00102,SSKO,3417,PR0006789,SSKO ACNE CONTROL SERUM 30 ML,Production Released,RM,3411,1000612,WATER,2.703,DPO-005,1087,Released,unlinked,179
SO-00102,SSKO,3417,PR0006789,SSKO ACNE CONTROL SERUM 30 ML,Production Released,RM,3257,1000392,Salicylic Acid,0.06,EI/PO/26-27/881,1026,Released,unlinked,50
SO-00102,SSKO,3417,PR0006789,SSKO ACNE CONTROL SERUM 30 ML,Production Released,RM,3749,1001427,GLYCERINE IP - GODREJ,0.06,EI/PO/26-27/893,1034,Released,unlinked,500
SO-00102,SSKO,3417,PR0006789,SSKO ACNE CONTROL SERUM 30 ML,Production Released,RM,3749,1001427,GLYCERINE IP - GODREJ,0.06,EI/PO/26-27/925,1058,Released,unlinked,500
SO-00163,DR JAYAS EXULT COSMETICA PRIVATE LIMITED,3453,PR0003905,DR JAYA'S EXULT SUNSCREEN ADVANCED PROTECTION SPF 30 50ML,Production Released,RM,3542,1001284,CCTG,1,DPO-003,1085,Released,linked:PR,3
SO-00141,CONTURA PHARMA,3440,PR0004135,CONTURA PHARMA KERADENSE HAIR SERUM 60ML,Production Released,RM,3411,1000612,WATER,13.302,DPO-005,1087,Released,unlinked,179
SO-00141,CONTURA PHARMA,3440,PR0004135,CONTURA PHARMA KERADENSE HAIR SERUM 60ML,Production Released,RM,3749,1001427,GLYCERINE IP - GODREJ,0.54,EI/PO/26-27/893,1034,Released,unlinked,500
SO-00141,CONTURA PHARMA,3440,PR0004135,CONTURA PHARMA KERADENSE HAIR SERUM 60ML,Production Released,RM,3749,1001427,GLYCERINE IP - GODREJ,0.54,EI/PO/26-27/925,1058,Released,unlinked,500
SO-00141,CONTURA PHARMA,3440,PR0004135,CONTURA PHARMA KERADENSE HAIR SERUM 60ML,Production Released,RM,3007,1000050,BAICAPIL,0.36,EI/PO/26-27/703,939,Released,other-ref,1
SO-00151,SN Hospital,3447,PR0002559,SN SKIN & HAIR MUCIMOIST MOISTURISER 50ML,Production Released,RM,3411,1000612,WATER,3.5965,DPO-005,1087,Released,unlinked,179
SO-00151,SN Hospital,3447,PR0002559,SN SKIN & HAIR MUCIMOIST MOISTURISER 50ML,Production Released,RM,3749,1001427,GLYCERINE IP - GODREJ,0.25,EI/PO/26-27/893,1034,Released,unlinked,500
SO-00151,SN Hospital,3447,PR0002559,SN SKIN & HAIR MUCIMOIST MOISTURISER 50ML,Production Released,RM,3749,1001427,GLYCERINE IP - GODREJ,0.25,EI/PO/26-27/925,1058,Released,unlinked,500
SO-00151,SN Hospital,3447,PR0002559,SN SKIN & HAIR MUCIMOIST MOISTURISER 50ML,Production Released,RM,3327,1000473,VEGAROL 1698,0.075,EI/PO/26-27/881,1026,Released,unlinked,100
SO-00151,SN Hospital,3447,PR0002559,SN SKIN & HAIR MUCIMOIST MOISTURISER 50ML,Production Released,RM,3542,1001284,CCTG,0.05,DPO-003,1085,Released,linked:PR,3
SO-00151,SN Hospital,3447,PR0002559,SN SKIN & HAIR MUCIMOIST MOISTURISER 50ML,Production Released,RM,3496,1001210,SODIUM HYALURONATE (CHEMICORE),0.025,EI/PO/26-27/787,984,Released,unlinked,10
SO-00105,SRINIDHI ENTERPRISES,3419,PR0006647,DR NIDHI'S FORMULA FOOT HEALING CREAM 60GM,Production Released,RM,3749,1001427,GLYCERINE IP - GODREJ,3.6,EI/PO/26-27/893,1034,Released,unlinked,500
SO-00105,SRINIDHI ENTERPRISES,3419,PR0006647,DR NIDHI'S FORMULA FOOT HEALING CREAM 60GM,Production Released,RM,3749,1001427,GLYCERINE IP - GODREJ,3.6,EI/PO/26-27/925,1058,Released,unlinked,500
SO-00105,SRINIDHI ENTERPRISES,3419,PR0006647,DR NIDHI'S FORMULA FOOT HEALING CREAM 60GM,Production Released,RM,3257,1000392,Salicylic Acid,3.6,EI/PO/26-27/881,1026,Released,unlinked,50
SO-00105,SRINIDHI ENTERPRISES,3419,PR0006647,DR NIDHI'S FORMULA FOOT HEALING CREAM 60GM,Production Released,RM,3277,1000412,Butyrospermum Parkii Butter,0.9,EI/PO/26-27/881,1026,Released,unlinked,80
SO-00105,SRINIDHI ENTERPRISES,3419,PR0006647,DR NIDHI'S FORMULA FOOT HEALING CREAM 60GM,Production Released,RM,3486,1001182,FM-proVB5,0.45,EI/PO/26-27/897,1038,Released,unlinked,40
SO-00105,SRINIDHI ENTERPRISES,3419,PR0006647,DR NIDHI'S FORMULA FOOT HEALING CREAM 60GM,Production Released,RM,3285,1000422,SODIUM GLUCONATE,0.36,EI/PO/26-27/881,1026,Released,unlinked,25
SO-00105,SRINIDHI ENTERPRISES,3419,PR0006647,DR NIDHI'S FORMULA FOOT HEALING CREAM 60GM,Production Released,RM,3481,1001163,Parfum,0.288,EI/PO/26-27/879,1025,Released,unlinked,1
SO-00105,SRINIDHI ENTERPRISES,3419,PR0006647,DR NIDHI'S FORMULA FOOT HEALING CREAM 60GM,Production Released,RM,3411,1000612,WATER,61.542,DPO-005,1087,Released,unlinked,179
SO-00148,VITAL SKIN KLINIC PRIVATE LIMITED,3445,PR0003494,SKIN VITALS BETA RETINOL SERUM 30ML,Production Released,RM,3411,1000612,WATER,2.0697,DPO-005,1087,Released,unlinked,179
SO-00148,VITAL SKIN KLINIC PRIVATE LIMITED,3445,PR0003494,SKIN VITALS BETA RETINOL SERUM 30ML,Production Released,RM,3108,1000194,Betaine,0.03,EI/PO/26-27/685,944,Released,unlinked,25
SO-00148,VITAL SKIN KLINIC PRIVATE LIMITED,3445,PR0003494,SKIN VITALS BETA RETINOL SERUM 30ML,Production Released,RM,2998,1000040,ARLACEL 2121,0.03,EI/PO/26-27/901,1041,Released,unlinked,50
SO-00148,VITAL SKIN KLINIC PRIVATE LIMITED,3445,PR0003494,SKIN VITALS BETA RETINOL SERUM 30ML,Production Released,RM,3355,1000511,Niacinamide,0.03,EI/PO/26-27/926,1059,Released,unlinked,200
SO-00148,VITAL SKIN KLINIC PRIVATE LIMITED,3445,PR0003494,SKIN VITALS BETA RETINOL SERUM 30ML,Production Released,RM,3496,1001210,SODIUM HYALURONATE (CHEMICORE),0.015,EI/PO/26-27/787,984,Released,unlinked,10
SO-00148,VITAL SKIN KLINIC PRIVATE LIMITED,3445,PR0003494,SKIN VITALS BETA RETINOL SERUM 30ML,Production Released,RM,3285,1000422,SODIUM GLUCONATE,0.006,EI/PO/26-27/881,1026,Released,unlinked,25
SO-00204,INCNUT LIFESTYLE RETAIL PRIVATE LIMITED,3484,SK2109SDC,SKINKRAFT DRY-TOUCH SHEER CRÈME SPF 45 PA+++ FOR NORMAL TO DRY SKIN  50 ML,Production Released,RM,3411,1000612,WATER,260.54,DPO-005,1087,Released,unlinked,179
SO-00204,INCNUT LIFESTYLE RETAIL PRIVATE LIMITED,3484,SK2109SDC,SKINKRAFT DRY-TOUCH SHEER CRÈME SPF 45 PA+++ FOR NORMAL TO DRY SKIN  50 ML,Production Released,RM,3303,1000443,SUNCAT DE,28,EI/PO/26-27/952,1078,Released,unlinked,20
SO-00204,INCNUT LIFESTYLE RETAIL PRIVATE LIMITED,3484,SK2109SDC,SKINKRAFT DRY-TOUCH SHEER CRÈME SPF 45 PA+++ FOR NORMAL TO DRY SKIN  50 ML,Production Released,RM,3327,1000473,VEGAROL 1698,9.8,EI/PO/26-27/881,1026,Released,unlinked,100
SO-00204,INCNUT LIFESTYLE RETAIL PRIVATE LIMITED,3484,SK2109SDC,SKINKRAFT DRY-TOUCH SHEER CRÈME SPF 45 PA+++ FOR NORMAL TO DRY SKIN  50 ML,Production Released,RM,2998,1000040,ARLACEL 2121,8.75,EI/PO/26-27/901,1041,Released,unlinked,50
SO-00204,INCNUT LIFESTYLE RETAIL PRIVATE LIMITED,3484,SK2109SDC,SKINKRAFT DRY-TOUCH SHEER CRÈME SPF 45 PA+++ FOR NORMAL TO DRY SKIN  50 ML,Production Released,RM,3542,1001284,CCTG,8.75,DPO-003,1085,Released,linked:PR,3
SO-00204,INCNUT LIFESTYLE RETAIL PRIVATE LIMITED,3484,SK2109SDC,SKINKRAFT DRY-TOUCH SHEER CRÈME SPF 45 PA+++ FOR NORMAL TO DRY SKIN  50 ML,Production Released,RM,3285,1000422,SODIUM GLUCONATE,0.21,EI/PO/26-27/881,1026,Released,unlinked,25
SO-00560,OLIVA SKIN AND HAIR CLINIC,3247,PR0003988,OLIVA SUNSCREEN MATTE GEL CREAM SPF 50+ PA++++ OILY/COMBINATION SKIN 50 ML,Production Released,RM,3411,1000612,WATER,25.584985,DPO-005,1087,Released,unlinked,179
SO-00047,MYSKINN,3350,PR0006989,MYSKINN INVISIBLE SHIELD MOISTURISING SUNSCREEN SPF 50 PA++++ 100ML,Production Released,RM,3564,1001331,AVOBENZONE,6,EI/PO/26-27/892,1033,Released,unlinked,25
SO-00047,MYSKINN,3350,PR0006989,MYSKINN INVISIBLE SHIELD MOISTURISING SUNSCREEN SPF 50 PA++++ 100ML,Production Released,RM,3542,1001284,CCTG,5,DPO-003,1085,Released,linked:PR,3
SO-00047,MYSKINN,3350,PR0006989,MYSKINN INVISIBLE SHIELD MOISTURISING SUNSCREEN SPF 50 PA++++ 100ML,Production Released,RM,3749,1001427,GLYCERINE IP - GODREJ,4,EI/PO/26-27/893,1034,Released,unlinked,500
SO-00047,MYSKINN,3350,PR0006989,MYSKINN INVISIBLE SHIELD MOISTURISING SUNSCREEN SPF 50 PA++++ 100ML,Production Released,RM,3749,1001427,GLYCERINE IP - GODREJ,4,EI/PO/26-27/925,1058,Released,unlinked,500
SO-00047,MYSKINN,3350,PR0006989,MYSKINN INVISIBLE SHIELD MOISTURISING SUNSCREEN SPF 50 PA++++ 100ML,Production Released,RM,2998,1000040,ARLACEL 2121,1,EI/PO/26-27/901,1041,Released,unlinked,50
SO-00047,MYSKINN,3350,PR0006989,MYSKINN INVISIBLE SHIELD MOISTURISING SUNSCREEN SPF 50 PA++++ 100ML,Production Released,RM,3411,1000612,WATER,140.58,DPO-005,1087,Released,unlinked,179
SO-00206,INCNUT LIFESTYLE RETAIL PRIVATE LIMITED,3541,PR0004974,VEDIX TEJ AQUA RADIANCE SUNSCREEN SPF 50 PA+++ 50 GM,Production Released,RM,3303,1000443,SUNCAT DE,5,EI/PO/26-27/952,1078,Released,unlinked,20
SO-00206,INCNUT LIFESTYLE RETAIL PRIVATE LIMITED,3541,PR0004974,VEDIX TEJ AQUA RADIANCE SUNSCREEN SPF 50 PA+++ 50 GM,Production Released,RM,3285,1000422,SODIUM GLUCONATE,0.03,EI/PO/26-27/881,1026,Released,unlinked,25
SO-00206,INCNUT LIFESTYLE RETAIL PRIVATE LIMITED,3541,PR0004974,VEDIX TEJ AQUA RADIANCE SUNSCREEN SPF 50 PA+++ 50 GM,Production Released,RM,3411,1000612,AQUA,42.045,DPO-005,1087,Released,unlinked,179
SO-00204,INCNUT LIFESTYLE RETAIL PRIVATE LIMITED,3519,PR0004974,VEDIX TEJ AQUA RADIANCE SUNSCREEN SPF 50 PA+++ 50 GM,Production Released,RM,3303,1000443,SUNCAT DE,35,EI/PO/26-27/952,1078,Released,unlinked,20
SO-00204,INCNUT LIFESTYLE RETAIL PRIVATE LIMITED,3519,PR0004974,VEDIX TEJ AQUA RADIANCE SUNSCREEN SPF 50 PA+++ 50 GM,Production Released,RM,3285,1000422,SODIUM GLUCONATE,0.21,EI/PO/26-27/881,1026,Released,unlinked,25
SO-00204,INCNUT LIFESTYLE RETAIL PRIVATE LIMITED,3519,PR0004974,VEDIX TEJ AQUA RADIANCE SUNSCREEN SPF 50 PA+++ 50 GM,Production Released,RM,3411,1000612,AQUA,294.315,DPO-005,1087,Released,unlinked,179
SO-00142,INCNUT LIFESTYLE RETAIL PRIVATE LIMITED,3320,PR0006683,SKINKRAFT ADVANCE 98% SNAIL NUCIN HYDRATING SERUM - 100ML,Production Released,RM,3411,1000612,WATER,668.4444,DPO-005,1087,Released,unlinked,179
SO-00142,INCNUT LIFESTYLE RETAIL PRIVATE LIMITED,3320,PR0006683,SKINKRAFT ADVANCE 98% SNAIL NUCIN HYDRATING SERUM - 100ML,Production Released,RM,3434,1000806,Propylene Glycol,29.808,EI/PO/26-27/895,1036,Released,unlinked,430
SO-00162,SADHAVI WELLNESS PRIVATE LIMITED,3452,PR0006343,YPLAYZ SOOTHE OPERATOR RESTORATIVE ROLL ON 40ML,Production Released,RM,3749,1001427,GLYCERINE IP - GODREJ,7.6,EI/PO/26-27/893,1034,Released,unlinked,500
SO-00162,SADHAVI WELLNESS PRIVATE LIMITED,3452,PR0006343,YPLAYZ SOOTHE OPERATOR RESTORATIVE ROLL ON 40ML,Production Released,RM,3749,1001427,GLYCERINE IP - GODREJ,7.6,EI/PO/26-27/925,1058,Released,unlinked,500
SO-00162,SADHAVI WELLNESS PRIVATE LIMITED,3452,PR0006343,YPLAYZ SOOTHE OPERATOR RESTORATIVE ROLL ON 40ML,Production Released,RM,3277,1000412,Butyrospermum Parkii Butter,0.76,EI/PO/26-27/881,1026,Released,unlinked,80
SO-00162,SADHAVI WELLNESS PRIVATE LIMITED,3452,PR0006343,YPLAYZ SOOTHE OPERATOR RESTORATIVE ROLL ON 40ML,Production Released,RM,3327,1000473,VEGAROL 1698,0.76,EI/PO/26-27/881,1026,Released,unlinked,100
SO-00162,SADHAVI WELLNESS PRIVATE LIMITED,3452,PR0006343,YPLAYZ SOOTHE OPERATOR RESTORATIVE ROLL ON 40ML,Production Released,RM,3285,1000422,SODIUM GLUCONATE,0.304,EI/PO/26-27/881,1026,Released,unlinked,25
SO-00162,SADHAVI WELLNESS PRIVATE LIMITED,3452,PR0006343,YPLAYZ SOOTHE OPERATOR RESTORATIVE ROLL ON 40ML,Production Released,RM,3496,1001210,SODIUM HYALURONATE (CHEMICORE),0.304,EI/PO/26-27/787,984,Released,unlinked,10
SO-00162,SADHAVI WELLNESS PRIVATE LIMITED,3452,PR0006343,YPLAYZ SOOTHE OPERATOR RESTORATIVE ROLL ON 40ML,Production Released,RM,3411,1000612,WATER,111.6592,DPO-005,1087,Released,unlinked,179
SO-00603,HEALTH Q LIFESCIENCES PRIVATE LIMITED,3278,PR0007048,SKINQ RX HYDRATE SUN PROTECTION_KC 5ML,Production Released,RM,3411,1000612,WATER,25.797,DPO-005,1087,Released,unlinked,179
SO-00603,HEALTH Q LIFESCIENCES PRIVATE LIMITED,3278,PR0007048,SKINQ RX HYDRATE SUN PROTECTION_KC 5ML,Production Released,RM,3811,1000800,ASCOVIT TM C (3-O-ETHYL ASCORBIC ACID),0.15,EI/PO/26-27/894,1035,Released,unlinked,20
SO-00603,HEALTH Q LIFESCIENCES PRIVATE LIMITED,3278,PR0007048,SKINQ RX HYDRATE SUN PROTECTION_KC 5ML,Production Released,RM,3659,2000010,BACK PACK 19,0.03,EI/PO/26-27/789,985,Released,unlinked,1
SO-00476,PK SKIN CITY,3398,PR0007277,PREMIST CERAMIDE NOURISHING BODY MOISTURIZER 500ML,Production Released,RM,3542,1001284,CCTG,8,DPO-003,1085,Released,linked:PR,3
SO-00476,PK SKIN CITY,3398,PR0007277,PREMIST CERAMIDE NOURISHING BODY MOISTURIZER 500ML,Production Released,RM,3355,1000511,Niacinamide,5,EI/PO/26-27/926,1059,Released,unlinked,200
SO-00476,PK SKIN CITY,3398,PR0007277,PREMIST CERAMIDE NOURISHING BODY MOISTURIZER 500ML,Production Released,RM,3749,1001427,GLYCERINE IP - GODREJ,4,EI/PO/26-27/893,1034,Released,unlinked,500
SO-00476,PK SKIN CITY,3398,PR0007277,PREMIST CERAMIDE NOURISHING BODY MOISTURIZER 500ML,Production Released,RM,3749,1001427,GLYCERINE IP - GODREJ,4,EI/PO/26-27/925,1058,Released,unlinked,500
SO-00476,PK SKIN CITY,3398,PR0007277,PREMIST CERAMIDE NOURISHING BODY MOISTURIZER 500ML,Production Released,RM,3327,1000473,VEGAROL 1698,2,EI/PO/26-27/881,1026,Released,unlinked,100
SO-00476,PK SKIN CITY,3398,PR0007277,PREMIST CERAMIDE NOURISHING BODY MOISTURIZER 500ML,Production Released,RM,3277,1000412,Butyrospermum Parkii Butter,2,EI/PO/26-27/881,1026,Released,unlinked,80
SO-00476,PK SKIN CITY,3398,PR0007277,PREMIST CERAMIDE NOURISHING BODY MOISTURIZER 500ML,Production Released,RM,3411,1000612,WATER,58.86,DPO-005,1087,Released,unlinked,179
SO-00067,HEALTH Q LIFESCIENCES PRIVATE LIMITED,3311,PR0007213,SKINQ HYDRATE SUN PROTECTION_KC 5ML,Production Released,RM,3811,1000800,ASCOVIT TM C (3-O-ETHYL ASCORBIC ACID),0.15,EI/PO/26-27/894,1035,Released,unlinked,20
SO-00067,HEALTH Q LIFESCIENCES PRIVATE LIMITED,3311,PR0007213,SKINQ HYDRATE SUN PROTECTION_KC 5ML,Production Released,RM,3659,2000010,BACK PACK 19,0.03,EI/PO/26-27/789,985,Released,unlinked,1
SO-00067,HEALTH Q LIFESCIENCES PRIVATE LIMITED,3311,PR0007213,SKINQ HYDRATE SUN PROTECTION_KC 5ML,Production Released,RM,3411,1000612,WATER,25.797,DPO-005,1087,Released,unlinked,179
SO-00475,DR JAYAS EXULT COSMETICA PRIVATE LIMITED,3302,PR0004196,DR.JAYA'S EXULT ULTRA NOURISHING NIACINAMIDE SERUM 30ML,Production Released,RM,3355,1000511,Niacinamide,0.018,EI/PO/26-27/926,1059,Released,unlinked,200
SO-00475,DR JAYAS EXULT COSMETICA PRIVATE LIMITED,3302,PR0004196,DR.JAYA'S EXULT ULTRA NOURISHING NIACINAMIDE SERUM 30ML,Production Released,RM,3749,1001427,GLYCERINE IP - GODREJ,0.009,EI/PO/26-27/893,1034,Released,unlinked,500
SO-00475,DR JAYAS EXULT COSMETICA PRIVATE LIMITED,3302,PR0004196,DR.JAYA'S EXULT ULTRA NOURISHING NIACINAMIDE SERUM 30ML,Production Released,RM,3749,1001427,GLYCERINE IP - GODREJ,0.009,EI/PO/26-27/925,1058,Released,unlinked,500
SO-00475,DR JAYAS EXULT COSMETICA PRIVATE LIMITED,3302,PR0004196,DR.JAYA'S EXULT ULTRA NOURISHING NIACINAMIDE SERUM 30ML,Production Released,RM,3108,1000194,Betaine,0.0018,EI/PO/26-27/685,944,Released,unlinked,25
SO-00475,DR JAYAS EXULT COSMETICA PRIVATE LIMITED,3302,PR0004196,DR.JAYA'S EXULT ULTRA NOURISHING NIACINAMIDE SERUM 30ML,Production Released,RM,3496,1001210,SODIUM HYALURONATE (CHEMICORE),0.00108,EI/PO/26-27/787,984,Released,unlinked,10
SO-00475,DR JAYAS EXULT COSMETICA PRIVATE LIMITED,3302,PR0004196,DR.JAYA'S EXULT ULTRA NOURISHING NIACINAMIDE SERUM 30ML,Production Released,RM,3285,1000422,SODIUM GLUCONATE,0.00036,EI/PO/26-27/881,1026,Released,unlinked,25
SO-00475,DR JAYAS EXULT COSMETICA PRIVATE LIMITED,3302,PR0004196,DR.JAYA'S EXULT ULTRA NOURISHING NIACINAMIDE SERUM 30ML,Production Released,RM,3411,1000612,WATER,0.14436,DPO-005,1087,Released,unlinked,179
SO-00601,HEALTH Q LIFESCIENCES PRIVATE LIMITED,3294,PR0007211,SKINQ DETAN SUN PROTECTION_KC 5ML(IND),Production Released,RM,3411,1000612,WATER,25.797,DPO-005,1087,Released,unlinked,179
SO-00601,HEALTH Q LIFESCIENCES PRIVATE LIMITED,3294,PR0007211,SKINQ DETAN SUN PROTECTION_KC 5ML(IND),Production Released,RM,3811,1000800,ASCOVIT TM C (3-O-ETHYL ASCORBIC ACID),0.15,EI/PO/26-27/894,1035,Released,unlinked,20
SO-00601,HEALTH Q LIFESCIENCES PRIVATE LIMITED,3294,PR0007211,SKINQ DETAN SUN PROTECTION_KC 5ML(IND),Production Released,RM,3659,2000010,BACK PACK 19,0.03,EI/PO/26-27/789,985,Released,unlinked,1
SO-00051,NEW DERMAPLUS MEDICAL STORE,3346,PR0006810,PRIMARIO HYDRO GLOW OIL FREE MOISTURIZING GEL 50G,Production Released,RM,3355,1000511,Niacinamide,2.5,EI/PO/26-27/926,1059,Released,unlinked,200
SO-00051,NEW DERMAPLUS MEDICAL STORE,3346,PR0006810,PRIMARIO HYDRO GLOW OIL FREE MOISTURIZING GEL 50G,Production Released,RM,3749,1001427,GLYCERINE IP - GODREJ,1.5,EI/PO/26-27/893,1034,Released,unlinked,500
SO-00051,NEW DERMAPLUS MEDICAL STORE,3346,PR0006810,PRIMARIO HYDRO GLOW OIL FREE MOISTURIZING GEL 50G,Production Released,RM,3749,1001427,GLYCERINE IP - GODREJ,1.5,EI/PO/26-27/925,1058,Released,unlinked,500
SO-00051,NEW DERMAPLUS MEDICAL STORE,3346,PR0006810,PRIMARIO HYDRO GLOW OIL FREE MOISTURIZING GEL 50G,Production Released,RM,3108,1000194,Betaine,0.5,EI/PO/26-27/685,944,Released,unlinked,25
SO-00051,NEW DERMAPLUS MEDICAL STORE,3346,PR0006810,PRIMARIO HYDRO GLOW OIL FREE MOISTURIZING GEL 50G,Production Released,RM,3285,1000422,SODIUM GLUCONATE,0.1,EI/PO/26-27/881,1026,Released,unlinked,25
SO-00051,NEW DERMAPLUS MEDICAL STORE,3346,PR0006810,PRIMARIO HYDRO GLOW OIL FREE MOISTURIZING GEL 50G,Production Released,RM,3411,1000612,AQUA,37.3,DPO-005,1087,Released,unlinked,179
SO-00053,HEALTH Q LIFESCIENCES PRIVATE LIMITED,3344,PR0007031,SKINQ RX PHOTO DEFENSE GEL SUNSCREEN 50ML,Production Released,RM,3811,1000800,ASCOVIT TM C (3-O-ETHYL ASCORBIC ACID),0.3375,EI/PO/26-27/894,1035,Released,unlinked,20
SO-00053,HEALTH Q LIFESCIENCES PRIVATE LIMITED,3344,PR0007031,SKINQ RX PHOTO DEFENSE GEL SUNSCREEN 50ML,Production Released,RM,3659,2000010,BACK PACK 19,0.0675,EI/PO/26-27/789,985,Released,unlinked,1
SO-00053,HEALTH Q LIFESCIENCES PRIVATE LIMITED,3344,PR0007031,SKINQ RX PHOTO DEFENSE GEL SUNSCREEN 50ML,Production Released,RM,3411,1000612,WATER,58.04325,DPO-005,1087,Released,unlinked,179
SO-00081,HEALTH Q LIFESCIENCES PRIVATE LIMITED,3313,PR0007031,SKINQ RX PHOTO DEFENSE GEL SUNSCREEN 50ML,Production Released,RM,3811,1000800,ASCOVIT TM C (3-O-ETHYL ASCORBIC ACID),0.69575,EI/PO/26-27/894,1035,Released,unlinked,20
SO-00081,HEALTH Q LIFESCIENCES PRIVATE LIMITED,3313,PR0007031,SKINQ RX PHOTO DEFENSE GEL SUNSCREEN 50ML,Production Released,RM,3659,2000010,BACK PACK 19,0.13915,EI/PO/26-27/789,985,Released,unlinked,1
SO-00081,HEALTH Q LIFESCIENCES PRIVATE LIMITED,3313,PR0007031,SKINQ RX PHOTO DEFENSE GEL SUNSCREEN 50ML,Production Released,RM,3411,1000612,WATER,119.655085,DPO-005,1087,Released,unlinked,179
SO-00178,KOSMODERMA HEALTHCARE PRIVATE LIMITED,3466,PR0003760,KOSMODERMA PHOTO PROTECT SUNSCREEN GEL SPF 40 PA+++ 50ML,Production Released,RM,3411,1000612,WATER,42.995,DPO-005,1087,Released,unlinked,179
SO-00178,KOSMODERMA HEALTHCARE PRIVATE LIMITED,3466,PR0003760,KOSMODERMA PHOTO PROTECT SUNSCREEN GEL SPF 40 PA+++ 50ML,Production Released,RM,3811,1000800,ASCOVIT TM C (3-O-ETHYL ASCORBIC ACID),0.25,EI/PO/26-27/894,1035,Released,unlinked,20
SO-00178,KOSMODERMA HEALTHCARE PRIVATE LIMITED,3466,PR0003760,KOSMODERMA PHOTO PROTECT SUNSCREEN GEL SPF 40 PA+++ 50ML,Production Released,RM,3659,2000010,BACK PACK 19,0.05,EI/PO/26-27/789,985,Released,unlinked,1
SO-00108,KOSMODERMA HEALTHCARE PRIVATE LIMITED,3319,PR0003760,KOSMODERMA PHOTO PROTECT SUNSCREEN GEL SPF 40 PA+++ 50ML,Production Released,RM,3411,1000612,WATER,21.58349,DPO-005,1087,Released,unlinked,179
SO-00108,KOSMODERMA HEALTHCARE PRIVATE LIMITED,3319,PR0003760,KOSMODERMA PHOTO PROTECT SUNSCREEN GEL SPF 40 PA+++ 50ML,Production Released,RM,3811,1000800,ASCOVIT TM C (3-O-ETHYL ASCORBIC ACID),0.1255,EI/PO/26-27/894,1035,Released,unlinked,20
SO-00108,KOSMODERMA HEALTHCARE PRIVATE LIMITED,3319,PR0003760,KOSMODERMA PHOTO PROTECT SUNSCREEN GEL SPF 40 PA+++ 50ML,Production Released,RM,3659,2000010,BACK PACK 19,0.0251,EI/PO/26-27/789,985,Released,unlinked,1
SO-00657,HEALTH Q LIFESCIENCES PRIVATE LIMITED,3380,PR0006916,SKINQ SUN PROTECT ULTRA LIGHT GEL (SUNSCREEN) 10ML_Sample pack,Production Released,RM,3811,1000800,ASCOVIT TM C (3-O-ETHYL ASCORBIC ACID),2,EI/PO/26-27/894,1035,Released,unlinked,20
SO-00657,HEALTH Q LIFESCIENCES PRIVATE LIMITED,3380,PR0006916,SKINQ SUN PROTECT ULTRA LIGHT GEL (SUNSCREEN) 10ML_Sample pack,Production Released,RM,3659,2000010,BACK PACK 19,0.4,EI/PO/26-27/789,985,Released,unlinked,1
SO-00657,HEALTH Q LIFESCIENCES PRIVATE LIMITED,3380,PR0006916,SKINQ SUN PROTECT ULTRA LIGHT GEL (SUNSCREEN) 10ML_Sample pack,Production Released,RM,3411,1000612,WATER,343.96,DPO-005,1087,Released,unlinked,179
SO-00602,HEALTH Q LIFESCIENCES PRIVATE LIMITED,3285,PR0007065,SKINQ RX POST FACIAL CARE_KC 5ML,Production Released,RM,3327,1000473,VEGAROL 1698,0.6,EI/PO/26-27/881,1026,Released,unlinked,100
SO-00602,HEALTH Q LIFESCIENCES PRIVATE LIMITED,3285,PR0007065,SKINQ RX POST FACIAL CARE_KC 5ML,Production Released,RM,3542,1001284,CCTG,0.3,DPO-003,1085,Released,linked:PR,3
SO-00602,HEALTH Q LIFESCIENCES PRIVATE LIMITED,3285,PR0007065,SKINQ RX POST FACIAL CARE_KC 5ML,Production Released,RM,3355,1000511,Niacinamide,0.03,EI/PO/26-27/926,1059,Released,unlinked,200
SO-00602,HEALTH Q LIFESCIENCES PRIVATE LIMITED,3285,PR0007065,SKINQ RX POST FACIAL CARE_KC 5ML,Production Released,RM,3496,1001210,SODIUM HYALURONATE (CHEMICORE),0.03,EI/PO/26-27/787,984,Released,unlinked,10
SO-00602,HEALTH Q LIFESCIENCES PRIVATE LIMITED,3285,PR0007065,SKINQ RX POST FACIAL CARE_KC 5ML,Production Released,RM,3411,1000612,WATER,22.074,DPO-005,1087,Released,unlinked,179
SO-00602,HEALTH Q LIFESCIENCES PRIVATE LIMITED,3285,PR0007065,SKINQ RX POST FACIAL CARE_KC 5ML,Production Released,RM,3277,1000412,Butyrospermum Parkii Butter,0.03,EI/PO/26-27/881,1026,Released,unlinked,80
SO-00067,HEALTH Q LIFESCIENCES PRIVATE LIMITED,3310,PR0007212,SKINQ HYDRATE POST FACIAL CARE_KC 5ML,Production Released,RM,3327,1000473,VEGAROL 1698,0.3785,EI/PO/26-27/881,1026,Released,unlinked,100
SO-00067,HEALTH Q LIFESCIENCES PRIVATE LIMITED,3310,PR0007212,SKINQ HYDRATE POST FACIAL CARE_KC 5ML,Production Released,RM,3542,1001284,CCTG,0.18925,DPO-003,1085,Released,linked:PR,3
SO-00067,HEALTH Q LIFESCIENCES PRIVATE LIMITED,3310,PR0007212,SKINQ HYDRATE POST FACIAL CARE_KC 5ML,Production Released,RM,3496,1001210,SODIUM HYALURONATE (CHEMICORE),0.018925,EI/PO/26-27/787,984,Released,unlinked,10
SO-00067,HEALTH Q LIFESCIENCES PRIVATE LIMITED,3310,PR0007212,SKINQ HYDRATE POST FACIAL CARE_KC 5ML,Production Released,RM,3277,1000412,Butyrospermum Parkii Butter,0.018925,EI/PO/26-27/881,1026,Released,unlinked,80
SO-00067,HEALTH Q LIFESCIENCES PRIVATE LIMITED,3310,PR0007212,SKINQ HYDRATE POST FACIAL CARE_KC 5ML,Production Released,RM,3355,1000511,Niacinamide,0.018925,EI/PO/26-27/926,1059,Released,unlinked,200
SO-00067,HEALTH Q LIFESCIENCES PRIVATE LIMITED,3310,PR0007212,SKINQ HYDRATE POST FACIAL CARE_KC 5ML,Production Released,RM,3411,1000612,WATER,13.925015,DPO-005,1087,Released,unlinked,179
SO-00088,HEALTH Q LIFESCIENCES PRIVATE LIMITED,3314,PR0006908,SKINQ MOISTURE BALM 50 ML,Production Released,RM,3411,1000612,WATER,196.8265,DPO-005,1087,Released,unlinked,179
SO-00088,HEALTH Q LIFESCIENCES PRIVATE LIMITED,3314,PR0006908,SKINQ MOISTURE BALM 50 ML,Production Released,RM,3327,1000473,VEGAROL 1698,5.35,EI/PO/26-27/881,1026,Released,unlinked,100
SO-00088,HEALTH Q LIFESCIENCES PRIVATE LIMITED,3314,PR0006908,SKINQ MOISTURE BALM 50 ML,Production Released,RM,3542,1001284,CCTG,2.675,DPO-003,1085,Released,linked:PR,3
SO-00088,HEALTH Q LIFESCIENCES PRIVATE LIMITED,3314,PR0006908,SKINQ MOISTURE BALM 50 ML,Production Released,RM,3277,1000412,Butyrospermum Parkii Butter,0.2675,EI/PO/26-27/881,1026,Released,unlinked,80
SO-00088,HEALTH Q LIFESCIENCES PRIVATE LIMITED,3314,PR0006908,SKINQ MOISTURE BALM 50 ML,Production Released,RM,3355,1000511,Niacinamide,0.2675,EI/PO/26-27/926,1059,Released,unlinked,200
SO-00088,HEALTH Q LIFESCIENCES PRIVATE LIMITED,3314,PR0006908,SKINQ MOISTURE BALM 50 ML,Production Released,RM,3496,1001210,SODIUM HYALURONATE (CHEMICORE),0.2675,EI/PO/26-27/787,984,Released,unlinked,10
SO-00012,HEALTH Q LIFESCIENCES PRIVATE LIMITED,3265,PR0006906,SKINQ SUN PROTECT ULTRA LIGHT GEL SPF 50+ 50ML,Production Released,RM,3749,1001427,GLYCERINE IP - GODREJ,2.187,EI/PO/26-27/893,1034,Released,unlinked,500
SO-00012,HEALTH Q LIFESCIENCES PRIVATE LIMITED,3265,PR0006906,SKINQ SUN PROTECT ULTRA LIGHT GEL SPF 50+ 50ML,Production Released,RM,3749,1001427,GLYCERINE IP - GODREJ,2.187,EI/PO/26-27/925,1058,Released,unlinked,500
SO-00012,HEALTH Q LIFESCIENCES PRIVATE LIMITED,3265,PR0006906,SKINQ SUN PROTECT ULTRA LIGHT GEL SPF 50+ 50ML,Production Released,RM,3811,1000800,ASCOVIT TM C (3-O-ETHYL ASCORBIC ACID),0.2187,EI/PO/26-27/894,1035,Released,unlinked,20
SO-00012,HEALTH Q LIFESCIENCES PRIVATE LIMITED,3265,PR0006906,SKINQ SUN PROTECT ULTRA LIGHT GEL SPF 50+ 50ML,Production Released,RM,3411,1000612,WATER,168.15843,DPO-005,1087,Released,unlinked,179
SO-00468,HEALTH Q LIFESCIENCES PRIVATE LIMITED,3245,PR0006906,SKINQ SUN PROTECT ULTRA LIGHT GEL SPF 50+ 50ML,Production Released,RM,3749,1001427,GLYCERINE IP - GODREJ,1.4535,EI/PO/26-27/893,1034,Released,unlinked,500
SO-00468,HEALTH Q LIFESCIENCES PRIVATE LIMITED,3245,PR0006906,SKINQ SUN PROTECT ULTRA LIGHT GEL SPF 50+ 50ML,Production Released,RM,3749,1001427,GLYCERINE IP - GODREJ,1.4535,EI/PO/26-27/925,1058,Released,unlinked,500
SO-00468,HEALTH Q LIFESCIENCES PRIVATE LIMITED,3245,PR0006906,SKINQ SUN PROTECT ULTRA LIGHT GEL SPF 50+ 50ML,Production Released,RM,3811,1000800,ASCOVIT TM C (3-O-ETHYL ASCORBIC ACID),0.14535,EI/PO/26-27/894,1035,Released,unlinked,20
SO-00468,HEALTH Q LIFESCIENCES PRIVATE LIMITED,3245,PR0006906,SKINQ SUN PROTECT ULTRA LIGHT GEL SPF 50+ 50ML,Production Released,RM,3411,1000612,WATER,111.759615,DPO-005,1087,Released,unlinked,179
SO-00090,HEALTH Q LIFESCIENCES PRIVATE LIMITED,3315,PR0006906,SKINQ SUN PROTECT ULTRA LIGHT GEL SPF 50+ 50ML,Production Released,RM,3749,1001427,GLYCERINE IP - GODREJ,9.537,EI/PO/26-27/893,1034,Released,unlinked,500
SO-00090,HEALTH Q LIFESCIENCES PRIVATE LIMITED,3315,PR0006906,SKINQ SUN PROTECT ULTRA LIGHT GEL SPF 50+ 50ML,Production Released,RM,3749,1001427,GLYCERINE IP - GODREJ,9.537,EI/PO/26-27/925,1058,Released,unlinked,500
SO-00090,HEALTH Q LIFESCIENCES PRIVATE LIMITED,3315,PR0006906,SKINQ SUN PROTECT ULTRA LIGHT GEL SPF 50+ 50ML,Production Released,RM,3811,1000800,ASCOVIT TM C (3-O-ETHYL ASCORBIC ACID),0.9537,EI/PO/26-27/894,1035,Released,unlinked,20
SO-00090,HEALTH Q LIFESCIENCES PRIVATE LIMITED,3315,PR0006906,SKINQ SUN PROTECT ULTRA LIGHT GEL SPF 50+ 50ML,Production Released,RM,3411,1000612,WATER,733.29993,DPO-005,1087,Released,unlinked,179
SO-00082,HEALTH Q LIFESCIENCES PRIVATE LIMITED,3405,PR0007032,SKINQ RX HYDRA FIX BALM 50ML,Production Released,RM,3327,1000473,VEGAROL 1698,4,EI/PO/26-27/881,1026,Released,unlinked,100
SO-00082,HEALTH Q LIFESCIENCES PRIVATE LIMITED,3405,PR0007032,SKINQ RX HYDRA FIX BALM 50ML,Production Released,RM,3542,1001284,CCTG,2,DPO-003,1085,Released,linked:PR,3
SO-00082,HEALTH Q LIFESCIENCES PRIVATE LIMITED,3405,PR0007032,SKINQ RX HYDRA FIX BALM 50ML,Production Released,RM,3277,1000412,Butyrospermum Parkii Butter,0.2,EI/PO/26-27/881,1026,Released,unlinked,80
SO-00082,HEALTH Q LIFESCIENCES PRIVATE LIMITED,3405,PR0007032,SKINQ RX HYDRA FIX BALM 50ML,Production Released,RM,3496,1001210,SODIUM HYALURONATE (CHEMICORE),0.2,EI/PO/26-27/787,984,Released,unlinked,10
SO-00082,HEALTH Q LIFESCIENCES PRIVATE LIMITED,3405,PR0007032,SKINQ RX HYDRA FIX BALM 50ML,Production Released,RM,3411,1000612,WATER,147.16,DPO-005,1087,Released,unlinked,179
SO-00089,HEALTH Q LIFESCIENCES PRIVATE LIMITED,3411,PR0006913,SKINQ 15% VITAMIN C GLOW SERUM 30ML,Production Released,RM,3795,1001355,"1, 3 - PROPANEDIOL",27,EI/PO/26-27/786,983,Released,unlinked,200
SO-00089,HEALTH Q LIFESCIENCES PRIVATE LIMITED,3411,PR0006913,SKINQ 15% VITAMIN C GLOW SERUM 30ML,Production Released,RM,3496,1001210,SODIUM HYALURONATE (CHEMICORE),1.62,EI/PO/26-27/787,984,Released,unlinked,10
SO-00089,HEALTH Q LIFESCIENCES PRIVATE LIMITED,3411,PR0006913,SKINQ 15% VITAMIN C GLOW SERUM 30ML,Production Released,RM,3411,1000612,WATER,391.5,DPO-005,1087,Released,unlinked,179
SO-00494,HEALTH Q LIFESCIENCES PRIVATE LIMITED,3246,PR0006913,SKINQ 15% VITAMIN C GLOW SERUM 30ML,Production Released,RM,3795,1001355,"1, 3 - PROPANEDIOL",0.648,EI/PO/26-27/786,983,Released,unlinked,200
SO-00494,HEALTH Q LIFESCIENCES PRIVATE LIMITED,3246,PR0006913,SKINQ 15% VITAMIN C GLOW SERUM 30ML,Production Released,RM,3496,1001210,SODIUM HYALURONATE (CHEMICORE),0.03888,EI/PO/26-27/787,984,Released,unlinked,10
SO-00494,HEALTH Q LIFESCIENCES PRIVATE LIMITED,3246,PR0006913,SKINQ 15% VITAMIN C GLOW SERUM 30ML,Production Released,RM,3411,1000612,WATER,9.396,DPO-005,1087,Released,unlinked,179
SO-00067,HEALTH Q LIFESCIENCES PRIVATE LIMITED,3306,PR0007196,SKINQ HYDRATE EXFOLIATE_KC 10ML,Production Released,RM,3749,1001427,GLYCERINE IP - GODREJ,3,EI/PO/26-27/893,1034,Released,unlinked,500
SO-00067,HEALTH Q LIFESCIENCES PRIVATE LIMITED,3306,PR0007196,SKINQ HYDRATE EXFOLIATE_KC 10ML,Production Released,RM,3749,1001427,GLYCERINE IP - GODREJ,3,EI/PO/26-27/925,1058,Released,unlinked,500
SO-00067,HEALTH Q LIFESCIENCES PRIVATE LIMITED,3306,PR0007196,SKINQ HYDRATE EXFOLIATE_KC 10ML,Production Released,RM,3327,1000473,VEGAROL 1698,1.8,EI/PO/26-27/881,1026,Released,unlinked,100
SO-00067,HEALTH Q LIFESCIENCES PRIVATE LIMITED,3306,PR0007196,SKINQ HYDRATE EXFOLIATE_KC 10ML,Production Released,RM,3411,1000612,AQUA,47.82,DPO-005,1087,Released,unlinked,179
SO-00180,Dr. MAYA,3468,PR0006953,SKIN VIRTUE HYDRA OATS BODY WASH 200 ML,Production Released,RM,2984,1000019,ALPHA CAPB,40,EI/PO/26-27/890,1031,Released,unlinked,500
SO-00180,Dr. MAYA,3468,PR0006953,SKIN VIRTUE HYDRA OATS BODY WASH 200 ML,Production Released,RM,3749,1001427,GLYCERINE IP - GODREJ,10,EI/PO/26-27/893,1034,Released,unlinked,500
SO-00180,Dr. MAYA,3468,PR0006953,SKIN VIRTUE HYDRA OATS BODY WASH 200 ML,Production Released,RM,3749,1001427,GLYCERINE IP - GODREJ,10,EI/PO/26-27/925,1058,Released,unlinked,500
SO-00180,Dr. MAYA,3468,PR0006953,SKIN VIRTUE HYDRA OATS BODY WASH 200 ML,Production Released,RM,3359,1000517,GALAXY SCI 85P,8,EI/PO/26-27/949,1075,Released,unlinked,240
SO-00180,Dr. MAYA,3468,PR0006953,SKIN VIRTUE HYDRA OATS BODY WASH 200 ML,Production Released,RM,3411,1000612,WATER,106.6,DPO-005,1087,Released,unlinked,179
SO-00601,HEALTH Q LIFESCIENCES PRIVATE LIMITED,3291,PR0007192,SKINQ DETAN PRE-MASK SERUM_KC 10ML(IND),Production Released,RM,3411,1000612,WATER,46.02,DPO-005,1087,Released,unlinked,179
SO-00601,HEALTH Q LIFESCIENCES PRIVATE LIMITED,3291,PR0007192,SKINQ DETAN PRE-MASK SERUM_KC 10ML(IND),Production Released,RM,3749,1001427,GLYCERINE IP - GODREJ,3,EI/PO/26-27/893,1034,Released,unlinked,500
SO-00601,HEALTH Q LIFESCIENCES PRIVATE LIMITED,3291,PR0007192,SKINQ DETAN PRE-MASK SERUM_KC 10ML(IND),Production Released,RM,3749,1001427,GLYCERINE IP - GODREJ,3,EI/PO/26-27/925,1058,Released,unlinked,500
SO-00601,HEALTH Q LIFESCIENCES PRIVATE LIMITED,3291,PR0007192,SKINQ DETAN PRE-MASK SERUM_KC 10ML(IND),Production Released,RM,3355,1000511,Niacinamide,0.6,EI/PO/26-27/926,1059,Released,unlinked,200
SO-00601,HEALTH Q LIFESCIENCES PRIVATE LIMITED,3291,PR0007192,SKINQ DETAN PRE-MASK SERUM_KC 10ML(IND),Production Released,RM,3811,1000800,ASCOVIT TM C (3-O-ETHYL ASCORBIC ACID),0.6,EI/PO/26-27/894,1035,Released,unlinked,20
SO-00601,HEALTH Q LIFESCIENCES PRIVATE LIMITED,3291,PR0007192,SKINQ DETAN PRE-MASK SERUM_KC 10ML(IND),Production Released,RM,3496,1001210,SODIUM HYALURONATE (CHEMICORE),0.6,EI/PO/26-27/787,984,Released,unlinked,10
SO-00065,HEALTH Q LIFESCIENCES PRIVATE LIMITED,3250,PR0006911,SKINQ ACNE & OIL CONTROL SERUM 30ML,Production Released,RM,3355,1000511,Niacinamide,2.3118,EI/PO/26-27/926,1059,Released,unlinked,200
SO-00065,HEALTH Q LIFESCIENCES PRIVATE LIMITED,3250,PR0006911,SKINQ ACNE & OIL CONTROL SERUM 30ML,Production Released,RM,3257,1000392,Salicylic Acid,1.1559,EI/PO/26-27/881,1026,Released,unlinked,50
SO-00065,HEALTH Q LIFESCIENCES PRIVATE LIMITED,3250,PR0006911,SKINQ ACNE & OIL CONTROL SERUM 30ML,Production Released,RM,3411,1000612,AQUA,82.76244,DPO-005,1087,Released,unlinked,179
SO-00085,HEALTH Q LIFESCIENCES PRIVATE LIMITED,3408,PR0006911,SKINQ ACNE & OIL CONTROL SERUM 30ML,Production Released,RM,3355,1000511,Niacinamide,8.4,EI/PO/26-27/926,1059,Released,unlinked,200
SO-00085,HEALTH Q LIFESCIENCES PRIVATE LIMITED,3408,PR0006911,SKINQ ACNE & OIL CONTROL SERUM 30ML,Production Released,RM,3257,1000392,Salicylic Acid,4.2,EI/PO/26-27/881,1026,Released,unlinked,50
SO-00085,HEALTH Q LIFESCIENCES PRIVATE LIMITED,3408,PR0006911,SKINQ ACNE & OIL CONTROL SERUM 30ML,Production Released,RM,3411,1000612,AQUA,300.72,DPO-005,1087,Released,unlinked,179
SO-00179,KOSMODERMA HEALTHCARE PRIVATE LIMITED,3467,PR0003759,KOSMODERMA DAILY GENTLE SKIN CLEANSER - 100ML,Production Released,RM,3438,1001082,GALSOFT SCT 40,15,EI/PO/26-27/785,982,Released,unlinked,200
SO-00179,KOSMODERMA HEALTHCARE PRIVATE LIMITED,3467,PR0003759,KOSMODERMA DAILY GENTLE SKIN CLEANSER - 100ML,Production Released,RM,3795,1001355,"1, 3 - PROPANEDIOL",10,EI/PO/26-27/786,983,Released,unlinked,200
SO-00179,KOSMODERMA HEALTHCARE PRIVATE LIMITED,3467,PR0003759,KOSMODERMA DAILY GENTLE SKIN CLEANSER - 100ML,Production Released,RM,3092,1000173,EMUL 34 U,7,EI/PO/26-27/889,1030,Released,unlinked,200
SO-00179,KOSMODERMA HEALTHCARE PRIVATE LIMITED,3467,PR0003759,KOSMODERMA DAILY GENTLE SKIN CLEANSER - 100ML,Production Released,RM,3092,1000173,EMUL 34 U,7,EI/PO/26-27/923,1056,Released,unlinked,400
SO-00179,KOSMODERMA HEALTHCARE PRIVATE LIMITED,3467,PR0003759,KOSMODERMA DAILY GENTLE SKIN CLEANSER - 100ML,Production Released,RM,3355,1000511,Niacinamide,2,EI/PO/26-27/926,1059,Released,unlinked,200
SO-00179,KOSMODERMA HEALTHCARE PRIVATE LIMITED,3467,PR0003759,KOSMODERMA DAILY GENTLE SKIN CLEANSER - 100ML,Production Released,RM,3096,1000181,Evening Prime Rose Oil,0.5,EI/PO/26-27/784,981,Released,unlinked,4
SO-00179,KOSMODERMA HEALTHCARE PRIVATE LIMITED,3467,PR0003759,KOSMODERMA DAILY GENTLE SKIN CLEANSER - 100ML,Production Released,RM,3793,1001341,FLOCARE C 122 PF,0.5,EI/PO/26-27/892,1033,Released,unlinked,60
SO-00179,KOSMODERMA HEALTHCARE PRIVATE LIMITED,3467,PR0003759,KOSMODERMA DAILY GENTLE SKIN CLEANSER - 100ML,Production Released,RM,3411,1000612,WATER,31,DPO-005,1087,Released,unlinked,179
SO-00179,KOSMODERMA HEALTHCARE PRIVATE LIMITED,3467,PR0003759,KOSMODERMA DAILY GENTLE SKIN CLEANSER - 100ML,Production Released,RM,3667,2000030,Aqua,0.1,EI/PO/26-27/956,1081,Released,unlinked,20
SO-00084,HEALTH Q LIFESCIENCES PRIVATE LIMITED,3407,PR0007034,SKINQ RX DERMA BRIGHT AHA SERUM 30ML,Production Released,RM,3411,1000612,WATER,44.82,DPO-005,1087,Released,unlinked,179
SO-00084,HEALTH Q LIFESCIENCES PRIVATE LIMITED,3407,PR0007034,SKINQ RX DERMA BRIGHT AHA SERUM 30ML,Production Released,RM,3496,1001210,SODIUM HYALURONATE (CHEMICORE),0.3,EI/PO/26-27/787,984,Released,unlinked,10
SO-03599,Spinbest Innovations LLP,3303,PR0007315,SKINNABLE ULTRA PROTECTIVE HYDRA MOISTURISER 200ML,Production Released,RM,3355,1000511,Niacinamide,3.328,EI/PO/26-27/926,1059,Released,unlinked,200
SO-03599,Spinbest Innovations LLP,3303,PR0007315,SKINNABLE ULTRA PROTECTIVE HYDRA MOISTURISER 200ML,Production Released,RM,3411,1000612,WATER,113.78432,DPO-005,1087,Released,unlinked,179
SO-03599,Spinbest Innovations LLP,3303,PR0007315,SKINNABLE ULTRA PROTECTIVE HYDRA MOISTURISER 200ML,Production Released,RM,3277,1000412,Butyrospermum Parkii Butter,3.328,EI/PO/26-27/881,1026,Released,unlinked,80
SO-03599,Spinbest Innovations LLP,3303,PR0007315,SKINNABLE ULTRA PROTECTIVE HYDRA MOISTURISER 200ML,Production Released,RM,3496,1001210,SODIUM HYALURONATE (CHEMICORE),0.1664,EI/PO/26-27/787,984,Released,unlinked,10
SO-03599,Spinbest Innovations LLP,3303,PR0007315,SKINNABLE ULTRA PROTECTIVE HYDRA MOISTURISER 200ML,Production Released,RM,3327,1000473,VEGAROL 1698,3.328,EI/PO/26-27/881,1026,Released,unlinked,100
SO-03599,Spinbest Innovations LLP,3303,PR0007315,SKINNABLE ULTRA PROTECTIVE HYDRA MOISTURISER 200ML,Production Released,RM,3542,1001284,CCTG,10.816,DPO-003,1085,Released,linked:PR,3
SO-03599,Spinbest Innovations LLP,3303,PR0007315,SKINNABLE ULTRA PROTECTIVE HYDRA MOISTURISER 200ML,Production Released,RM,3749,1001427,GLYCERINE IP - GODREJ,4.992,EI/PO/26-27/893,1034,Released,unlinked,500
SO-03599,Spinbest Innovations LLP,3303,PR0007315,SKINNABLE ULTRA PROTECTIVE HYDRA MOISTURISER 200ML,Production Released,RM,3749,1001427,GLYCERINE IP - GODREJ,4.992,EI/PO/26-27/925,1058,Released,unlinked,500
SO-00526,QUALITAS PHARMA,3299,PR0007216,QUALITAS PHARMA QUALI BLOCK SUNSCREEN GEL 50ML,Production Released,RM,3564,1001331,AVOBENZONE,0.4155,EI/PO/26-27/892,1033,Released,unlinked,25
SO-00526,QUALITAS PHARMA,3299,PR0007216,QUALITAS PHARMA QUALI BLOCK SUNSCREEN GEL 50ML,Production Released,RM,3542,1001284,CCTG,0.20775,DPO-003,1085,Released,linked:PR,3
SO-00526,QUALITAS PHARMA,3299,PR0007216,QUALITAS PHARMA QUALI BLOCK SUNSCREEN GEL 50ML,Production Released,RM,3496,1001210,SODIUM HYALURONATE (CHEMICORE),0.0277,EI/PO/26-27/787,984,Released,unlinked,10
SO-00526,QUALITAS PHARMA,3299,PR0007216,QUALITAS PHARMA QUALI BLOCK SUNSCREEN GEL 50ML,Production Released,RM,3811,1000800,ASCOVIT TM C (3-O-ETHYL ASCORBIC ACID),0.01385,EI/PO/26-27/894,1035,Released,unlinked,20
SO-00526,QUALITAS PHARMA,3299,PR0007216,QUALITAS PHARMA QUALI BLOCK SUNSCREEN GEL 50ML,Production Released,RM,3411,1000612,WATER,10.477525,DPO-005,1087,Released,unlinked,179
SO-00029,ARCHEESH LABORATORIES,3260,PR0006597,SKINVEST CLEAR WIN pH 5.5 CLEANSER 100ML,Production Released,RM,2984,1000019,ALPHA CAPB,2.67,EI/PO/26-27/890,1031,Released,unlinked,500
SO-00029,ARCHEESH LABORATORIES,3260,PR0006597,SKINVEST CLEAR WIN pH 5.5 CLEANSER 100ML,Production Released,RM,3373,1000536,INNOCARE ST100,0.534,EI/PO/26-27/930,1062,Released,unlinked,200
SO-00029,ARCHEESH LABORATORIES,3260,PR0006597,SKINVEST CLEAR WIN pH 5.5 CLEANSER 100ML,Production Released,RM,3756,1001381,DECYL GLUCOSIDE 50% (APG 2000),0.267,EI/PO/26-27/911,1049,Released,unlinked,200
SO-00029,ARCHEESH LABORATORIES,3260,PR0006597,SKINVEST CLEAR WIN pH 5.5 CLEANSER 100ML,Production Released,RM,3749,1001427,GLYCERINE IP - GODREJ,0.178,EI/PO/26-27/893,1034,Released,unlinked,500
SO-00029,ARCHEESH LABORATORIES,3260,PR0006597,SKINVEST CLEAR WIN pH 5.5 CLEANSER 100ML,Production Released,RM,3749,1001427,GLYCERINE IP - GODREJ,0.178,EI/PO/26-27/925,1058,Released,unlinked,500
SO-00029,ARCHEESH LABORATORIES,3260,PR0006597,SKINVEST CLEAR WIN pH 5.5 CLEANSER 100ML,Production Released,RM,3438,1001082,GALSOFT SCT 40,0.178,EI/PO/26-27/785,982,Released,unlinked,200
SO-00029,ARCHEESH LABORATORIES,3260,PR0006597,SKINVEST CLEAR WIN pH 5.5 CLEANSER 100ML,Production Released,RM,3257,1000392,Salicylic Acid,0.089,EI/PO/26-27/881,1026,Released,unlinked,50
SO-00029,ARCHEESH LABORATORIES,3260,PR0006597,SKINVEST CLEAR WIN pH 5.5 CLEANSER 100ML,Production Released,RM,3285,1000422,SODIUM GLUCONATE,0.0178,EI/PO/26-27/881,1026,Released,unlinked,25
SO-00029,ARCHEESH LABORATORIES,3260,PR0006597,SKINVEST CLEAR WIN pH 5.5 CLEANSER 100ML,Production Released,RM,3496,1001210,SODIUM HYALURONATE (CHEMICORE),0.0089,EI/PO/26-27/787,984,Released,unlinked,10
SO-00029,ARCHEESH LABORATORIES,3260,PR0006597,SKINVEST CLEAR WIN pH 5.5 CLEANSER 100ML,Production Released,RM,3411,1000612,AQUA,3.18353,DPO-005,1087,Released,unlinked,179
SO-00063,HEALTH Q LIFESCIENCES PRIVATE LIMITED,3337,PR0006922,SKINQ HYDRATE SERUM 7.5ML_Sample pack,Production Released,RM,3795,1001355,COSCARE - PDO,0.99,EI/PO/26-27/786,983,Released,unlinked,200
SO-00063,HEALTH Q LIFESCIENCES PRIVATE LIMITED,3337,PR0006922,SKINQ HYDRATE SERUM 7.5ML_Sample pack,Production Released,RM,3496,1001210,SODIUM HYALURONATE (CHEMICORE),0.0495,EI/PO/26-27/787,984,Released,unlinked,10
SO-00063,HEALTH Q LIFESCIENCES PRIVATE LIMITED,3337,PR0006922,SKINQ HYDRATE SERUM 7.5ML_Sample pack,Production Released,RM,3411,1000612,WATER,8.1378,DPO-005,1087,Released,unlinked,179
SO-00603,HEALTH Q LIFESCIENCES PRIVATE LIMITED,3274,PR0007044,SKINQ RX HYDRATE MOISTURIZE_KC 10ML,Production Released,RM,3411,1000612,WATER,43.62,DPO-005,1087,Released,unlinked,179
SO-00603,HEALTH Q LIFESCIENCES PRIVATE LIMITED,3274,PR0007044,SKINQ RX HYDRATE MOISTURIZE_KC 10ML,Production Released,RM,3327,1000473,VEGAROL 1698,1.2,EI/PO/26-27/881,1026,Released,unlinked,100
SO-00030,ARCHEESH LABORATORIES,3259,PR0006740,SKINVEST BYE BYE BUMPS 50 ML,Production Released,RM,3749,1001427,GLYCERINE IP - GODREJ,3.48,EI/PO/26-27/893,1034,Released,unlinked,500
SO-00030,ARCHEESH LABORATORIES,3259,PR0006740,SKINVEST BYE BYE BUMPS 50 ML,Production Released,RM,3749,1001427,GLYCERINE IP - GODREJ,3.48,EI/PO/26-27/925,1058,Released,unlinked,500
SO-00030,ARCHEESH LABORATORIES,3259,PR0006740,SKINVEST BYE BYE BUMPS 50 ML,Production Released,RM,3355,1000511,Niacinamide,0.87,EI/PO/26-27/926,1059,Released,unlinked,200
SO-00030,ARCHEESH LABORATORIES,3259,PR0006740,SKINVEST BYE BYE BUMPS 50 ML,Production Released,RM,3257,1000392,Salicylic Acid,0.348,EI/PO/26-27/881,1026,Released,unlinked,50
SO-00030,ARCHEESH LABORATORIES,3259,PR0006740,SKINVEST BYE BYE BUMPS 50 ML,Production Released,RM,3285,1000422,SODIUM GLUCONATE,0.0348,EI/PO/26-27/881,1026,Released,unlinked,25
SO-00030,ARCHEESH LABORATORIES,3259,PR0006740,SKINVEST BYE BYE BUMPS 50 ML,Production Released,RM,3411,1000612,WATER,7.6908,DPO-005,1087,Released,unlinked,179
SO-00067,HEALTH Q LIFESCIENCES PRIVATE LIMITED,3305,PR0007195,SKINQ HYDRATE CLEANSE_KC 10ML,Production Released,RM,3756,1001381,DECYL GLUCOSIDE 50% (APG 2000),1.2,EI/PO/26-27/911,1049,Released,unlinked,200
SO-00067,HEALTH Q LIFESCIENCES PRIVATE LIMITED,3305,PR0007195,SKINQ HYDRATE CLEANSE_KC 10ML,Production Released,RM,3355,1000511,Niacinamide,0.6,EI/PO/26-27/926,1059,Released,unlinked,200
SO-00067,HEALTH Q LIFESCIENCES PRIVATE LIMITED,3305,PR0007195,SKINQ HYDRATE CLEANSE_KC 10ML,Production Released,RM,3659,2000010,BACK PACK 19,0.03,EI/PO/26-27/789,985,Released,unlinked,1
SO-00067,HEALTH Q LIFESCIENCES PRIVATE LIMITED,3305,PR0007195,SKINQ HYDRATE CLEANSE_KC 10ML,Production Released,RM,3411,1000612,WATER,46.35,DPO-005,1087,Released,unlinked,179
SO-00067,HEALTH Q LIFESCIENCES PRIVATE LIMITED,3305,PR0007195,SKINQ HYDRATE CLEANSE_KC 10ML,Production Released,RM,3897,1001183,GALAXY CAPB,1.2,EI/PO/26-27/951,1077,Released,unlinked,200
SO-00059,M/s R K Pharmacy,3342,PR0004225-KC,PERSONIKS MOISTURISING CREAM GEL 50 ML,Production Released,RM,3749,1001427,GLYCERINE IP - GODREJ,1.25,EI/PO/26-27/893,1034,Released,unlinked,500
SO-00059,M/s R K Pharmacy,3342,PR0004225-KC,PERSONIKS MOISTURISING CREAM GEL 50 ML,Production Released,RM,3749,1001427,GLYCERINE IP - GODREJ,1.25,EI/PO/26-27/925,1058,Released,unlinked,500
SO-00059,M/s R K Pharmacy,3342,PR0004225-KC,PERSONIKS MOISTURISING CREAM GEL 50 ML,Production Released,RM,3542,1001284,CCTG,1.25,DPO-003,1085,Released,linked:PR,3
SO-00059,M/s R K Pharmacy,3342,PR0004225-KC,PERSONIKS MOISTURISING CREAM GEL 50 ML,Production Released,RM,3355,1000511,Niacinamide,0.5,EI/PO/26-27/926,1059,Released,unlinked,200
SO-00059,M/s R K Pharmacy,3342,PR0004225-KC,PERSONIKS MOISTURISING CREAM GEL 50 ML,Production Released,RM,3496,1001210,SODIUM HYALURONATE (CHEMICORE),0.025,EI/PO/26-27/787,984,Released,unlinked,10
SO-00059,M/s R K Pharmacy,3342,PR0004225-KC,PERSONIKS MOISTURISING CREAM GEL 50 ML,Production Released,RM,3411,1000612,WATER,20.675,DPO-005,1087,Released,unlinked,179
SO-00023,HEALTH Q LIFESCIENCES PRIVATE LIMITED,3263,PR0006909,SKINQ DAILY GENTLE CLEANSER 100ML,Production Released,RM,3749,1001427,GLYCERINE IP - GODREJ,584.88,EI/PO/26-27/893,1034,Released,unlinked,500
SO-00023,HEALTH Q LIFESCIENCES PRIVATE LIMITED,3263,PR0006909,SKINQ DAILY GENTLE CLEANSER 100ML,Production Released,RM,3749,1001427,GLYCERINE IP - GODREJ,584.88,EI/PO/26-27/925,1058,Released,unlinked,500
SO-00023,HEALTH Q LIFESCIENCES PRIVATE LIMITED,3263,PR0006909,SKINQ DAILY GENTLE CLEANSER 100ML,Production Released,RM,3438,1001082,GALSOFT SCT 40,584.88,EI/PO/26-27/785,982,Released,unlinked,200
SO-00023,HEALTH Q LIFESCIENCES PRIVATE LIMITED,3263,PR0006909,SKINQ DAILY GENTLE CLEANSER 100ML,Production Released,RM,3795,1001355,"1, 3 - PROPANEDIOL",389.92,EI/PO/26-27/786,983,Released,unlinked,200
SO-00023,HEALTH Q LIFESCIENCES PRIVATE LIMITED,3263,PR0006909,SKINQ DAILY GENTLE CLEANSER 100ML,Production Released,RM,3092,1000173,Acrylates Copolymer,506.896,EI/PO/26-27/889,1030,Released,unlinked,200
SO-00023,HEALTH Q LIFESCIENCES PRIVATE LIMITED,3263,PR0006909,SKINQ DAILY GENTLE CLEANSER 100ML,Production Released,RM,3092,1000173,Acrylates Copolymer,506.896,EI/PO/26-27/923,1056,Released,unlinked,400
SO-00023,HEALTH Q LIFESCIENCES PRIVATE LIMITED,3263,PR0006909,SKINQ DAILY GENTLE CLEANSER 100ML,Production Released,RM,3355,1000511,Niacinamide,77.984,EI/PO/26-27/926,1059,Released,unlinked,200
SO-00023,HEALTH Q LIFESCIENCES PRIVATE LIMITED,3263,PR0006909,SKINQ DAILY GENTLE CLEANSER 100ML,Production Released,RM,3096,1000181,Evening Prime Rose Oil,19.496,EI/PO/26-27/784,981,Released,unlinked,4
SO-00023,HEALTH Q LIFESCIENCES PRIVATE LIMITED,3263,PR0006909,SKINQ DAILY GENTLE CLEANSER 100ML,Production Released,RM,3793,1001341,FLOCARE C 122 PF,19.496,EI/PO/26-27/892,1033,Released,unlinked,60
SO-00023,HEALTH Q LIFESCIENCES PRIVATE LIMITED,3263,PR0006909,SKINQ DAILY GENTLE CLEANSER 100ML,Production Released,RM,3411,1000612,WATER,974.8,DPO-005,1087,Released,unlinked,179
SO-00023,HEALTH Q LIFESCIENCES PRIVATE LIMITED,3263,PR0006909,SKINQ DAILY GENTLE CLEANSER 100ML,Production Released,RM,3667,2000030,Aqua,3.8992,EI/PO/26-27/956,1081,Released,unlinked,20
SO-00008,INCNUT LIFESTYLE RETAIL PRIVATE LIMITED,3369,PR0006408,SKINKRAFT PRO MOISTURE CONDITIONER FOR DRY HAIR + MORE DAMAGE 100 ML,Production Released,RM,3749,1001427,GLYCERINE IP - GODREJ,20,EI/PO/26-27/893,1034,Released,unlinked,500
SO-00008,INCNUT LIFESTYLE RETAIL PRIVATE LIMITED,3369,PR0006408,SKINKRAFT PRO MOISTURE CONDITIONER FOR DRY HAIR + MORE DAMAGE 100 ML,Production Released,RM,3749,1001427,GLYCERINE IP - GODREJ,20,EI/PO/26-27/925,1058,Released,unlinked,500
SO-00008,INCNUT LIFESTYLE RETAIL PRIVATE LIMITED,3369,PR0006408,SKINKRAFT PRO MOISTURE CONDITIONER FOR DRY HAIR + MORE DAMAGE 100 ML,Production Released,RM,3411,1000612,WATER,698.9,DPO-005,1087,Released,unlinked,179
SO-00173,INCNUT LIFESTYLE RETAIL PRIVATE LIMITED,3332,PR0006408,SKINKRAFT PRO MOISTURE CONDITIONER FOR DRY HAIR + MORE DAMAGE 100 ML,Production Released,RM,3749,1001427,GLYCERINE IP - GODREJ,6.35,EI/PO/26-27/893,1034,Released,unlinked,500
SO-00173,INCNUT LIFESTYLE RETAIL PRIVATE LIMITED,3332,PR0006408,SKINKRAFT PRO MOISTURE CONDITIONER FOR DRY HAIR + MORE DAMAGE 100 ML,Production Released,RM,3749,1001427,GLYCERINE IP - GODREJ,6.35,EI/PO/26-27/925,1058,Released,unlinked,500
SO-00173,INCNUT LIFESTYLE RETAIL PRIVATE LIMITED,3332,PR0006408,SKINKRAFT PRO MOISTURE CONDITIONER FOR DRY HAIR + MORE DAMAGE 100 ML,Production Released,RM,3411,1000612,WATER,221.90075,DPO-005,1087,Released,unlinked,179
SO-00095,HEALTH Q LIFESCIENCES PRIVATE LIMITED,3317,PR0007383,SKINQ 15% VITAMIN C GLOW SERUM 15ML,Production Released,RM,3795,1001355,"1, 3 - PROPANEDIOL",2.4075,EI/PO/26-27/786,983,Released,unlinked,200
SO-00095,HEALTH Q LIFESCIENCES PRIVATE LIMITED,3317,PR0007383,SKINQ 15% VITAMIN C GLOW SERUM 15ML,Production Released,RM,3411,1000612,WATER,34.90875,DPO-005,1087,Released,unlinked,179
SO-00095,HEALTH Q LIFESCIENCES PRIVATE LIMITED,3317,PR0007383,SKINQ 15% VITAMIN C GLOW SERUM 15ML,Production Released,RM,3496,1001210,SODIUM HYALURONATE (CHEMICORE),0.14445,EI/PO/26-27/787,984,Released,unlinked,10
SO-00061,HEALTH Q LIFESCIENCES PRIVATE LIMITED,3339,PR0006918,SKINQ BRIGHTENING SERUM 7.5ML_Sample pack,Production Released,RM,3496,1001210,SODIUM HYALURONATE (CHEMICORE),0.047625,EI/PO/26-27/787,984,Released,unlinked,10
SO-00061,HEALTH Q LIFESCIENCES PRIVATE LIMITED,3339,PR0006918,SKINQ BRIGHTENING SERUM 7.5ML_Sample pack,Production Released,RM,3411,1000612,WATER,7.115175,DPO-005,1087,Released,unlinked,179
SO-00064,HEALTH Q LIFESCIENCES PRIVATE LIMITED,3336,PR0006925,SKINQ ACNE & OIL CONTROL SERUM 7.5ML_Sample pack,Production Released,RM,3355,1000511,Niacinamide,0.2082,EI/PO/26-27/926,1059,Released,unlinked,200
SO-00064,HEALTH Q LIFESCIENCES PRIVATE LIMITED,3336,PR0006925,SKINQ ACNE & OIL CONTROL SERUM 7.5ML_Sample pack,Production Released,RM,3749,1001427,GLYCERINE IP - GODREJ,0.3123,EI/PO/26-27/893,1034,Released,unlinked,500
SO-00064,HEALTH Q LIFESCIENCES PRIVATE LIMITED,3336,PR0006925,SKINQ ACNE & OIL CONTROL SERUM 7.5ML_Sample pack,Production Released,RM,3749,1001427,GLYCERINE IP - GODREJ,0.3123,EI/PO/26-27/925,1058,Released,unlinked,500
SO-00064,HEALTH Q LIFESCIENCES PRIVATE LIMITED,3336,PR0006925,SKINQ ACNE & OIL CONTROL SERUM 7.5ML_Sample pack,Production Released,RM,3257,1000392,Salicylic Acid,0.1041,EI/PO/26-27/881,1026,Released,unlinked,50
SO-00064,HEALTH Q LIFESCIENCES PRIVATE LIMITED,3336,PR0006925,SKINQ ACNE & OIL CONTROL SERUM 7.5ML_Sample pack,Production Released,RM,3411,1000612,WATER,7.45356,DPO-005,1087,Released,unlinked,179
SO-00022,HEALTH Q LIFESCIENCES PRIVATE LIMITED,3264,PR0006915,SKINQ DAILY GENTLE CLEANSER 50ML,Production Released,RM,3749,1001427,GLYCERINE IP - GODREJ,289.86,EI/PO/26-27/893,1034,Released,unlinked,500
SO-00022,HEALTH Q LIFESCIENCES PRIVATE LIMITED,3264,PR0006915,SKINQ DAILY GENTLE CLEANSER 50ML,Production Released,RM,3749,1001427,GLYCERINE IP - GODREJ,289.86,EI/PO/26-27/925,1058,Released,unlinked,500
SO-00022,HEALTH Q LIFESCIENCES PRIVATE LIMITED,3264,PR0006915,SKINQ DAILY GENTLE CLEANSER 50ML,Production Released,RM,3438,1001082,GALSOFT SCT 40,289.86,EI/PO/26-27/785,982,Released,unlinked,200
SO-00022,HEALTH Q LIFESCIENCES PRIVATE LIMITED,3264,PR0006915,SKINQ DAILY GENTLE CLEANSER 50ML,Production Released,RM,3795,1001355,"1, 3 - PROPANEDIOL",193.24,EI/PO/26-27/786,983,Released,unlinked,200
SO-00022,HEALTH Q LIFESCIENCES PRIVATE LIMITED,3264,PR0006915,SKINQ DAILY GENTLE CLEANSER 50ML,Production Released,RM,3092,1000173,Acrylates Copolymer,251.212,EI/PO/26-27/889,1030,Released,unlinked,200
SO-00022,HEALTH Q LIFESCIENCES PRIVATE LIMITED,3264,PR0006915,SKINQ DAILY GENTLE CLEANSER 50ML,Production Released,RM,3092,1000173,Acrylates Copolymer,251.212,EI/PO/26-27/923,1056,Released,unlinked,400
SO-00022,HEALTH Q LIFESCIENCES PRIVATE LIMITED,3264,PR0006915,SKINQ DAILY GENTLE CLEANSER 50ML,Production Released,RM,3355,1000511,Niacinamide,38.648,EI/PO/26-27/926,1059,Released,unlinked,200
SO-00022,HEALTH Q LIFESCIENCES PRIVATE LIMITED,3264,PR0006915,SKINQ DAILY GENTLE CLEANSER 50ML,Production Released,RM,3096,1000181,Evening Prime Rose Oil,9.662,EI/PO/26-27/784,981,Released,unlinked,4
SO-00022,HEALTH Q LIFESCIENCES PRIVATE LIMITED,3264,PR0006915,SKINQ DAILY GENTLE CLEANSER 50ML,Production Released,RM,3793,1001341,FLOCARE C 122 PF,9.662,EI/PO/26-27/892,1033,Released,unlinked,60
SO-00022,HEALTH Q LIFESCIENCES PRIVATE LIMITED,3264,PR0006915,SKINQ DAILY GENTLE CLEANSER 50ML,Production Released,RM,3667,2000030,Aqua,1.9324,EI/PO/26-27/956,1081,Released,unlinked,20
SO-00022,HEALTH Q LIFESCIENCES PRIVATE LIMITED,3264,PR0006915,SKINQ DAILY GENTLE CLEANSER 50ML,Production Released,RM,3411,1000612,WATER,483.1,DPO-005,1087,Released,unlinked,179
SO-00601,HEALTH Q LIFESCIENCES PRIVATE LIMITED,3290,PR0007191,SKINQ DETAN MOISTURIZE_KC 10ML(IND),Production Released,RM,3411,1000612,WATER,43.62,DPO-005,1087,Released,unlinked,179
SO-00601,HEALTH Q LIFESCIENCES PRIVATE LIMITED,3290,PR0007191,SKINQ DETAN MOISTURIZE_KC 10ML(IND),Production Released,RM,3327,1000473,VEGAROL 1698,1.2,EI/PO/26-27/881,1026,Released,unlinked,100
SO-00066,HEALTH Q LIFESCIENCES PRIVATE LIMITED,3249,PR0006907,SKINQ BRIGHTENING SERUM 30 ML,Production Released,RM,3496,1001210,SODIUM HYALURONATE (CHEMICORE),0.96315,EI/PO/26-27/787,984,Released,unlinked,10
SO-00066,HEALTH Q LIFESCIENCES PRIVATE LIMITED,3249,PR0006907,SKINQ BRIGHTENING SERUM 30 ML,Production Released,RM,3411,1000612,WATER,143.89461,DPO-005,1087,Released,unlinked,179
SO-00086,HEALTH Q LIFESCIENCES PRIVATE LIMITED,3409,PR0006907,SKINQ BRIGHTENING SERUM 30 ML,Production Released,RM,3496,1001210,SODIUM HYALURONATE (CHEMICORE),2.7,EI/PO/26-27/787,984,Released,unlinked,10
SO-00086,HEALTH Q LIFESCIENCES PRIVATE LIMITED,3409,PR0006907,SKINQ BRIGHTENING SERUM 30 ML,Production Released,RM,3411,1000612,WATER,403.38,DPO-005,1087,Released,unlinked,179
SO-00067,HEALTH Q LIFESCIENCES PRIVATE LIMITED,3307,PR0007197,SKINQ HYDRATE MOISTURIZE_KC 10ML,Production Released,RM,3277,1000412,Butyrospermum Parkii Butter,1.2,EI/PO/26-27/881,1026,Released,unlinked,80
SO-00067,HEALTH Q LIFESCIENCES PRIVATE LIMITED,3307,PR0007197,SKINQ HYDRATE MOISTURIZE_KC 10ML,Production Released,RM,3327,1000473,VEGAROL 1698,1.2,EI/PO/26-27/881,1026,Released,unlinked,100
SO-00067,HEALTH Q LIFESCIENCES PRIVATE LIMITED,3307,PR0007197,SKINQ HYDRATE MOISTURIZE_KC 10ML,Production Released,RM,3411,1000612,WATER,43.62,DPO-005,1087,Released,unlinked,179
SO-00062,HEALTH Q LIFESCIENCES PRIVATE LIMITED,3338,PR0006919,SKINQ 15% VIT C GLOW SERUM 7.5ML_Sample pack,Production Released,RM,3795,1001355,"1, 3 - PROPANEDIOL",0.1995,EI/PO/26-27/786,983,Released,unlinked,200
SO-00062,HEALTH Q LIFESCIENCES PRIVATE LIMITED,3338,PR0006919,SKINQ 15% VIT C GLOW SERUM 7.5ML_Sample pack,Production Released,RM,3496,1001210,SODIUM HYALURONATE (CHEMICORE),0.01197,EI/PO/26-27/787,984,Released,unlinked,10
SO-00062,HEALTH Q LIFESCIENCES PRIVATE LIMITED,3338,PR0006919,SKINQ 15% VIT C GLOW SERUM 7.5ML_Sample pack,Production Released,RM,3411,1000612,WATER,2.89275,DPO-005,1087,Released,unlinked,179
SO-00025,HEALTH Q LIFESCIENCES PRIVATE LIMITED,3261,PR0007039,SKINQ RX ACNI DERM CLARIFYING MASK 10GM,Production Released,RM,3334,1000483,Bentonite,31,EI/PO/26-27/836,1000,Released,unlinked,50
SO-00025,HEALTH Q LIFESCIENCES PRIVATE LIMITED,3261,PR0007039,SKINQ RX ACNI DERM CLARIFYING MASK 10GM,Production Released,RM,3334,1000483,Bentonite,31,EI/PO/26-27/927,1060,Released,unlinked,300
SO-00025,HEALTH Q LIFESCIENCES PRIVATE LIMITED,3261,PR0007039,SKINQ RX ACNI DERM CLARIFYING MASK 10GM,Production Released,RM,3355,1000511,Niacinamide,5,EI/PO/26-27/926,1059,Released,unlinked,200
SO-00025,HEALTH Q LIFESCIENCES PRIVATE LIMITED,3261,PR0007039,SKINQ RX ACNI DERM CLARIFYING MASK 10GM,Production Released,RM,3795,1001355,COSCARE - PDO,3,EI/PO/26-27/786,983,Released,unlinked,200
SO-00025,HEALTH Q LIFESCIENCES PRIVATE LIMITED,3261,PR0007039,SKINQ RX ACNI DERM CLARIFYING MASK 10GM,Production Released,RM,3257,1000392,Salicylic Acid,2,EI/PO/26-27/881,1026,Released,unlinked,50
SO-00025,HEALTH Q LIFESCIENCES PRIVATE LIMITED,3261,PR0007039,SKINQ RX ACNI DERM CLARIFYING MASK 10GM,Production Released,RM,3285,1000422,SODIUM GLUCONATE,0.2,EI/PO/26-27/881,1026,Released,unlinked,25
SO-00025,HEALTH Q LIFESCIENCES PRIVATE LIMITED,3261,PR0007039,SKINQ RX ACNI DERM CLARIFYING MASK 10GM,Production Released,RM,3411,1000612,WATER,46.7,DPO-005,1087,Released,unlinked,179
SO-00024,HEALTH Q LIFESCIENCES PRIVATE LIMITED,3359,PR0007104,SKINQ RX HYDRA FIX FACE MASK 10 GM,Production Released,RM,3355,1000511,Niacinamide,1,EI/PO/26-27/926,1059,Released,unlinked,200
SO-00024,HEALTH Q LIFESCIENCES PRIVATE LIMITED,3359,PR0007104,SKINQ RX HYDRA FIX FACE MASK 10 GM,Production Released,RM,3496,1001210,SODIUM HYALURONATE (CHEMICORE),0.25,EI/PO/26-27/787,984,Released,unlinked,10
SO-00024,HEALTH Q LIFESCIENCES PRIVATE LIMITED,3359,PR0007104,SKINQ RX HYDRA FIX FACE MASK 10 GM,Production Released,RM,3285,1000422,SODIUM GLUCONATE,0.2,EI/PO/26-27/881,1026,Released,unlinked,25
SO-00024,HEALTH Q LIFESCIENCES PRIVATE LIMITED,3359,PR0007104,SKINQ RX HYDRA FIX FACE MASK 10 GM,Production Released,RM,3411,1000612,WATER,75.99,DPO-005,1087,Released,unlinked,179
SO-00583,HEALTH Q LIFESCIENCES PRIVATE LIMITED,3298,PR0007104,SKINQ RX HYDRA FIX FACE MASK 10 GM,Production Released,RM,3355,1000511,Niacinamide,1.02,EI/PO/26-27/926,1059,Released,unlinked,200
SO-00583,HEALTH Q LIFESCIENCES PRIVATE LIMITED,3298,PR0007104,SKINQ RX HYDRA FIX FACE MASK 10 GM,Production Released,RM,3496,1001210,SODIUM HYALURONATE (CHEMICORE),0.255,EI/PO/26-27/787,984,Released,unlinked,10
SO-00583,HEALTH Q LIFESCIENCES PRIVATE LIMITED,3298,PR0007104,SKINQ RX HYDRA FIX FACE MASK 10 GM,Production Released,RM,3285,1000422,SODIUM GLUCONATE,0.204,EI/PO/26-27/881,1026,Released,unlinked,25
SO-00583,HEALTH Q LIFESCIENCES PRIVATE LIMITED,3298,PR0007104,SKINQ RX HYDRA FIX FACE MASK 10 GM,Production Released,RM,3411,1000612,WATER,77.5098,DPO-005,1087,Released,unlinked,179
SO-00584,HEALTH Q LIFESCIENCES PRIVATE LIMITED,3388,PR0007103,SKINQ RX ACNI DERM CLARIFYING MASK 10ML,Production Released,RM,3334,1000483,Bentonite,31,EI/PO/26-27/836,1000,Released,unlinked,50
SO-00584,HEALTH Q LIFESCIENCES PRIVATE LIMITED,3388,PR0007103,SKINQ RX ACNI DERM CLARIFYING MASK 10ML,Production Released,RM,3334,1000483,Bentonite,31,EI/PO/26-27/927,1060,Released,unlinked,300
SO-00584,HEALTH Q LIFESCIENCES PRIVATE LIMITED,3388,PR0007103,SKINQ RX ACNI DERM CLARIFYING MASK 10ML,Production Released,RM,3355,1000511,Niacinamide,5,EI/PO/26-27/926,1059,Released,unlinked,200
SO-00584,HEALTH Q LIFESCIENCES PRIVATE LIMITED,3388,PR0007103,SKINQ RX ACNI DERM CLARIFYING MASK 10ML,Production Released,RM,3795,1001355,COSCARE - PDO,3,EI/PO/26-27/786,983,Released,unlinked,200
SO-00584,HEALTH Q LIFESCIENCES PRIVATE LIMITED,3388,PR0007103,SKINQ RX ACNI DERM CLARIFYING MASK 10ML,Production Released,RM,3257,1000392,Salicylic Acid,2,EI/PO/26-27/881,1026,Released,unlinked,50
SO-00584,HEALTH Q LIFESCIENCES PRIVATE LIMITED,3388,PR0007103,SKINQ RX ACNI DERM CLARIFYING MASK 10ML,Production Released,RM,3285,1000422,SODIUM GLUCONATE,0.2,EI/PO/26-27/881,1026,Released,unlinked,25
SO-00584,HEALTH Q LIFESCIENCES PRIVATE LIMITED,3388,PR0007103,SKINQ RX ACNI DERM CLARIFYING MASK 10ML,Production Released,RM,3411,1000612,WATER,46.7,DPO-005,1087,Released,unlinked,179
SO-00031,HEALTH Q LIFESCIENCES PRIVATE LIMITED,3258,PR0006917,SKINQ GLOW BRIGHT MASK 10GM_Sample pack,Production Released,RM,3334,1000483,Bentonite,93,EI/PO/26-27/836,1000,Released,unlinked,50
SO-00031,HEALTH Q LIFESCIENCES PRIVATE LIMITED,3258,PR0006917,SKINQ GLOW BRIGHT MASK 10GM_Sample pack,Production Released,RM,3334,1000483,Bentonite,93,EI/PO/26-27/927,1060,Released,unlinked,300
SO-00031,HEALTH Q LIFESCIENCES PRIVATE LIMITED,3258,PR0006917,SKINQ GLOW BRIGHT MASK 10GM_Sample pack,Production Released,RM,3795,1001355,"1, 3 - PROPANEDIOL",6,EI/PO/26-27/786,983,Released,unlinked,200
SO-00031,HEALTH Q LIFESCIENCES PRIVATE LIMITED,3258,PR0006917,SKINQ GLOW BRIGHT MASK 10GM_Sample pack,Production Released,RM,3355,1000511,Niacinamide,6,EI/PO/26-27/926,1059,Released,unlinked,200
SO-00031,HEALTH Q LIFESCIENCES PRIVATE LIMITED,3258,PR0006917,SKINQ GLOW BRIGHT MASK 10GM_Sample pack,Production Released,RM,3108,1000194,Betaine,3,EI/PO/26-27/685,944,Released,unlinked,25
SO-00031,HEALTH Q LIFESCIENCES PRIVATE LIMITED,3258,PR0006917,SKINQ GLOW BRIGHT MASK 10GM_Sample pack,Production Released,RM,3811,1000800,ASCOVIT TM C (3-O-ETHYL ASCORBIC ACID),1.5,EI/PO/26-27/894,1035,Released,unlinked,20
SO-00031,HEALTH Q LIFESCIENCES PRIVATE LIMITED,3258,PR0006917,SKINQ GLOW BRIGHT MASK 10GM_Sample pack,Production Released,RM,3285,1000422,SODIUM GLUCONATE,0.6,EI/PO/26-27/881,1026,Released,unlinked,25
SO-00031,HEALTH Q LIFESCIENCES PRIVATE LIMITED,3258,PR0006917,SKINQ GLOW BRIGHT MASK 10GM_Sample pack,Production Released,RM,3411,1000612,WATER,137.1,DPO-005,1087,Released,unlinked,179
SO-00024,HEALTH Q LIFESCIENCES PRIVATE LIMITED,3360,PR0007423,SKINQ RX HYDRA FIX FACE MASK 10 GM(KIT),Confirmed,RM,3411,1000612,WATER,15.198,DPO-005,1087,Released,unlinked,179
SO-00024,HEALTH Q LIFESCIENCES PRIVATE LIMITED,3360,PR0007423,SKINQ RX HYDRA FIX FACE MASK 10 GM(KIT),Confirmed,RM,3355,1000511,Niacinamide,0.2,EI/PO/26-27/926,1059,Released,unlinked,200
SO-00024,HEALTH Q LIFESCIENCES PRIVATE LIMITED,3360,PR0007423,SKINQ RX HYDRA FIX FACE MASK 10 GM(KIT),Confirmed,RM,3496,1001210,SODIUM HYALURONATE (CHEMICORE),0.05,EI/PO/26-27/787,984,Released,unlinked,10
SO-00024,HEALTH Q LIFESCIENCES PRIVATE LIMITED,3360,PR0007423,SKINQ RX HYDRA FIX FACE MASK 10 GM(KIT),Confirmed,RM,3285,1000422,SODIUM GLUCONATE,0.04,EI/PO/26-27/881,1026,Released,unlinked,25
SO-00124,KOSMODERMA HEALTHCARE PRIVATE LIMITED,3428,PR0005243,KOSMODERMA C - BRITE VITAMIN C SERUM RADIANCE+++ 20 ML,Production Released,RM,3795,1001355,"1, 3 - PROPANEDIOL",0.5,EI/PO/26-27/786,983,Released,unlinked,200
SO-00124,KOSMODERMA HEALTHCARE PRIVATE LIMITED,3428,PR0005243,KOSMODERMA C - BRITE VITAMIN C SERUM RADIANCE+++ 20 ML,Production Released,RM,3496,1001210,SODIUM HYALURONATE (CHEMICORE),0.03,EI/PO/26-27/787,984,Released,unlinked,10
SO-00124,KOSMODERMA HEALTHCARE PRIVATE LIMITED,3428,PR0005243,KOSMODERMA C - BRITE VITAMIN C SERUM RADIANCE+++ 20 ML,Production Released,RM,3411,1000612,WATER,7.25,DPO-005,1087,Released,unlinked,179
SO-00019,KOSMODERMA HEALTHCARE PRIVATE LIMITED,3361,PR0005243,KOSMODERMA C - BRITE VITAMIN C SERUM RADIANCE+++ 20 ML,Production Released,RM,3795,1001355,"1, 3 - PROPANEDIOL",0.5,EI/PO/26-27/786,983,Released,unlinked,200
SO-00019,KOSMODERMA HEALTHCARE PRIVATE LIMITED,3361,PR0005243,KOSMODERMA C - BRITE VITAMIN C SERUM RADIANCE+++ 20 ML,Production Released,RM,3496,1001210,SODIUM HYALURONATE (CHEMICORE),0.03,EI/PO/26-27/787,984,Released,unlinked,10
SO-00019,KOSMODERMA HEALTHCARE PRIVATE LIMITED,3361,PR0005243,KOSMODERMA C - BRITE VITAMIN C SERUM RADIANCE+++ 20 ML,Production Released,RM,3411,1000612,WATER,7.25,DPO-005,1087,Released,unlinked,179
SO-00032,HEALTH Q LIFESCIENCES PRIVATE LIMITED,3255,PR0007343,SKINQ ACNE CONTROL MASK 10GM_Sample pack(KIT),Production Released,RM,3334,1000483,Bentonite,24.8124,EI/PO/26-27/836,1000,Released,unlinked,50
SO-00032,HEALTH Q LIFESCIENCES PRIVATE LIMITED,3255,PR0007343,SKINQ ACNE CONTROL MASK 10GM_Sample pack(KIT),Production Released,RM,3334,1000483,Bentonite,24.8124,EI/PO/26-27/927,1060,Released,unlinked,300
SO-00032,HEALTH Q LIFESCIENCES PRIVATE LIMITED,3255,PR0007343,SKINQ ACNE CONTROL MASK 10GM_Sample pack(KIT),Production Released,RM,3355,1000511,Niacinamide,4.002,EI/PO/26-27/926,1059,Released,unlinked,200
SO-00032,HEALTH Q LIFESCIENCES PRIVATE LIMITED,3255,PR0007343,SKINQ ACNE CONTROL MASK 10GM_Sample pack(KIT),Production Released,RM,3795,1001355,"1, 3 - PROPANEDIOL",2.4012,EI/PO/26-27/786,983,Released,unlinked,200
SO-00032,HEALTH Q LIFESCIENCES PRIVATE LIMITED,3255,PR0007343,SKINQ ACNE CONTROL MASK 10GM_Sample pack(KIT),Production Released,RM,3257,1000392,Salicylic Acid,1.6008,EI/PO/26-27/881,1026,Released,unlinked,50
SO-00032,HEALTH Q LIFESCIENCES PRIVATE LIMITED,3255,PR0007343,SKINQ ACNE CONTROL MASK 10GM_Sample pack(KIT),Production Released,RM,3285,1000422,SODIUM GLUCONATE,0.16008,EI/PO/26-27/881,1026,Released,unlinked,25
SO-00032,HEALTH Q LIFESCIENCES PRIVATE LIMITED,3255,PR0007343,SKINQ ACNE CONTROL MASK 10GM_Sample pack(KIT),Production Released,RM,3411,1000612,WATER,37.37868,DPO-005,1087,Released,unlinked,179
SO-00011,HEALTH Q LIFESCIENCES PRIVATE LIMITED,3266,PR0007343,SKINQ ACNE CONTROL MASK 10GM_Sample pack(KIT),Production Released,RM,3334,1000483,Bentonite,1.6957,EI/PO/26-27/836,1000,Released,unlinked,50
SO-00011,HEALTH Q LIFESCIENCES PRIVATE LIMITED,3266,PR0007343,SKINQ ACNE CONTROL MASK 10GM_Sample pack(KIT),Production Released,RM,3334,1000483,Bentonite,1.6957,EI/PO/26-27/927,1060,Released,unlinked,300
SO-00011,HEALTH Q LIFESCIENCES PRIVATE LIMITED,3266,PR0007343,SKINQ ACNE CONTROL MASK 10GM_Sample pack(KIT),Production Released,RM,3355,1000511,Niacinamide,0.2735,EI/PO/26-27/926,1059,Released,unlinked,200
SO-00011,HEALTH Q LIFESCIENCES PRIVATE LIMITED,3266,PR0007343,SKINQ ACNE CONTROL MASK 10GM_Sample pack(KIT),Production Released,RM,3795,1001355,"1, 3 - PROPANEDIOL",0.1641,EI/PO/26-27/786,983,Released,unlinked,200
SO-00011,HEALTH Q LIFESCIENCES PRIVATE LIMITED,3266,PR0007343,SKINQ ACNE CONTROL MASK 10GM_Sample pack(KIT),Production Released,RM,3257,1000392,Salicylic Acid,0.1094,EI/PO/26-27/881,1026,Released,unlinked,50
SO-00011,HEALTH Q LIFESCIENCES PRIVATE LIMITED,3266,PR0007343,SKINQ ACNE CONTROL MASK 10GM_Sample pack(KIT),Production Released,RM,3285,1000422,SODIUM GLUCONATE,0.01094,EI/PO/26-27/881,1026,Released,unlinked,25
SO-00011,HEALTH Q LIFESCIENCES PRIVATE LIMITED,3266,PR0007343,SKINQ ACNE CONTROL MASK 10GM_Sample pack(KIT),Production Released,RM,3411,1000612,WATER,2.55449,DPO-005,1087,Released,unlinked,179
SO-00058,HEALTH Q LIFESCIENCES PRIVATE LIMITED,3251,PR0007035,SKINQ RX ACNI DERM RETINOL ACTIVE SERUM 30ML,Production Released,RM,3355,1000511,Niacinamide,0.4536,EI/PO/26-27/926,1059,Released,unlinked,200
SO-00058,HEALTH Q LIFESCIENCES PRIVATE LIMITED,3251,PR0007035,SKINQ RX ACNI DERM RETINOL ACTIVE SERUM 30ML,Production Released,RM,3257,1000392,Salicylic Acid,0.2268,EI/PO/26-27/881,1026,Released,unlinked,50
SO-00058,HEALTH Q LIFESCIENCES PRIVATE LIMITED,3251,PR0007035,SKINQ RX ACNI DERM RETINOL ACTIVE SERUM 30ML,Production Released,RM,3411,1000612,WATER,16.23888,DPO-005,1087,Released,unlinked,179
SO-00603,HEALTH Q LIFESCIENCES PRIVATE LIMITED,3275,PR0007045,SKINQ RX HYDRATE PRE-MASK SERUM_KC 10ML,Production Released,RM,3411,1000612,WATER,47.82,DPO-005,1087,Released,unlinked,179
SO-00603,HEALTH Q LIFESCIENCES PRIVATE LIMITED,3275,PR0007045,SKINQ RX HYDRATE PRE-MASK SERUM_KC 10ML,Production Released,RM,3355,1000511,Niacinamide,3,EI/PO/26-27/926,1059,Released,unlinked,200
SO-00603,HEALTH Q LIFESCIENCES PRIVATE LIMITED,3275,PR0007045,SKINQ RX HYDRATE PRE-MASK SERUM_KC 10ML,Production Released,RM,3496,1001210,SODIUM HYALURONATE (CHEMICORE),0.6,EI/PO/26-27/787,984,Released,unlinked,10
SO-00603,HEALTH Q LIFESCIENCES PRIVATE LIMITED,3275,PR0007045,SKINQ RX HYDRATE PRE-MASK SERUM_KC 10ML,Production Released,RM,3542,1001284,CCTG,0.06,DPO-003,1085,Released,linked:PR,3
SO-00026,HEALTH Q LIFESCIENCES PRIVATE LIMITED,3357,PR0007105,SKINQ RX DERMA BRIGHT MASK 10 GM,Production Released,RM,3334,1000483,Bentonite,31,EI/PO/26-27/836,1000,Released,unlinked,50
SO-00026,HEALTH Q LIFESCIENCES PRIVATE LIMITED,3357,PR0007105,SKINQ RX DERMA BRIGHT MASK 10 GM,Production Released,RM,3334,1000483,Bentonite,31,EI/PO/26-27/927,1060,Released,unlinked,300
SO-00026,HEALTH Q LIFESCIENCES PRIVATE LIMITED,3357,PR0007105,SKINQ RX DERMA BRIGHT MASK 10 GM,Production Released,RM,3795,1001355,"1, 3 - PROPANEDIOL",2,EI/PO/26-27/786,983,Released,unlinked,200
SO-00026,HEALTH Q LIFESCIENCES PRIVATE LIMITED,3357,PR0007105,SKINQ RX DERMA BRIGHT MASK 10 GM,Production Released,RM,3355,1000511,Niacinamide,2,EI/PO/26-27/926,1059,Released,unlinked,200
SO-00026,HEALTH Q LIFESCIENCES PRIVATE LIMITED,3357,PR0007105,SKINQ RX DERMA BRIGHT MASK 10 GM,Production Released,RM,3108,1000194,Betaine,1,EI/PO/26-27/685,944,Released,unlinked,25
SO-00026,HEALTH Q LIFESCIENCES PRIVATE LIMITED,3357,PR0007105,SKINQ RX DERMA BRIGHT MASK 10 GM,Production Released,RM,3811,1000800,ASCOVIT TM C (3-O-ETHYL ASCORBIC ACID),0.5,EI/PO/26-27/894,1035,Released,unlinked,20
SO-00026,HEALTH Q LIFESCIENCES PRIVATE LIMITED,3357,PR0007105,SKINQ RX DERMA BRIGHT MASK 10 GM,Production Released,RM,3285,1000422,SODIUM GLUCONATE,0.2,EI/PO/26-27/881,1026,Released,unlinked,25
SO-00026,HEALTH Q LIFESCIENCES PRIVATE LIMITED,3357,PR0007105,SKINQ RX DERMA BRIGHT MASK 10 GM,Production Released,RM,3411,1000612,WATER,45.7,DPO-005,1087,Released,unlinked,179
SO-00651,ENVEE SKIN SPECIALIST LLP,3381,PR0005763,THE SKIN SPECIALIST TRICOREVIVE HAIR STRENGTHENING SHAMPOO 150ML,Production Released,RM,3480,1001162,EMPICOL XCT 14,135,EI/PO/26-27/898,1039,Released,unlinked,210
SO-00651,ENVEE SKIN SPECIALIST LLP,3381,PR0005763,THE SKIN SPECIALIST TRICOREVIVE HAIR STRENGTHENING SHAMPOO 150ML,Production Released,RM,2984,1000019,ALPHA CAPB,60,EI/PO/26-27/890,1031,Released,unlinked,500
SO-00651,ENVEE SKIN SPECIALIST LLP,3381,PR0005763,THE SKIN SPECIALIST TRICOREVIVE HAIR STRENGTHENING SHAMPOO 150ML,Production Released,RM,3359,1000517,GALAXY SCI 85P,60,EI/PO/26-27/949,1075,Released,unlinked,240
SO-00651,ENVEE SKIN SPECIALIST LLP,3381,PR0005763,THE SKIN SPECIALIST TRICOREVIVE HAIR STRENGTHENING SHAMPOO 150ML,Production Released,RM,3355,1000511,Niacinamide,7.5,EI/PO/26-27/926,1059,Released,unlinked,200
SO-00651,ENVEE SKIN SPECIALIST LLP,3381,PR0005763,THE SKIN SPECIALIST TRICOREVIVE HAIR STRENGTHENING SHAMPOO 150ML,Production Released,RM,3411,1000612,AQUA,661.5,DPO-005,1087,Released,unlinked,179
SO-00177,KOSMODERMA HEALTHCARE PRIVATE LIMITED,3465,PR0006036,KOSMODERMA ULTRA MOISTURE BLAST 120ML,Production Released,RM,3749,1001427,GLYCERINE IP - GODREJ,0.252,EI/PO/26-27/893,1034,Released,unlinked,500
SO-00177,KOSMODERMA HEALTHCARE PRIVATE LIMITED,3465,PR0006036,KOSMODERMA ULTRA MOISTURE BLAST 120ML,Production Released,RM,3749,1001427,GLYCERINE IP - GODREJ,0.252,EI/PO/26-27/925,1058,Released,unlinked,500
SO-00177,KOSMODERMA HEALTHCARE PRIVATE LIMITED,3465,PR0006036,KOSMODERMA ULTRA MOISTURE BLAST 120ML,Production Released,RM,3327,1000473,VEGAROL 1698,0.252,EI/PO/26-27/881,1026,Released,unlinked,100
SO-00177,KOSMODERMA HEALTHCARE PRIVATE LIMITED,3465,PR0006036,KOSMODERMA ULTRA MOISTURE BLAST 120ML,Production Released,RM,3542,1001284,CCTG,0.126,DPO-003,1085,Released,linked:PR,3
SO-00177,KOSMODERMA HEALTHCARE PRIVATE LIMITED,3465,PR0006036,KOSMODERMA ULTRA MOISTURE BLAST 120ML,Production Released,RM,3411,1000612,WATER,9.1917,DPO-005,1087,Released,unlinked,179
SO-00067,HEALTH Q LIFESCIENCES PRIVATE LIMITED,3308,PR0007198,SKINQ HYDRATE PRE-MASK SERUM_KC 10ML,Production Released,RM,3355,1000511,Niacinamide,3,EI/PO/26-27/926,1059,Released,unlinked,200
SO-00067,HEALTH Q LIFESCIENCES PRIVATE LIMITED,3308,PR0007198,SKINQ HYDRATE PRE-MASK SERUM_KC 10ML,Production Released,RM,3496,1001210,SODIUM HYALURONATE (CHEMICORE),0.6,EI/PO/26-27/787,984,Released,unlinked,10
SO-00067,HEALTH Q LIFESCIENCES PRIVATE LIMITED,3308,PR0007198,SKINQ HYDRATE PRE-MASK SERUM_KC 10ML,Production Released,RM,3542,1001284,CCTG,0.06,DPO-003,1085,Released,linked:PR,3
SO-00067,HEALTH Q LIFESCIENCES PRIVATE LIMITED,3308,PR0007198,SKINQ HYDRATE PRE-MASK SERUM_KC 10ML,Production Released,RM,3411,1000612,AQUA,47.82,DPO-005,1087,Released,unlinked,179
SO-00091,SRINIDHI ENTERPRISES,3412,PR0007380,DR NIDHI'S FORMULA ANTI DANDRUFF SHAMPOO 100ML,Production Released,RM,2984,1000019,ALPHA CAPB,20,EI/PO/26-27/890,1031,Released,unlinked,500
SO-00091,SRINIDHI ENTERPRISES,3412,PR0007380,DR NIDHI'S FORMULA ANTI DANDRUFF SHAMPOO 100ML,Production Released,RM,3438,1001082,GALSOFT SCT 40,20,EI/PO/26-27/785,982,Released,unlinked,200
SO-00091,SRINIDHI ENTERPRISES,3412,PR0007380,DR NIDHI'S FORMULA ANTI DANDRUFF SHAMPOO 100ML,Production Released,RM,3359,1000517,GALAXY SCI 85P,20,EI/PO/26-27/949,1075,Released,unlinked,240
SO-00091,SRINIDHI ENTERPRISES,3412,PR0007380,DR NIDHI'S FORMULA ANTI DANDRUFF SHAMPOO 100ML,Production Released,RM,3749,1001427,GLYCERINE IP - GODREJ,8,EI/PO/26-27/893,1034,Released,unlinked,500
SO-00091,SRINIDHI ENTERPRISES,3412,PR0007380,DR NIDHI'S FORMULA ANTI DANDRUFF SHAMPOO 100ML,Production Released,RM,3749,1001427,GLYCERINE IP - GODREJ,8,EI/PO/26-27/925,1058,Released,unlinked,500
SO-00091,SRINIDHI ENTERPRISES,3412,PR0007380,DR NIDHI'S FORMULA ANTI DANDRUFF SHAMPOO 100ML,Production Released,RM,3793,1001341,FLOCARE C 122 PF,6,EI/PO/26-27/892,1033,Released,unlinked,60
SO-00091,SRINIDHI ENTERPRISES,3412,PR0007380,DR NIDHI'S FORMULA ANTI DANDRUFF SHAMPOO 100ML,Production Released,RM,3257,1000392,Salicylic Acid,4,EI/PO/26-27/881,1026,Released,unlinked,50
SO-00091,SRINIDHI ENTERPRISES,3412,PR0007380,DR NIDHI'S FORMULA ANTI DANDRUFF SHAMPOO 100ML,Production Released,RM,3411,1000612,AQUA,64.7,DPO-005,1087,Released,unlinked,179
SO-00491,M/s. AVIOTHIC,3396,PR0006524,DERMASONIQUE ANTI WASH HAIR SERUM 50ML,Production Released,RM,3327,1000473,VEGAROL 1698,0.125,EI/PO/26-27/881,1026,Released,unlinked,100
SO-00491,M/s. AVIOTHIC,3396,PR0006524,DERMASONIQUE ANTI WASH HAIR SERUM 50ML,Production Released,RM,3411,1000612,WATER,14.0625,DPO-005,1087,Released,unlinked,179
SO-00452,ENVEE SKIN SPECIALIST LLP,3399,PR0006216,THE SKIN SPECIALIST HYDRALITE GEL MOISTURIZER 60ML PR0006216,Production Released,RM,3749,1001427,GLYCERINE IP - GODREJ,24,EI/PO/26-27/893,1034,Released,unlinked,500
SO-00452,ENVEE SKIN SPECIALIST LLP,3399,PR0006216,THE SKIN SPECIALIST HYDRALITE GEL MOISTURIZER 60ML PR0006216,Production Released,RM,3749,1001427,GLYCERINE IP - GODREJ,24,EI/PO/26-27/925,1058,Released,unlinked,500
SO-00452,ENVEE SKIN SPECIALIST LLP,3399,PR0006216,THE SKIN SPECIALIST HYDRALITE GEL MOISTURIZER 60ML PR0006216,Production Released,RM,3496,1001210,SODIUM HYALURONATE (CHEMICORE),6,EI/PO/26-27/787,984,Released,unlinked,10
SO-00452,ENVEE SKIN SPECIALIST LLP,3399,PR0006216,THE SKIN SPECIALIST HYDRALITE GEL MOISTURIZER 60ML PR0006216,Production Released,RM,3411,1000612,WATER,525.618,DPO-005,1087,Released,unlinked,179
SO-00093,CIRCLE SKINCARE PRIVATE LIMITED,3414,PR0005048,CIRCLE SKIN CARE CERAMIDE FACE MOISTURIZER 50ML,Production Released,RM,3355,1000511,Niacinamide,6,EI/PO/26-27/926,1059,Released,unlinked,200
SO-00093,CIRCLE SKINCARE PRIVATE LIMITED,3414,PR0005048,CIRCLE SKIN CARE CERAMIDE FACE MOISTURIZER 50ML,Production Released,RM,3411,1000612,WATER,110.31,DPO-005,1087,Released,unlinked,179
SO-00093,CIRCLE SKINCARE PRIVATE LIMITED,3414,PR0005048,CIRCLE SKIN CARE CERAMIDE FACE MOISTURIZER 50ML,Production Released,RM,3496,1001210,SODIUM HYALURONATE (CHEMICORE),0.075,EI/PO/26-27/787,984,Released,unlinked,10
SO-00093,CIRCLE SKINCARE PRIVATE LIMITED,3414,PR0005048,CIRCLE SKIN CARE CERAMIDE FACE MOISTURIZER 50ML,Production Released,RM,3327,1000473,VEGAROL 1698,0.3,EI/PO/26-27/881,1026,Released,unlinked,100
SO-00093,CIRCLE SKINCARE PRIVATE LIMITED,3414,PR0005048,CIRCLE SKIN CARE CERAMIDE FACE MOISTURIZER 50ML,Production Released,RM,3277,1000412,Butyrospermum Parkii Butter,0.375,EI/PO/26-27/881,1026,Released,unlinked,80
SO-00093,CIRCLE SKINCARE PRIVATE LIMITED,3414,PR0005048,CIRCLE SKIN CARE CERAMIDE FACE MOISTURIZER 50ML,Production Released,RM,3542,1001284,CCTG,1.5,DPO-003,1085,Released,linked:PR,3
SO-00093,CIRCLE SKINCARE PRIVATE LIMITED,3414,PR0005048,CIRCLE SKIN CARE CERAMIDE FACE MOISTURIZER 50ML,Production Released,RM,3749,1001427,GLYCERINE IP - GODREJ,3,EI/PO/26-27/893,1034,Released,unlinked,500
SO-00093,CIRCLE SKINCARE PRIVATE LIMITED,3414,PR0005048,CIRCLE SKIN CARE CERAMIDE FACE MOISTURIZER 50ML,Production Released,RM,3749,1001427,GLYCERINE IP - GODREJ,3,EI/PO/26-27/925,1058,Released,unlinked,500
SO-00046,SOUL SKIN CLINIC LLP,3351,PR0006766,Skn Snax- Sunstick 15gm,Production Released,PM,7156,5L00055,FRAGILE STICKER,2.3,DPO-002,1083,Draft,linked:PR,20
SO-00046,SOUL SKIN CLINIC LLP,3351,PR0006766,Skn Snax- Sunstick 15gm,Production Released,PM,7156,5L00055,FRAGILE STICKER,2.3,DPO-002,1084,Draft,linked:PR,20
SO-00046,SOUL SKIN CLINIC LLP,3351,PR0006766,Skn Snax- Sunstick 15gm,Production Released,PM,8792,5M01031,SKN SNAX SUNSTICK 15 GM MONOCARTON,1150,EI/PO/26-27/691,941,Released,other-ref,2
SO-00046,SOUL SKIN CLINIC LLP,3351,PR0006766,Skn Snax- Sunstick 15gm,Production Released,PM,8792,5M01031,SKN SNAX SUNSTICK 15 GM MONOCARTON,1150,EI/PO/26-27/743,970,Released,unlinked,1200
SO-00046,SOUL SKIN CLINIC LLP,3351,PR0006766,Skn Snax- Sunstick 15gm,Production Released,PM,8036,5L01680,SKN SNAX SUNSTICK 15 GM FRONT LABEL,1150,EI/PO/26-27/776,978,Released,unlinked,1500
SO-00046,SOUL SKIN CLINIC LLP,3351,PR0006766,Skn Snax- Sunstick 15gm,Production Released,PM,8036,5L01680,SKN SNAX SUNSTICK 15 GM FRONT LABEL,1150,EI/PO/26-27/691,941,Released,other-ref,10
SO-00046,SOUL SKIN CLINIC LLP,3351,PR0006766,Skn Snax- Sunstick 15gm,Production Released,PM,8037,5L01681,SKN SNAX SUNSTICK 15 GM BACK LABEL,1150,EI/PO/26-27/776,978,Released,unlinked,1500
SO-00046,SOUL SKIN CLINIC LLP,3351,PR0006766,Skn Snax- Sunstick 15gm,Production Released,PM,8037,5L01681,SKN SNAX SUNSTICK 15 GM BACK LABEL,1150,EI/PO/26-27/691,941,Released,other-ref,10
SO-00046,SOUL SKIN CLINIC LLP,3351,PR0006766,Skn Snax- Sunstick 15gm,Production Released,PM,8937,5S00002,200 ML SHIPPER 500x250x200 mm with printing and 2 pads,2.3,EI/PO/26-27/809,990,Released,unlinked,3985
SO-00204,INCNUT LIFESTYLE RETAIL PRIVATE LIMITED,3500,SK2108AFC,SK ACNE LIMIT FACIAL CREAM FOR MODERATE ACNE 30ML,Production Released,PM,7156,5L00055,FRAGILE STICKER,40,DPO-002,1083,Draft,linked:PR,20
SO-00204,INCNUT LIFESTYLE RETAIL PRIVATE LIMITED,3500,SK2108AFC,SK ACNE LIMIT FACIAL CREAM FOR MODERATE ACNE 30ML,Production Released,PM,7156,5L00055,FRAGILE STICKER,40,DPO-002,1084,Draft,linked:PR,20
SO-00204,INCNUT LIFESTYLE RETAIL PRIVATE LIMITED,3498,SK2202ATD,SKINKRAFT ACNE LIMIT FACIAL TONER FOR SLIGHTLY DRY SKIN 100 ML,Production Released,PM,7156,5L00055,FRAGILE STICKER,60,DPO-002,1083,Draft,linked:PR,20
SO-00204,INCNUT LIFESTYLE RETAIL PRIVATE LIMITED,3498,SK2202ATD,SKINKRAFT ACNE LIMIT FACIAL TONER FOR SLIGHTLY DRY SKIN 100 ML,Production Released,PM,7156,5L00055,FRAGILE STICKER,60,DPO-002,1084,Draft,linked:PR,20
SO-00059,M/s R K Pharmacy,3341,PR0004224-KC,PERSONIKS GENTLE FACE CLEANSER 80 ML,Production Released,PM,7528,5L00716,PERSONIKS GENTLE FACE CLEANSER FOR NORMAL SKIN 80ML LABEL,500,EI/PO/26-27/829,997,Released,unlinked,500
SO-00193,MYSKINN,3480,PR0006401,MYSKINN WATER BURST CAREGEL 50ML,Confirmed,PM,7156,5L00055,FRAGILE STICKER,93,DPO-002,1083,Draft,linked:PR,20
SO-00193,MYSKINN,3480,PR0006401,MYSKINN WATER BURST CAREGEL 50ML,Confirmed,PM,7156,5L00055,FRAGILE STICKER,93,DPO-002,1084,Draft,linked:PR,20
SO-00193,MYSKINN,3480,PR0006401,MYSKINN WATER BURST CAREGEL 50ML,Confirmed,PM,7156,5L00055,FRAGILE STICKER,93,DPO-002,1083,Draft,linked:PR,20
SO-00193,MYSKINN,3480,PR0006401,MYSKINN WATER BURST CAREGEL 50ML,Confirmed,PM,7156,5L00055,FRAGILE STICKER,93,DPO-002,1084,Draft,linked:PR,20
SO-00042,SOUL SKIN CLINIC LLP,3355,PR0005304,Skn Snax Creme Sunscreen SPF 50 PA+++ 75ml,Production Released,PM,7156,5L00055,FRAGILE STICKER,25.3,DPO-002,1083,Draft,linked:PR,20
SO-00042,SOUL SKIN CLINIC LLP,3355,PR0005304,Skn Snax Creme Sunscreen SPF 50 PA+++ 75ml,Production Released,PM,7156,5L00055,FRAGILE STICKER,25.3,DPO-002,1084,Draft,linked:PR,20
SO-00042,SOUL SKIN CLINIC LLP,3355,PR0005304,Skn Snax Creme Sunscreen SPF 50 PA+++ 75ml,Production Released,PM,8788,5M01027,SKN SNAX CREME SUNSCREEN SPF 50 PA +++ 75 ML OUTER MONOCARTON,1150,EI/PO/26-27/691,941,Released,other-ref,2
SO-00042,SOUL SKIN CLINIC LLP,3355,PR0005304,Skn Snax Creme Sunscreen SPF 50 PA+++ 75ml,Production Released,PM,8788,5M01027,SKN SNAX CREME SUNSCREEN SPF 50 PA +++ 75 ML OUTER MONOCARTON,1150,EI/PO/26-27/743,970,Released,unlinked,1200
SO-00042,SOUL SKIN CLINIC LLP,3355,PR0005304,Skn Snax Creme Sunscreen SPF 50 PA+++ 75ml,Production Released,PM,8789,5M01028,SKN SNAX CREME SUNSCREEN SPF 50 PA +++ 75 ML INNER MONOCARTON,1150,EI/PO/26-27/691,941,Released,other-ref,2
SO-00042,SOUL SKIN CLINIC LLP,3355,PR0005304,Skn Snax Creme Sunscreen SPF 50 PA+++ 75ml,Production Released,PM,8789,5M01028,SKN SNAX CREME SUNSCREEN SPF 50 PA +++ 75 ML INNER MONOCARTON,1150,EI/PO/26-27/743,970,Released,unlinked,1200
SO-00042,SOUL SKIN CLINIC LLP,3355,PR0005304,Skn Snax Creme Sunscreen SPF 50 PA+++ 75ml,Production Released,PM,8039,5L01683,SKN SNAX CREME SUNSCREEN SPF 50 PA +++ 75 ML LABEL,1150,EI/PO/26-27/776,978,Released,unlinked,1500
SO-00042,SOUL SKIN CLINIC LLP,3355,PR0005304,Skn Snax Creme Sunscreen SPF 50 PA+++ 75ml,Production Released,PM,8039,5L01683,SKN SNAX CREME SUNSCREEN SPF 50 PA +++ 75 ML LABEL,1150,EI/PO/26-27/691,941,Released,other-ref,10
SO-00042,SOUL SKIN CLINIC LLP,3355,PR0005304,Skn Snax Creme Sunscreen SPF 50 PA+++ 75ml,Production Released,PM,8937,5S00002,200 ML SHIPPER 500x250x200 mm with printing and 2 pads,25.3,EI/PO/26-27/809,990,Released,unlinked,3985
SO-00109,MED MANOR ORGANICS PVT LTD..,3420,PR0004983,MEDMANOR MAXEMO 50ML,Production Released,PM,6594,4000152,PET MILKY ALPHA BOTTLE 60 ML 20 MM NECK,3000,EI/PO/26-27/864,1016,Released,unlinked,15000
SO-00109,MED MANOR ORGANICS PVT LTD..,3420,PR0004983,MEDMANOR MAXEMO 50ML,Production Released,PM,7156,5L00055,FRAGILE STICKER,93,DPO-002,1083,Draft,linked:PR,20
SO-00109,MED MANOR ORGANICS PVT LTD..,3420,PR0004983,MEDMANOR MAXEMO 50ML,Production Released,PM,7156,5L00055,FRAGILE STICKER,93,DPO-002,1084,Draft,linked:PR,20
SO-00109,MED MANOR ORGANICS PVT LTD..,3420,PR0004983,MEDMANOR MAXEMO 50ML,Production Released,PM,6552,4000093,LW D201 WHITE PUMP,3000,EI/PO/26-27/909,1047,Released,unlinked,14000
SO-00109,MED MANOR ORGANICS PVT LTD..,3420,PR0004983,MEDMANOR MAXEMO 50ML,Production Released,PM,6552,4000093,LW D201 WHITE PUMP,3000,EI/PO/26-27/944,1072,Released,unlinked,50000
SO-00109,MED MANOR ORGANICS PVT LTD..,3420,PR0004983,MEDMANOR MAXEMO 50ML,Production Released,PM,8868,5000089,MAXEMO 50 ML monocarton  shrink sleeve ( 115 x 170 mm ),3000,EI/PO/26-27/878,1024,Released,unlinked,10000
SO-00669,Sweta Clinics Ultima,3335,PR0006599,ULTIMA MULTI RAY ULTRA DEFENSE SUNSCREEN SPF 50 PA+++ 50ml,Confirmed,PM,7156,5L00055,FRAGILE STICKER,9.52,DPO-002,1083,Draft,linked:PR,20
SO-00669,Sweta Clinics Ultima,3335,PR0006599,ULTIMA MULTI RAY ULTRA DEFENSE SUNSCREEN SPF 50 PA+++ 50ml,Confirmed,PM,7156,5L00055,FRAGILE STICKER,9.52,DPO-002,1084,Draft,linked:PR,20
SO-00669,Sweta Clinics Ultima,3335,PR0006599,ULTIMA MULTI RAY ULTRA DEFENSE SUNSCREEN SPF 50 PA+++ 50ml,Confirmed,PM,8000,5L01608,ULTIMA MULTI RAY ULTRA DEFENSE SUNSCREEN SPF 50 PA+++ 50ml LABEL,476,EI/PO/26-27/829,997,Released,unlinked,400
SO-00206,INCNUT LIFESTYLE RETAIL PRIVATE LIMITED,3521,SK2112LMTIO2,SKINKRAFT LICORICE MICRONIZED TITANIUM DIOXIDE UV SUN PROTECT LOTION SPF 40 PA+++ 50ML,Production Released,PM,7156,5L00055,FRAGILE STICKER,20,DPO-002,1083,Draft,linked:PR,20
SO-00206,INCNUT LIFESTYLE RETAIL PRIVATE LIMITED,3521,SK2112LMTIO2,SKINKRAFT LICORICE MICRONIZED TITANIUM DIOXIDE UV SUN PROTECT LOTION SPF 40 PA+++ 50ML,Production Released,PM,7156,5L00055,FRAGILE STICKER,20,DPO-002,1084,Draft,linked:PR,20
SO-00206,INCNUT LIFESTYLE RETAIL PRIVATE LIMITED,3521,SK2112LMTIO2,SKINKRAFT LICORICE MICRONIZED TITANIUM DIOXIDE UV SUN PROTECT LOTION SPF 40 PA+++ 50ML,Production Released,PM,6710,4000379,SK LICORICE MICRONIZED UV SUN PROTECT LOTION SPF 40 UVA UVB 50 ML TUBE -SKYPACK,1000,DPO-001,1082,Released,linked:PR,1000
SO-00206,INCNUT LIFESTYLE RETAIL PRIVATE LIMITED,3521,SK2112LMTIO2,SKINKRAFT LICORICE MICRONIZED TITANIUM DIOXIDE UV SUN PROTECT LOTION SPF 40 PA+++ 50ML,Production Released,PM,6710,4000379,SK LICORICE MICRONIZED UV SUN PROTECT LOTION SPF 40 UVA UVB 50 ML TUBE -SKYPACK,1000,EI/PO/26-27/572,962,Released,other-ref,10000
SO-00083,HEALTH Q LIFESCIENCES PRIVATE LIMITED,3406,PR0007033,SKINQ RX HYDRA FIX SERUM 30ML,Production Released,PM,7059,4001145,SKINQ RX 30 ML/50 ML AIRLESS PUMP WITH OVERCAP,2000,EI/PO/26-27/950,1076,Released,unlinked,12000
SO-00083,HEALTH Q LIFESCIENCES PRIVATE LIMITED,3406,PR0007033,SKINQ RX HYDRA FIX SERUM 30ML,Production Released,PM,7156,5L00055,FRAGILE STICKER,50,DPO-002,1083,Draft,linked:PR,20
SO-00083,HEALTH Q LIFESCIENCES PRIVATE LIMITED,3406,PR0007033,SKINQ RX HYDRA FIX SERUM 30ML,Production Released,PM,7156,5L00055,FRAGILE STICKER,50,DPO-002,1084,Draft,linked:PR,20
SO-00617,HEALTH Q LIFESCIENCES PRIVATE LIMITED,3386,PR0007033,SKINQ RX HYDRA FIX SERUM 30ML,Production Released,PM,7059,4001145,SKINQ RX 30 ML/50 ML AIRLESS PUMP WITH OVERCAP,197,EI/PO/26-27/950,1076,Released,unlinked,12000
SO-00617,HEALTH Q LIFESCIENCES PRIVATE LIMITED,3386,PR0007033,SKINQ RX HYDRA FIX SERUM 30ML,Production Released,PM,7156,5L00055,FRAGILE STICKER,4.925,DPO-002,1083,Draft,linked:PR,20
SO-00617,HEALTH Q LIFESCIENCES PRIVATE LIMITED,3386,PR0007033,SKINQ RX HYDRA FIX SERUM 30ML,Production Released,PM,7156,5L00055,FRAGILE STICKER,4.925,DPO-002,1084,Draft,linked:PR,20
SO-00055,HEALTH Q LIFESCIENCES PRIVATE LIMITED,3252,PR0007033,SKINQ RX HYDRA FIX SERUM 30ML,Production Released,PM,7059,4001145,SKINQ RX 30 ML/50 ML AIRLESS PUMP WITH OVERCAP,54,EI/PO/26-27/950,1076,Released,unlinked,12000
SO-00055,HEALTH Q LIFESCIENCES PRIVATE LIMITED,3252,PR0007033,SKINQ RX HYDRA FIX SERUM 30ML,Production Released,PM,7156,5L00055,FRAGILE STICKER,1.35,DPO-002,1083,Draft,linked:PR,20
SO-00055,HEALTH Q LIFESCIENCES PRIVATE LIMITED,3252,PR0007033,SKINQ RX HYDRA FIX SERUM 30ML,Production Released,PM,7156,5L00055,FRAGILE STICKER,1.35,DPO-002,1084,Draft,linked:PR,20
SO-00059,M/s R K Pharmacy,3343,PR0004226-KC,PERSONIKS NORMAL SKIN SUNSCREEN SPF 50 PA++++ 50 ML,Production Released,PM,7013,4001079,50 ml white airless bottle and pump set ( India ),500,EI/PO/26-27/850,1007,Released,unlinked,5000
SO-00059,M/s R K Pharmacy,3343,PR0004226-KC,PERSONIKS NORMAL SKIN SUNSCREEN SPF 50 PA++++ 50 ML,Production Released,PM,7013,4001079,50 ml white airless bottle and pump set ( India ),500,EI/PO/26-27/891,1032,Released,unlinked,8000
SO-00059,M/s R K Pharmacy,3343,PR0004226-KC,PERSONIKS NORMAL SKIN SUNSCREEN SPF 50 PA++++ 50 ML,Production Released,PM,7013,4001079,50 ml white airless bottle and pump set ( India ),500,EI/PO/26-27/945,1073,Released,unlinked,10000
SO-00516,OLIVA SKIN AND HAIR CLINIC,3300,PR0005612,OLIVA TRESSLIV HAIR ENRICHING CONDITIONER FOR NORMAL TO OILY SCALP 200ML,Production Released,PM,7156,5L00055,FRAGILE STICKER,13.068,DPO-002,1083,Draft,linked:PR,20
SO-00516,OLIVA SKIN AND HAIR CLINIC,3300,PR0005612,OLIVA TRESSLIV HAIR ENRICHING CONDITIONER FOR NORMAL TO OILY SCALP 200ML,Production Released,PM,7156,5L00055,FRAGILE STICKER,13.068,DPO-002,1084,Draft,linked:PR,20
SO-00033,HEALTH Q LIFESCIENCES PRIVATE LIMITED,3254,PR0006921,SKINQ HYDRATE & NOURISH MASK 10GM_Sample pack,Production Released,PM,7156,5L00055,FRAGILE STICKER,150,DPO-002,1083,Draft,linked:PR,20
SO-00033,HEALTH Q LIFESCIENCES PRIVATE LIMITED,3254,PR0006921,SKINQ HYDRATE & NOURISH MASK 10GM_Sample pack,Production Released,PM,7156,5L00055,FRAGILE STICKER,150,DPO-002,1084,Draft,linked:PR,20
SO-00033,HEALTH Q LIFESCIENCES PRIVATE LIMITED,3254,PR0006921,SKINQ HYDRATE & NOURISH MASK 10GM_Sample pack,Production Released,PM,9062,5P00001,30GB SHIPPER WITH PARTITION 370x370x120 5ply with printing & partion 10x10,150,EI/PO/26-27/687,943,Released,unlinked,2000
SO-00173,INCNUT LIFESTYLE RETAIL PRIVATE LIMITED,3328,PR0006410,SKINKRAFT INTENSIVE MOISTURE RESTORE SHAMPOO - 120 ml,Production Released,PM,7156,5L00055,FRAGILE STICKER,25.78,DPO-002,1083,Draft,linked:PR,20
SO-00173,INCNUT LIFESTYLE RETAIL PRIVATE LIMITED,3328,PR0006410,SKINKRAFT INTENSIVE MOISTURE RESTORE SHAMPOO - 120 ml,Production Released,PM,7156,5L00055,FRAGILE STICKER,25.78,DPO-002,1084,Draft,linked:PR,20
SO-00173,INCNUT LIFESTYLE RETAIL PRIVATE LIMITED,3328,PR0006410,SKINKRAFT INTENSIVE MOISTURE RESTORE SHAMPOO - 120 ml,Production Released,PM,8931,5P00015,100ML SHIPPERS PRINTED 430*220*175 MM 5PLY(120GSM)PARTITION  5*10,25.78,EI/PO/26-27/912,1050,Released,unlinked,1000
SO-00007,INCNUT LIFESTYLE RETAIL PRIVATE LIMITED,3371,PR0006410,SKINKRAFT INTENSIVE MOISTURE RESTORE SHAMPOO - 120 ml,Production Released,PM,7156,5L00055,FRAGILE STICKER,31,DPO-002,1083,Draft,linked:PR,20
SO-00007,INCNUT LIFESTYLE RETAIL PRIVATE LIMITED,3371,PR0006410,SKINKRAFT INTENSIVE MOISTURE RESTORE SHAMPOO - 120 ml,Production Released,PM,7156,5L00055,FRAGILE STICKER,31,DPO-002,1084,Draft,linked:PR,20
SO-00007,INCNUT LIFESTYLE RETAIL PRIVATE LIMITED,3371,PR0006410,SKINKRAFT INTENSIVE MOISTURE RESTORE SHAMPOO - 120 ml,Production Released,PM,8931,5P00015,100ML SHIPPERS PRINTED 430*220*175 MM 5PLY(120GSM)PARTITION  5*10,31,EI/PO/26-27/912,1050,Released,unlinked,1000
SO-00007,INCNUT LIFESTYLE RETAIL PRIVATE LIMITED,3374,PR0006413,SKINKRAFT VOLUME ENHANCE DANDRUFF CARE SHAMPOO 120 ML,Production Released,PM,7156,5L00055,FRAGILE STICKER,16,DPO-002,1083,Draft,linked:PR,20
SO-00007,INCNUT LIFESTYLE RETAIL PRIVATE LIMITED,3374,PR0006413,SKINKRAFT VOLUME ENHANCE DANDRUFF CARE SHAMPOO 120 ML,Production Released,PM,7156,5L00055,FRAGILE STICKER,16,DPO-002,1084,Draft,linked:PR,20
SO-00007,INCNUT LIFESTYLE RETAIL PRIVATE LIMITED,3374,PR0006413,SKINKRAFT VOLUME ENHANCE DANDRUFF CARE SHAMPOO 120 ML,Production Released,PM,8931,5P00015,100ML SHIPPERS PRINTED 430*220*175 MM 5PLY(120GSM)PARTITION  5*10,16,EI/PO/26-27/912,1050,Released,unlinked,1000
SO-00173,INCNUT LIFESTYLE RETAIL PRIVATE LIMITED,3331,PR0006413,SKINKRAFT VOLUME ENHANCE DANDRUFF CARE SHAMPOO 120 ML,Production Released,PM,7156,5L00055,FRAGILE STICKER,31.72,DPO-002,1083,Draft,linked:PR,20
SO-00173,INCNUT LIFESTYLE RETAIL PRIVATE LIMITED,3331,PR0006413,SKINKRAFT VOLUME ENHANCE DANDRUFF CARE SHAMPOO 120 ML,Production Released,PM,7156,5L00055,FRAGILE STICKER,31.72,DPO-002,1084,Draft,linked:PR,20
SO-00173,INCNUT LIFESTYLE RETAIL PRIVATE LIMITED,3331,PR0006413,SKINKRAFT VOLUME ENHANCE DANDRUFF CARE SHAMPOO 120 ML,Production Released,PM,8931,5P00015,100ML SHIPPERS PRINTED 430*220*175 MM 5PLY(120GSM)PARTITION  5*10,31.72,EI/PO/26-27/912,1050,Released,unlinked,1000
SO-00662,KOSMODERMA HEALTHCARE PRIVATE LIMITED,3378,PR0005017,KOSMODERMA HYDRA BOOST GEL 30ML,Production Released,PM,6699,4000356,GBL-NG-DROPPER-30ML-CLEAR,250,EI/PO/26-27/865,1017,Released,unlinked,2000
SO-00662,KOSMODERMA HEALTHCARE PRIVATE LIMITED,3378,PR0005017,KOSMODERMA HYDRA BOOST GEL 30ML,Production Released,PM,8166,5M00071,KOSMODERMA HYDRA BOOST GEL 30ML MONOCARTON,250,EI/PO/26-27/843,1005,Released,unlinked,2000
SO-00662,KOSMODERMA HEALTHCARE PRIVATE LIMITED,3378,PR0005017,KOSMODERMA HYDRA BOOST GEL 30ML,Production Released,PM,7156,5L00055,FRAGILE STICKER,5.5,DPO-002,1083,Draft,linked:PR,20
SO-00662,KOSMODERMA HEALTHCARE PRIVATE LIMITED,3378,PR0005017,KOSMODERMA HYDRA BOOST GEL 30ML,Production Released,PM,7156,5L00055,FRAGILE STICKER,5.5,DPO-002,1084,Draft,linked:PR,20
SO-00662,KOSMODERMA HEALTHCARE PRIVATE LIMITED,3378,PR0005017,KOSMODERMA HYDRA BOOST GEL 30ML,Production Released,PM,8937,5S00002,200 ML SHIPPER 500x250x200 mm with printing and 2 pads,5.5,EI/PO/26-27/809,990,Released,unlinked,3985
SO-00643,KOSMODERMA HEALTHCARE PRIVATE LIMITED,3384,PR0005017,KOSMODERMA HYDRA BOOST GEL 30ML,Production Released,PM,6699,4000356,GBL-NG-DROPPER-30ML-CLEAR,1000,EI/PO/26-27/865,1017,Released,unlinked,2000
SO-00643,KOSMODERMA HEALTHCARE PRIVATE LIMITED,3384,PR0005017,KOSMODERMA HYDRA BOOST GEL 30ML,Production Released,PM,8166,5M00071,KOSMODERMA HYDRA BOOST GEL 30ML MONOCARTON,1000,EI/PO/26-27/843,1005,Released,unlinked,2000
SO-00643,KOSMODERMA HEALTHCARE PRIVATE LIMITED,3384,PR0005017,KOSMODERMA HYDRA BOOST GEL 30ML,Production Released,PM,7156,5L00055,FRAGILE STICKER,22,DPO-002,1083,Draft,linked:PR,20
SO-00643,KOSMODERMA HEALTHCARE PRIVATE LIMITED,3384,PR0005017,KOSMODERMA HYDRA BOOST GEL 30ML,Production Released,PM,7156,5L00055,FRAGILE STICKER,22,DPO-002,1084,Draft,linked:PR,20
SO-00643,KOSMODERMA HEALTHCARE PRIVATE LIMITED,3384,PR0005017,KOSMODERMA HYDRA BOOST GEL 30ML,Production Released,PM,8937,5S00002,200 ML SHIPPER 500x250x200 mm with printing and 2 pads,22,EI/PO/26-27/809,990,Released,unlinked,3985
SO-00603,HEALTH Q LIFESCIENCES PRIVATE LIMITED,3277,PR0007047,SKINQ RX HYDRATE POST FACIAL CARE_KC 5ML,Production Released,PM,7156,5L00055,FRAGILE STICKER,12,DPO-002,1083,Draft,linked:PR,20
SO-00603,HEALTH Q LIFESCIENCES PRIVATE LIMITED,3277,PR0007047,SKINQ RX HYDRATE POST FACIAL CARE_KC 5ML,Production Released,PM,7156,5L00055,FRAGILE STICKER,12,DPO-002,1084,Draft,linked:PR,20
SO-00603,HEALTH Q LIFESCIENCES PRIVATE LIMITED,3277,PR0007047,SKINQ RX HYDRATE POST FACIAL CARE_KC 5ML,Production Released,PM,8937,5S00002,200 ML SHIPPER 500x250x200 mm with printing and 2 pads,12,EI/PO/26-27/809,990,Released,unlinked,3985
SO-00011,HEALTH Q LIFESCIENCES PRIVATE LIMITED,3267,PR0006920,SKINQ ACNE CONTROL MASK 10GM_Sample pack,Production Released,PM,7156,5L00055,FRAGILE STICKER,89.6,DPO-002,1083,Draft,linked:PR,20
SO-00011,HEALTH Q LIFESCIENCES PRIVATE LIMITED,3267,PR0006920,SKINQ ACNE CONTROL MASK 10GM_Sample pack,Production Released,PM,7156,5L00055,FRAGILE STICKER,89.6,DPO-002,1084,Draft,linked:PR,20
SO-00011,HEALTH Q LIFESCIENCES PRIVATE LIMITED,3267,PR0006920,SKINQ ACNE CONTROL MASK 10GM_Sample pack,Production Released,PM,9062,5P00001,30GB SHIPPER WITH PARTITION 370x370x120 5ply with printing & partion 10x10,89.6,EI/PO/26-27/687,943,Released,unlinked,2000
SO-00032,HEALTH Q LIFESCIENCES PRIVATE LIMITED,3256,PR0006920,SKINQ ACNE CONTROL MASK 10GM_Sample pack,Production Released,PM,7156,5L00055,FRAGILE STICKER,250,DPO-002,1083,Draft,linked:PR,20
SO-00032,HEALTH Q LIFESCIENCES PRIVATE LIMITED,3256,PR0006920,SKINQ ACNE CONTROL MASK 10GM_Sample pack,Production Released,PM,7156,5L00055,FRAGILE STICKER,250,DPO-002,1084,Draft,linked:PR,20
SO-00032,HEALTH Q LIFESCIENCES PRIVATE LIMITED,3256,PR0006920,SKINQ ACNE CONTROL MASK 10GM_Sample pack,Production Released,PM,9062,5P00001,30GB SHIPPER WITH PARTITION 370x370x120 5ply with printing & partion 10x10,250,EI/PO/26-27/687,943,Released,unlinked,2000
SO-00206,INCNUT LIFESTYLE RETAIL PRIVATE LIMITED,3531,SK2108CSRS,SKINKRAFT CORREXION SPOT RECTIFYING FACIAL SERUM FOR DARK SPOTS 30 ML,Production Released,PM,7156,5L00055,FRAGILE STICKER,50,DPO-002,1083,Draft,linked:PR,20
SO-00206,INCNUT LIFESTYLE RETAIL PRIVATE LIMITED,3531,SK2108CSRS,SKINKRAFT CORREXION SPOT RECTIFYING FACIAL SERUM FOR DARK SPOTS 30 ML,Production Released,PM,7156,5L00055,FRAGILE STICKER,50,DPO-002,1084,Draft,linked:PR,20
SO-00206,INCNUT LIFESTYLE RETAIL PRIVATE LIMITED,3531,SK2108CSRS,SKINKRAFT CORREXION SPOT RECTIFYING FACIAL SERUM FOR DARK SPOTS 30 ML,Production Released,PM,9062,5P00001,30GB SHIPPER WITH PARTITION 370x370x120 5ply with printing & partion 10x10,50,EI/PO/26-27/687,943,Released,unlinked,2000
SO-00204,INCNUT LIFESTYLE RETAIL PRIVATE LIMITED,3505,SK2108CSRS,SKINKRAFT CORREXION SPOT RECTIFYING FACIAL SERUM FOR DARK SPOTS 30 ML,Production Released,PM,7156,5L00055,FRAGILE STICKER,290,DPO-002,1083,Draft,linked:PR,20
SO-00204,INCNUT LIFESTYLE RETAIL PRIVATE LIMITED,3505,SK2108CSRS,SKINKRAFT CORREXION SPOT RECTIFYING FACIAL SERUM FOR DARK SPOTS 30 ML,Production Released,PM,7156,5L00055,FRAGILE STICKER,290,DPO-002,1084,Draft,linked:PR,20
SO-00204,INCNUT LIFESTYLE RETAIL PRIVATE LIMITED,3505,SK2108CSRS,SKINKRAFT CORREXION SPOT RECTIFYING FACIAL SERUM FOR DARK SPOTS 30 ML,Production Released,PM,9062,5P00001,30GB SHIPPER WITH PARTITION 370x370x120 5ply with printing & partion 10x10,290,EI/PO/26-27/687,943,Released,unlinked,2000
SO-00204,INCNUT LIFESTYLE RETAIL PRIVATE LIMITED,3520,PR0005782,SkinKraft Root Nourishing Hair Serum - 30ml,Production Released,PM,7156,5L00055,FRAGILE STICKER,100,DPO-002,1083,Draft,linked:PR,20
SO-00204,INCNUT LIFESTYLE RETAIL PRIVATE LIMITED,3520,PR0005782,SkinKraft Root Nourishing Hair Serum - 30ml,Production Released,PM,7156,5L00055,FRAGILE STICKER,100,DPO-002,1084,Draft,linked:PR,20
SO-00204,INCNUT LIFESTYLE RETAIL PRIVATE LIMITED,3520,PR0005782,SkinKraft Root Nourishing Hair Serum - 30ml,Production Released,PM,9062,5P00001,30GB SHIPPER WITH PARTITION 370x370x120 5ply with printing & partion 10x10,100,EI/PO/26-27/687,943,Released,unlinked,2000
SO-00204,INCNUT LIFESTYLE RETAIL PRIVATE LIMITED,3512,SK2109NBLS,SKINKRAFT BARRIER RESTORATIVE LOTION FOR SENSITIVE SKIN 40ML,Production Released,PM,7156,5L00055,FRAGILE STICKER,380,DPO-002,1083,Draft,linked:PR,20
SO-00204,INCNUT LIFESTYLE RETAIL PRIVATE LIMITED,3512,SK2109NBLS,SKINKRAFT BARRIER RESTORATIVE LOTION FOR SENSITIVE SKIN 40ML,Production Released,PM,7156,5L00055,FRAGILE STICKER,380,DPO-002,1084,Draft,linked:PR,20
SO-00204,INCNUT LIFESTYLE RETAIL PRIVATE LIMITED,3512,SK2109NBLS,SKINKRAFT BARRIER RESTORATIVE LOTION FOR SENSITIVE SKIN 40ML,Production Released,PM,6592,4000150,SM03 WHITE CAP SK BARRIER RANGE OVERCAP - EPT,19000,EI/PO/26-27/943,1071,Released,unlinked,50000
SO-00204,INCNUT LIFESTYLE RETAIL PRIVATE LIMITED,3512,SK2109NBLS,SKINKRAFT BARRIER RESTORATIVE LOTION FOR SENSITIVE SKIN 40ML,Production Released,PM,6576,4000133,PBL-EPT-PET CYLINDER STEP SHOULDER N19MM-60ML-OPP.SKY BLUE,19000,EI/PO/26-27/943,1071,Released,unlinked,50000
SO-00204,INCNUT LIFESTYLE RETAIL PRIVATE LIMITED,3512,SK2109NBLS,SKINKRAFT BARRIER RESTORATIVE LOTION FOR SENSITIVE SKIN 40ML,Production Released,PM,6552,4000093,LW D201 WHITE PUMP,19000,EI/PO/26-27/909,1047,Released,unlinked,14000
SO-00204,INCNUT LIFESTYLE RETAIL PRIVATE LIMITED,3512,SK2109NBLS,SKINKRAFT BARRIER RESTORATIVE LOTION FOR SENSITIVE SKIN 40ML,Production Released,PM,6552,4000093,LW D201 WHITE PUMP,19000,EI/PO/26-27/944,1072,Released,unlinked,50000
SO-00659,HEALTH Q LIFESCIENCES PRIVATE LIMITED,3379,PR0006914,SKINQ SUN PROTECT ULTRA LIGHT GEL SPF 40+ 50ML,Production Released,PM,7156,5L00055,FRAGILE STICKER,10000,DPO-002,1083,Draft,linked:PR,20
SO-00659,HEALTH Q LIFESCIENCES PRIVATE LIMITED,3379,PR0006914,SKINQ SUN PROTECT ULTRA LIGHT GEL SPF 40+ 50ML,Production Released,PM,7156,5L00055,FRAGILE STICKER,10000,DPO-002,1084,Draft,linked:PR,20
SO-00171,ENVEE SKIN SPECIALIST LLP,3461,PR0007532,THE SKIN SPECIALIST ACNEZAP FOAMING FACE WASH 100 ML,Confirmed,PM,8937,5S00002,200 ML SHIPPER 500x250x200 mm with printing and 2 pads,624,EI/PO/26-27/809,990,Released,unlinked,3985
SO-00171,ENVEE SKIN SPECIALIST LLP,3461,PR0007532,THE SKIN SPECIALIST ACNEZAP FOAMING FACE WASH 100 ML,Confirmed,PM,7156,5L00055,FRAGILE STICKER,624,DPO-002,1083,Draft,linked:PR,20
SO-00171,ENVEE SKIN SPECIALIST LLP,3461,PR0007532,THE SKIN SPECIALIST ACNEZAP FOAMING FACE WASH 100 ML,Confirmed,PM,7156,5L00055,FRAGILE STICKER,624,DPO-002,1084,Draft,linked:PR,20
SO-00206,INCNUT LIFESTYLE RETAIL PRIVATE LIMITED,3530,SK2108BSFS,SKINKRAFT BRIGHTSIDE FACIAL SERUM FOR DULL SKIN 30ML,Production Released,PM,7156,5L00055,FRAGILE STICKER,30,DPO-002,1083,Draft,linked:PR,20
SO-00206,INCNUT LIFESTYLE RETAIL PRIVATE LIMITED,3530,SK2108BSFS,SKINKRAFT BRIGHTSIDE FACIAL SERUM FOR DULL SKIN 30ML,Production Released,PM,7156,5L00055,FRAGILE STICKER,30,DPO-002,1084,Draft,linked:PR,20
SO-00206,INCNUT LIFESTYLE RETAIL PRIVATE LIMITED,3530,SK2108BSFS,SKINKRAFT BRIGHTSIDE FACIAL SERUM FOR DULL SKIN 30ML,Production Released,PM,9062,5P00001,30GB SHIPPER WITH PARTITION 370x370x120 5ply with printing & partion 10x10,30,EI/PO/26-27/687,943,Released,unlinked,2000
SO-00204,INCNUT LIFESTYLE RETAIL PRIVATE LIMITED,3503,SK2108BSFS,SKINKRAFT BRIGHTSIDE FACIAL SERUM FOR DULL SKIN 30ML,Production Released,PM,7156,5L00055,FRAGILE STICKER,120,DPO-002,1083,Draft,linked:PR,20
SO-00204,INCNUT LIFESTYLE RETAIL PRIVATE LIMITED,3503,SK2108BSFS,SKINKRAFT BRIGHTSIDE FACIAL SERUM FOR DULL SKIN 30ML,Production Released,PM,7156,5L00055,FRAGILE STICKER,120,DPO-002,1084,Draft,linked:PR,20
SO-00204,INCNUT LIFESTYLE RETAIL PRIVATE LIMITED,3503,SK2108BSFS,SKINKRAFT BRIGHTSIDE FACIAL SERUM FOR DULL SKIN 30ML,Production Released,PM,9062,5P00001,30GB SHIPPER WITH PARTITION 370x370x120 5ply with printing & partion 10x10,120,EI/PO/26-27/687,943,Released,unlinked,2000
SO-00010,INCNUT LIFESTYLE RETAIL PRIVATE LIMITED,3363,SK2202IMDRC,SKINKRAFT INTENSE MOISTURE WITH TOTAL DAMAGE REPAIR CONDITIONER 200GM,Production Released,PM,6747,4000444,200ML PET BNC BOTTLE-ROUND-CLEAR- PRAGATI POLYMS,2000,EI/PO/26-27/942,1070,Released,unlinked,10000
SO-00172,INCNUT LIFESTYLE RETAIL PRIVATE LIMITED,3322,SK2202IMDRC,SKINKRAFT INTENSE MOISTURE WITH TOTAL DAMAGE REPAIR CONDITIONER 200GM,Production Released,PM,6747,4000444,200ML PET BNC BOTTLE-ROUND-CLEAR- PRAGATI POLYMS,1740,EI/PO/26-27/942,1070,Released,unlinked,10000
SO-00094,HEALTH Q LIFESCIENCES PRIVATE LIMITED,3316,PR0007382,SKINQ ACNE & OIL CONTROL SERUM 15 ML,Production Released,PM,8930,5000127,TRANSPARENT VOID TAMPER STICKER,8354,EI/PO/26-27/795,986,Released,unlinked,10000
SO-00094,HEALTH Q LIFESCIENCES PRIVATE LIMITED,3316,PR0007382,SKINQ ACNE & OIL CONTROL SERUM 15 ML,Production Released,PM,7156,5L00055,FRAGILE STICKER,104.425,DPO-002,1083,Draft,linked:PR,20
SO-00094,HEALTH Q LIFESCIENCES PRIVATE LIMITED,3316,PR0007382,SKINQ ACNE & OIL CONTROL SERUM 15 ML,Production Released,PM,7156,5L00055,FRAGILE STICKER,104.425,DPO-002,1084,Draft,linked:PR,20
SO-00666,DEFYNE AESTHETICS,3376,PR0006814,DERMIQ DAILY CLEANSER 100ML,Production Released,PM,7156,5L00055,FRAGILE STICKER,15.5,DPO-002,1083,Draft,linked:PR,20
SO-00666,DEFYNE AESTHETICS,3376,PR0006814,DERMIQ DAILY CLEANSER 100ML,Production Released,PM,7156,5L00055,FRAGILE STICKER,15.5,DPO-002,1084,Draft,linked:PR,20
SO-00666,DEFYNE AESTHETICS,3376,PR0006814,DERMIQ DAILY CLEANSER 100ML,Production Released,PM,8745,5M00942,DERMIQ  DAILY CLEANSER 100 ML MONOCARTON,500,EI/PO/26-27/482,964,Released,other-ref,2000
SO-00666,DEFYNE AESTHETICS,3376,PR0006814,DERMIQ DAILY CLEANSER 100ML,Production Released,PM,7024,4001099,100 ML PET SLEEK PRINTED BOTTLE 24 MM NECK - LIGHT BLUE ( PANTONE 7457C ),500,EI/PO/26-27/556,963,Released,other-ref,10000
SO-00666,DEFYNE AESTHETICS,3376,PR0006814,DERMIQ DAILY CLEANSER 100ML,Production Released,PM,8937,5S00002,200 ML SHIPPER 500x250x200 mm with printing and 2 pads,15.6,EI/PO/26-27/809,990,Released,unlinked,3985
SO-00666,DEFYNE AESTHETICS,3376,PR0006814,DERMIQ DAILY CLEANSER 100ML,Production Released,PM,8930,5000127,TRANSPARENT VOID TAMPER STICKER,1000,EI/PO/26-27/795,986,Released,unlinked,10000
SO-00017,KOSMODERMA HEALTHCARE PRIVATE LIMITED,3362,PR0005428,KOSMODERMA MOISTURE BOOST CREAM 50GM,Production Released,PM,6594,4000152,PET MILKY ALPHA BOTTLE 60 ML 20 MM NECK,1000,EI/PO/26-27/864,1016,Released,unlinked,15000
SO-00017,KOSMODERMA HEALTHCARE PRIVATE LIMITED,3362,PR0005428,KOSMODERMA MOISTURE BOOST CREAM 50GM,Production Released,PM,7156,5L00055,FRAGILE STICKER,31,DPO-002,1083,Draft,linked:PR,20
SO-00017,KOSMODERMA HEALTHCARE PRIVATE LIMITED,3362,PR0005428,KOSMODERMA MOISTURE BOOST CREAM 50GM,Production Released,PM,7156,5L00055,FRAGILE STICKER,31,DPO-002,1084,Draft,linked:PR,20
SO-00017,KOSMODERMA HEALTHCARE PRIVATE LIMITED,3362,PR0005428,KOSMODERMA MOISTURE BOOST CREAM 50GM,Production Released,PM,6552,4000093,LW D201 WHITE PUMP,1000,EI/PO/26-27/909,1047,Released,unlinked,14000
SO-00017,KOSMODERMA HEALTHCARE PRIVATE LIMITED,3362,PR0005428,KOSMODERMA MOISTURE BOOST CREAM 50GM,Production Released,PM,6552,4000093,LW D201 WHITE PUMP,1000,EI/PO/26-27/944,1072,Released,unlinked,50000
SO-00017,KOSMODERMA HEALTHCARE PRIVATE LIMITED,3362,PR0005428,KOSMODERMA MOISTURE BOOST CREAM 50GM,Production Released,PM,8937,5S00002,200 ML SHIPPER 500x250x200 mm with printing and 2 pads,31.2,EI/PO/26-27/809,990,Released,unlinked,3985
SO-00048,PHOENIX PHARMA,3349,PR0007139,REEGLO LITE SKIN BRIGHTENING CREAM 30 G,Production Released,PM,8917,5M01039,REEGLO LITE SKIN BRIGHTENING CREAM 30G MONOCARTON,2000,EI/PO/26-27/843,1005,Released,unlinked,2000
SO-00048,PHOENIX PHARMA,3349,PR0007139,REEGLO LITE SKIN BRIGHTENING CREAM 30 G,Production Released,PM,7156,5L00055,FRAGILE STICKER,44,DPO-002,1083,Draft,linked:PR,20
SO-00048,PHOENIX PHARMA,3349,PR0007139,REEGLO LITE SKIN BRIGHTENING CREAM 30 G,Production Released,PM,7156,5L00055,FRAGILE STICKER,44,DPO-002,1084,Draft,linked:PR,20
SO-00048,PHOENIX PHARMA,3349,PR0007139,REEGLO LITE SKIN BRIGHTENING CREAM 30 G,Production Released,PM,8904,4001203,REEGLO LITE SKIN BRIGHTENING CREAM 30GM PRINTED TUBE WITH FLIPTOP CAP,2000,EI/PO/26-27/849,1006,Released,unlinked,5000
SO-00048,PHOENIX PHARMA,3349,PR0007139,REEGLO LITE SKIN BRIGHTENING CREAM 30 G,Production Released,PM,8937,5S00002,200 ML SHIPPER 500x250x200 mm with printing and 2 pads,44,EI/PO/26-27/809,990,Released,unlinked,3985
SO-00048,PHOENIX PHARMA,3349,PR0007139,REEGLO LITE SKIN BRIGHTENING CREAM 30 G,Production Released,PM,8930,5000127,TRANSPARENT VOID TAMPER STICKER,4000,EI/PO/26-27/795,986,Released,unlinked,10000
SO-00656,HEALTH Q LIFESCIENCES PRIVATE LIMITED,3269,PR0006923,SKINQ MOISTURE BALM 10GM_Sample pack,Production Released,PM,7156,5L00055,FRAGILE STICKER,0.19,DPO-002,1083,Draft,linked:PR,20
SO-00656,HEALTH Q LIFESCIENCES PRIVATE LIMITED,3269,PR0006923,SKINQ MOISTURE BALM 10GM_Sample pack,Production Released,PM,7156,5L00055,FRAGILE STICKER,0.19,DPO-002,1084,Draft,linked:PR,20
SO-00656,HEALTH Q LIFESCIENCES PRIVATE LIMITED,3269,PR0006923,SKINQ MOISTURE BALM 10GM_Sample pack,Production Released,PM,9062,5P00001,30GB SHIPPER WITH PARTITION 370x370x120 5ply with printing & partion 10x10,0.19,EI/PO/26-27/687,943,Released,unlinked,2000
SO-00189,HEALTH Q LIFESCIENCES PRIVATE LIMITED,3334,PR0006923,SKINQ MOISTURE BALM 10GM_Sample pack,Production Released,PM,7156,5L00055,FRAGILE STICKER,164.11,DPO-002,1083,Draft,linked:PR,20
SO-00189,HEALTH Q LIFESCIENCES PRIVATE LIMITED,3334,PR0006923,SKINQ MOISTURE BALM 10GM_Sample pack,Production Released,PM,7156,5L00055,FRAGILE STICKER,164.11,DPO-002,1084,Draft,linked:PR,20
SO-00189,HEALTH Q LIFESCIENCES PRIVATE LIMITED,3334,PR0006923,SKINQ MOISTURE BALM 10GM_Sample pack,Production Released,PM,9062,5P00001,30GB SHIPPER WITH PARTITION 370x370x120 5ply with printing & partion 10x10,164.11,EI/PO/26-27/687,943,Released,unlinked,2000
SO-00161,DE NATUREL,3451,PR0007561,DE NATUREL PREMIUM ROSE GLOW SANDALWOOD AND ROSE FACE PACK 100GM,Confirmed,PM,7156,5L00055,FRAGILE STICKER,8.35,DPO-002,1083,Draft,linked:PR,20
SO-00161,DE NATUREL,3451,PR0007561,DE NATUREL PREMIUM ROSE GLOW SANDALWOOD AND ROSE FACE PACK 100GM,Confirmed,PM,7156,5L00055,FRAGILE STICKER,8.35,DPO-002,1084,Draft,linked:PR,20
SO-00127,MYSKINN,3431,PR0006897,MYSKINN HYDRATE RADIANCE CREAM 200ML,Confirmed,PM,8937,5S00002,200 ML SHIPPER 500x250x200 mm with printing and 2 pads,36,EI/PO/26-27/809,990,Released,unlinked,3985
SO-00127,MYSKINN,3431,PR0006897,MYSKINN HYDRATE RADIANCE CREAM 200ML,Confirmed,PM,7156,5L00055,FRAGILE STICKER,36,DPO-002,1083,Draft,linked:PR,20
SO-00127,MYSKINN,3431,PR0006897,MYSKINN HYDRATE RADIANCE CREAM 200ML,Confirmed,PM,7156,5L00055,FRAGILE STICKER,36,DPO-002,1084,Draft,linked:PR,20
SO-00665,DEFYNE AESTHETICS,3377,PR0006815,DERMIQ - RICH LOTION 200 ML,Production Released,PM,7156,5L00055,FRAGILE STICKER,24,DPO-002,1083,Draft,linked:PR,20
SO-00665,DEFYNE AESTHETICS,3377,PR0006815,DERMIQ - RICH LOTION 200 ML,Production Released,PM,7156,5L00055,FRAGILE STICKER,24,DPO-002,1084,Draft,linked:PR,20
SO-00665,DEFYNE AESTHETICS,3377,PR0006815,DERMIQ - RICH LOTION 200 ML,Production Released,PM,8748,5M00946,DERMIQ - RICH LOTION 200ML MONOCARTON,500,EI/PO/26-27/482,964,Released,other-ref,2000
SO-00665,DEFYNE AESTHETICS,3377,PR0006815,DERMIQ - RICH LOTION 200 ML,Production Released,PM,7022,4001097,DERMIQ RICH LOTION PRINTED 200 ML PET BOTTLE 24 MM NECK- 7506 C,500,EI/PO/26-27/556,963,Released,other-ref,10000
SO-00665,DEFYNE AESTHETICS,3377,PR0006815,DERMIQ - RICH LOTION 200 ML,Production Released,PM,8930,5000127,TRANSPARENT VOID TAMPER STICKER,1000,EI/PO/26-27/795,986,Released,unlinked,10000
SO-00665,DEFYNE AESTHETICS,3377,PR0006815,DERMIQ - RICH LOTION 200 ML,Production Released,PM,8937,5S00002,200 ML SHIPPER 500x250x200 mm with printing and 2 pads,23.8,EI/PO/26-27/809,990,Released,unlinked,3985
SO-00603,HEALTH Q LIFESCIENCES PRIVATE LIMITED,3273,PR0007043,SKINQ RX HYDRATE EXFOLIATE_KC 10ML,Production Released,PM,7156,5L00055,FRAGILE STICKER,30,DPO-002,1083,Draft,linked:PR,20
SO-00603,HEALTH Q LIFESCIENCES PRIVATE LIMITED,3273,PR0007043,SKINQ RX HYDRATE EXFOLIATE_KC 10ML,Production Released,PM,7156,5L00055,FRAGILE STICKER,30,DPO-002,1084,Draft,linked:PR,20
SO-00603,HEALTH Q LIFESCIENCES PRIVATE LIMITED,3273,PR0007043,SKINQ RX HYDRATE EXFOLIATE_KC 10ML,Production Released,PM,9062,5P00001,30GB SHIPPER WITH PARTITION 370x370x120 5ply with printing & partion 10x10,30,EI/PO/26-27/687,943,Released,unlinked,2000
SO-00138,MYSKINN,3439,PR0006366,MYSKINN SKIN CHARGER NIGHT CREAM 50ML (AMAZON),Confirmed,PM,7156,5L00055,FRAGILE STICKER,15,DPO-002,1083,Draft,linked:PR,20
SO-00138,MYSKINN,3439,PR0006366,MYSKINN SKIN CHARGER NIGHT CREAM 50ML (AMAZON),Confirmed,PM,7156,5L00055,FRAGILE STICKER,15,DPO-002,1084,Draft,linked:PR,20
SO-00138,MYSKINN,3439,PR0006366,MYSKINN SKIN CHARGER NIGHT CREAM 50ML (AMAZON),Confirmed,PM,8937,5S00002,200 ML SHIPPER 500x250x200 mm with printing and 2 pads,15,EI/PO/26-27/809,990,Released,unlinked,3985
SO-00181,KUMARI MEDICALS,3469,PR0007416,SKAESTHETIK  GIYU CERAMIDE MOISTURIZER 50ML,Confirmed,PM,8937,5S00002,200 ML SHIPPER 500x250x200 mm with printing and 2 pads,15.6,EI/PO/26-27/809,990,Released,unlinked,3985
SO-00181,KUMARI MEDICALS,3469,PR0007416,SKAESTHETIK  GIYU CERAMIDE MOISTURIZER 50ML,Confirmed,PM,7156,5L00055,FRAGILE STICKER,15.6,DPO-002,1083,Draft,linked:PR,20
SO-00181,KUMARI MEDICALS,3469,PR0007416,SKAESTHETIK  GIYU CERAMIDE MOISTURIZER 50ML,Confirmed,PM,7156,5L00055,FRAGILE STICKER,15.6,DPO-002,1084,Draft,linked:PR,20
SO-00153,SRINIDHI ENTERPRISES,3448,PR0007163,DR. NIDHI'S FORMULA ADVANCED CERAMIDE MOISTURISER 50 ML,Production Released,PM,8930,5000127,TRANSPARENT VOID TAMPER STICKER,4000,EI/PO/26-27/795,986,Released,unlinked,10000
SO-00153,SRINIDHI ENTERPRISES,3448,PR0007163,DR. NIDHI'S FORMULA ADVANCED CERAMIDE MOISTURISER 50 ML,Production Released,PM,8937,5S00002,200 ML SHIPPER 500x250x200 mm with printing and 2 pads,40,EI/PO/26-27/809,990,Released,unlinked,3985
SO-00153,SRINIDHI ENTERPRISES,3448,PR0007163,DR. NIDHI'S FORMULA ADVANCED CERAMIDE MOISTURISER 50 ML,Production Released,PM,7156,5L00055,FRAGILE STICKER,40,DPO-002,1083,Draft,linked:PR,20
SO-00153,SRINIDHI ENTERPRISES,3448,PR0007163,DR. NIDHI'S FORMULA ADVANCED CERAMIDE MOISTURISER 50 ML,Production Released,PM,7156,5L00055,FRAGILE STICKER,40,DPO-002,1084,Draft,linked:PR,20
SO-00153,SRINIDHI ENTERPRISES,3448,PR0007163,DR. NIDHI'S FORMULA ADVANCED CERAMIDE MOISTURISER 50 ML,Production Released,PM,9083,4001227,DR. NIDHI'S FORMULA ADVANCED CERAMIDE MOISTURISER 50 ML PRINTED WHITE TUBE WITH GREEN FLIPTOP CAP,2000,EI/PO/26-27/906,1045,Released,unlinked,5000
SO-00087,HEALTH Q LIFESCIENCES PRIVATE LIMITED,3410,PR0006910,SKINQ HYDRATE SERUM 30 ML,Production Released,PM,7050,4001135,SKINQ 30/50 ML SILVER AND WHITE AIRLESS PUMP,18000,EI/PO/26-27/950,1076,Released,unlinked,99958
SO-00087,HEALTH Q LIFESCIENCES PRIVATE LIMITED,3410,PR0006910,SKINQ HYDRATE SERUM 30 ML,Production Released,PM,7156,5L00055,FRAGILE STICKER,1800,DPO-002,1083,Draft,linked:PR,20
SO-00087,HEALTH Q LIFESCIENCES PRIVATE LIMITED,3410,PR0006910,SKINQ HYDRATE SERUM 30 ML,Production Released,PM,7156,5L00055,FRAGILE STICKER,1800,DPO-002,1084,Draft,linked:PR,20
SO-00489,HEALTH Q LIFESCIENCES PRIVATE LIMITED,3301,PR0006910,SKINQ HYDRATE SERUM 30 ML,Production Released,PM,7050,4001135,SKINQ 30/50 ML SILVER AND WHITE AIRLESS PUMP,1148,EI/PO/26-27/950,1076,Released,unlinked,99958
SO-00489,HEALTH Q LIFESCIENCES PRIVATE LIMITED,3301,PR0006910,SKINQ HYDRATE SERUM 30 ML,Production Released,PM,7156,5L00055,FRAGILE STICKER,114.8,DPO-002,1083,Draft,linked:PR,20
SO-00489,HEALTH Q LIFESCIENCES PRIVATE LIMITED,3301,PR0006910,SKINQ HYDRATE SERUM 30 ML,Production Released,PM,7156,5L00055,FRAGILE STICKER,114.8,DPO-002,1084,Draft,linked:PR,20
SO-00096,HEALTH Q LIFESCIENCES PRIVATE LIMITED,3318,PR0007384,SKINQ BRIGHTENING SERUM 15 ML,Production Released,PM,8930,5000127,TRANSPARENT VOID TAMPER STICKER,6042,EI/PO/26-27/795,986,Released,unlinked,10000
SO-00096,HEALTH Q LIFESCIENCES PRIVATE LIMITED,3318,PR0007384,SKINQ BRIGHTENING SERUM 15 ML,Production Released,PM,7156,5L00055,FRAGILE STICKER,75.525,DPO-002,1083,Draft,linked:PR,20
SO-00096,HEALTH Q LIFESCIENCES PRIVATE LIMITED,3318,PR0007384,SKINQ BRIGHTENING SERUM 15 ML,Production Released,PM,7156,5L00055,FRAGILE STICKER,75.525,DPO-002,1084,Draft,linked:PR,20
SO-00655,HEALTH Q LIFESCIENCES PRIVATE LIMITED,3270,PR0006926,SKINQ DAILY GENTLE CLEANSER 10ML_Sample pack,Production Released,PM,7156,5L00055,FRAGILE STICKER,145,DPO-002,1083,Draft,linked:PR,20
SO-00655,HEALTH Q LIFESCIENCES PRIVATE LIMITED,3270,PR0006926,SKINQ DAILY GENTLE CLEANSER 10ML_Sample pack,Production Released,PM,7156,5L00055,FRAGILE STICKER,145,DPO-002,1084,Draft,linked:PR,20
SO-00655,HEALTH Q LIFESCIENCES PRIVATE LIMITED,3270,PR0006926,SKINQ DAILY GENTLE CLEANSER 10ML_Sample pack,Production Released,PM,9062,5P00001,30GB SHIPPER WITH PARTITION 370x370x120 5ply with printing & partion 10x10,145,EI/PO/26-27/687,943,Released,unlinked,2000
SO-00206,INCNUT LIFESTYLE RETAIL PRIVATE LIMITED,3538,SK2109NBLO,SKINKRAFT BARRIER REVITALIZING LOTION FOR OILY SKIN 40ML,Production Released,PM,7156,5L00055,FRAGILE STICKER,103.22,DPO-002,1083,Draft,linked:PR,20
SO-00206,INCNUT LIFESTYLE RETAIL PRIVATE LIMITED,3538,SK2109NBLO,SKINKRAFT BARRIER REVITALIZING LOTION FOR OILY SKIN 40ML,Production Released,PM,7156,5L00055,FRAGILE STICKER,103.22,DPO-002,1084,Draft,linked:PR,20
SO-00206,INCNUT LIFESTYLE RETAIL PRIVATE LIMITED,3538,SK2109NBLO,SKINKRAFT BARRIER REVITALIZING LOTION FOR OILY SKIN 40ML,Production Released,PM,6592,4000150,SM03 WHITE CAP SK BARRIER RANGE OVERCAP - EPT,5161,EI/PO/26-27/943,1071,Released,unlinked,50000
SO-00206,INCNUT LIFESTYLE RETAIL PRIVATE LIMITED,3538,SK2109NBLO,SKINKRAFT BARRIER REVITALIZING LOTION FOR OILY SKIN 40ML,Production Released,PM,6576,4000133,PBL-EPT-PET CYLINDER STEP SHOULDER N19MM-60ML-OPP.SKY BLUE,5161,EI/PO/26-27/943,1071,Released,unlinked,50000
SO-00206,INCNUT LIFESTYLE RETAIL PRIVATE LIMITED,3538,SK2109NBLO,SKINKRAFT BARRIER REVITALIZING LOTION FOR OILY SKIN 40ML,Production Released,PM,6552,4000093,LW D201 WHITE PUMP,5161,EI/PO/26-27/909,1047,Released,unlinked,14000
SO-00206,INCNUT LIFESTYLE RETAIL PRIVATE LIMITED,3538,SK2109NBLO,SKINKRAFT BARRIER REVITALIZING LOTION FOR OILY SKIN 40ML,Production Released,PM,6552,4000093,LW D201 WHITE PUMP,5161,EI/PO/26-27/944,1072,Released,unlinked,50000
SO-00204,INCNUT LIFESTYLE RETAIL PRIVATE LIMITED,3516,SK2109NBLO,SKINKRAFT BARRIER REVITALIZING LOTION FOR OILY SKIN 40ML,Production Released,PM,7156,5L00055,FRAGILE STICKER,320,DPO-002,1083,Draft,linked:PR,20
SO-00204,INCNUT LIFESTYLE RETAIL PRIVATE LIMITED,3516,SK2109NBLO,SKINKRAFT BARRIER REVITALIZING LOTION FOR OILY SKIN 40ML,Production Released,PM,7156,5L00055,FRAGILE STICKER,320,DPO-002,1084,Draft,linked:PR,20
SO-00204,INCNUT LIFESTYLE RETAIL PRIVATE LIMITED,3516,SK2109NBLO,SKINKRAFT BARRIER REVITALIZING LOTION FOR OILY SKIN 40ML,Production Released,PM,6592,4000150,SM03 WHITE CAP SK BARRIER RANGE OVERCAP - EPT,16000,EI/PO/26-27/943,1071,Released,unlinked,50000
SO-00204,INCNUT LIFESTYLE RETAIL PRIVATE LIMITED,3516,SK2109NBLO,SKINKRAFT BARRIER REVITALIZING LOTION FOR OILY SKIN 40ML,Production Released,PM,6576,4000133,PBL-EPT-PET CYLINDER STEP SHOULDER N19MM-60ML-OPP.SKY BLUE,16000,EI/PO/26-27/943,1071,Released,unlinked,50000
SO-00204,INCNUT LIFESTYLE RETAIL PRIVATE LIMITED,3516,SK2109NBLO,SKINKRAFT BARRIER REVITALIZING LOTION FOR OILY SKIN 40ML,Production Released,PM,6552,4000093,LW D201 WHITE PUMP,16000,EI/PO/26-27/909,1047,Released,unlinked,14000
SO-00204,INCNUT LIFESTYLE RETAIL PRIVATE LIMITED,3516,SK2109NBLO,SKINKRAFT BARRIER REVITALIZING LOTION FOR OILY SKIN 40ML,Production Released,PM,6552,4000093,LW D201 WHITE PUMP,16000,EI/PO/26-27/944,1072,Released,unlinked,50000
SO-00192,DEFYNE AESTHETICS,3479,PR0006337,DERMIQ ULTRA PROTECT SPF 50 PA+++  50ML,Confirmed,PM,8937,5S00002,200 ML SHIPPER 500x250x200 mm with printing and 2 pads,10,EI/PO/26-27/809,990,Released,unlinked,3985
SO-00192,DEFYNE AESTHETICS,3479,PR0006337,DERMIQ ULTRA PROTECT SPF 50 PA+++  50ML,Confirmed,PM,7156,5L00055,FRAGILE STICKER,10,DPO-002,1083,Draft,linked:PR,20
SO-00192,DEFYNE AESTHETICS,3479,PR0006337,DERMIQ ULTRA PROTECT SPF 50 PA+++  50ML,Confirmed,PM,7156,5L00055,FRAGILE STICKER,10,DPO-002,1084,Draft,linked:PR,20
SO-00204,INCNUT LIFESTYLE RETAIL PRIVATE LIMITED,3509,SK2109NUFC,SKINKRAFT ULTRA SMOOTH FACE CLEANSER FOR SENSITIVE SKIN 60ML,Production Released,PM,6601,4000161,80 ML BLUE PET BOTTLE (PBL - RAD - PET CYLINDER N24MM - 60ML - OPP. SKY BLUE),25000,EI/PO/26-27/866,1018,Released,unlinked,29000
SO-00204,INCNUT LIFESTYLE RETAIL PRIVATE LIMITED,3509,SK2109NUFC,SKINKRAFT ULTRA SMOOTH FACE CLEANSER FOR SENSITIVE SKIN 60ML,Production Released,PM,6601,4000161,80 ML BLUE PET BOTTLE (PBL - RAD - PET CYLINDER N24MM - 60ML - OPP. SKY BLUE),25000,EI/PO/26-27/941,1069,Released,unlinked,21000
SO-00204,INCNUT LIFESTYLE RETAIL PRIVATE LIMITED,3509,SK2109NUFC,SKINKRAFT ULTRA SMOOTH FACE CLEANSER FOR SENSITIVE SKIN 60ML,Production Released,PM,7156,5L00055,FRAGILE STICKER,500,DPO-002,1083,Draft,linked:PR,20
SO-00204,INCNUT LIFESTYLE RETAIL PRIVATE LIMITED,3509,SK2109NUFC,SKINKRAFT ULTRA SMOOTH FACE CLEANSER FOR SENSITIVE SKIN 60ML,Production Released,PM,7156,5L00055,FRAGILE STICKER,500,DPO-002,1084,Draft,linked:PR,20
SO-00603,HEALTH Q LIFESCIENCES PRIVATE LIMITED,3276,PR0007046,SKINQ RX HYDRATE MASK POWDER_KC 10GM,Production Released,PM,8937,5S00002,200 ML SHIPPER 500x250x200 mm with printing and 2 pads,12,EI/PO/26-27/809,990,Released,unlinked,3985
SO-00603,HEALTH Q LIFESCIENCES PRIVATE LIMITED,3276,PR0007046,SKINQ RX HYDRATE MASK POWDER_KC 10GM,Production Released,PM,7156,5L00055,FRAGILE STICKER,12,DPO-002,1083,Draft,linked:PR,20
SO-00603,HEALTH Q LIFESCIENCES PRIVATE LIMITED,3276,PR0007046,SKINQ RX HYDRATE MASK POWDER_KC 10GM,Production Released,PM,7156,5L00055,FRAGILE STICKER,12,DPO-002,1084,Draft,linked:PR,20
SO-00603,HEALTH Q LIFESCIENCES PRIVATE LIMITED,3276,PR0007046,SKINQ RX HYDRATE MASK POWDER_KC 10GM,Production Released,PM,7087,4001174,SKINQ RX MASK POWDER 10 GM PRE PRINTED ROLL ( SACHET ),1.2,EI/PO/26-27/643,955,Released,unlinked,2682
SO-00204,INCNUT LIFESTYLE RETAIL PRIVATE LIMITED,3487,SK2110NLDS,SKINKRAFT NIACIN WITH LICORICE DEPIGMENTATION SERUM FOR DARK SPOT/PATCHES 30ML,Production Released,PM,7156,5L00055,FRAGILE STICKER,40,DPO-002,1083,Draft,linked:PR,20
SO-00204,INCNUT LIFESTYLE RETAIL PRIVATE LIMITED,3487,SK2110NLDS,SKINKRAFT NIACIN WITH LICORICE DEPIGMENTATION SERUM FOR DARK SPOT/PATCHES 30ML,Production Released,PM,7156,5L00055,FRAGILE STICKER,40,DPO-002,1084,Draft,linked:PR,20
SO-00206,INCNUT LIFESTYLE RETAIL PRIVATE LIMITED,3522,SK2110NLDS,SKINKRAFT NIACIN WITH LICORICE DEPIGMENTATION SERUM FOR DARK SPOT/PATCHES 30ML,Production Released,PM,7156,5L00055,FRAGILE STICKER,12,DPO-002,1083,Draft,linked:PR,20
SO-00206,INCNUT LIFESTYLE RETAIL PRIVATE LIMITED,3522,SK2110NLDS,SKINKRAFT NIACIN WITH LICORICE DEPIGMENTATION SERUM FOR DARK SPOT/PATCHES 30ML,Production Released,PM,7156,5L00055,FRAGILE STICKER,12,DPO-002,1084,Draft,linked:PR,20
SO-00601,HEALTH Q LIFESCIENCES PRIVATE LIMITED,3289,PR0007190,SKINQ DETAN EXFOLIATE_KC 10ML(IND),Production Released,PM,7156,5L00055,FRAGILE STICKER,30,DPO-002,1083,Draft,linked:PR,20
SO-00601,HEALTH Q LIFESCIENCES PRIVATE LIMITED,3289,PR0007190,SKINQ DETAN EXFOLIATE_KC 10ML(IND),Production Released,PM,7156,5L00055,FRAGILE STICKER,30,DPO-002,1084,Draft,linked:PR,20
SO-00601,HEALTH Q LIFESCIENCES PRIVATE LIMITED,3289,PR0007190,SKINQ DETAN EXFOLIATE_KC 10ML(IND),Production Released,PM,9062,5P00001,30GB SHIPPER WITH PARTITION 370x370x120 5ply with printing & partion 10x10,30,EI/PO/26-27/687,943,Released,unlinked,2000
SO-00134,MED MANOR ORGANICS PVT LTD..,3437,PR0004970,MEDMANOR MOISTAR DEEP RESTORE MOISTURIZING CREAM 100 GM,Production Released,PM,6724,4000408,MED MANOR MOISTAR DEEP RESTORE CREAM 100GM PRINTED TUBE,5000,EI/PO/26-27/374,967,Released,other-ref,10140
SO-00134,MED MANOR ORGANICS PVT LTD..,3437,PR0004970,MEDMANOR MOISTAR DEEP RESTORE MOISTURIZING CREAM 100 GM,Production Released,PM,7156,5L00055,FRAGILE STICKER,145,DPO-002,1083,Draft,linked:PR,20
SO-00134,MED MANOR ORGANICS PVT LTD..,3437,PR0004970,MEDMANOR MOISTAR DEEP RESTORE MOISTURIZING CREAM 100 GM,Production Released,PM,7156,5L00055,FRAGILE STICKER,145,DPO-002,1084,Draft,linked:PR,20
SO-00134,MED MANOR ORGANICS PVT LTD..,3437,PR0004970,MEDMANOR MOISTAR DEEP RESTORE MOISTURIZING CREAM 100 GM,Production Released,PM,8937,5S00002,200 ML SHIPPER 500x250x200 mm with printing and 2 pads,142.5,EI/PO/26-27/809,990,Released,unlinked,3985
SO-00507,MED MANOR ORGANICS PVT LTD..,3394,PR0004970,MEDMANOR MOISTAR DEEP RESTORE MOISTURIZING CREAM 100 GM,Production Released,PM,6724,4000408,MED MANOR MOISTAR DEEP RESTORE CREAM 100GM PRINTED TUBE,3000,EI/PO/26-27/374,967,Released,other-ref,10140
SO-00507,MED MANOR ORGANICS PVT LTD..,3394,PR0004970,MEDMANOR MOISTAR DEEP RESTORE MOISTURIZING CREAM 100 GM,Production Released,PM,7156,5L00055,FRAGILE STICKER,87,DPO-002,1083,Draft,linked:PR,20
SO-00507,MED MANOR ORGANICS PVT LTD..,3394,PR0004970,MEDMANOR MOISTAR DEEP RESTORE MOISTURIZING CREAM 100 GM,Production Released,PM,7156,5L00055,FRAGILE STICKER,87,DPO-002,1084,Draft,linked:PR,20
SO-00507,MED MANOR ORGANICS PVT LTD..,3394,PR0004970,MEDMANOR MOISTAR DEEP RESTORE MOISTURIZING CREAM 100 GM,Production Released,PM,8937,5S00002,200 ML SHIPPER 500x250x200 mm with printing and 2 pads,85.5,EI/PO/26-27/809,990,Released,unlinked,3985
SO-00607,MED MANOR ORGANICS PVT LTD..,3248,PR0004970,MEDMANOR MOISTAR DEEP RESTORE MOISTURIZING CREAM 100 GM,Production Released,PM,6724,4000408,MED MANOR MOISTAR DEEP RESTORE CREAM 100GM PRINTED TUBE,488,EI/PO/26-27/374,967,Released,other-ref,10140
SO-00607,MED MANOR ORGANICS PVT LTD..,3248,PR0004970,MEDMANOR MOISTAR DEEP RESTORE MOISTURIZING CREAM 100 GM,Production Released,PM,7156,5L00055,FRAGILE STICKER,14.152,DPO-002,1083,Draft,linked:PR,20
SO-00607,MED MANOR ORGANICS PVT LTD..,3248,PR0004970,MEDMANOR MOISTAR DEEP RESTORE MOISTURIZING CREAM 100 GM,Production Released,PM,7156,5L00055,FRAGILE STICKER,14.152,DPO-002,1084,Draft,linked:PR,20
SO-00607,MED MANOR ORGANICS PVT LTD..,3248,PR0004970,MEDMANOR MOISTAR DEEP RESTORE MOISTURIZING CREAM 100 GM,Production Released,PM,8937,5S00002,200 ML SHIPPER 500x250x200 mm with printing and 2 pads,13.908,EI/PO/26-27/809,990,Released,unlinked,3985
SO-00167,Derma Decode Private Limited,3457,PR0004095,DERMADECODE GENTLE HYDRATING CLEANSER 100ml,Confirmed,PM,7352,5L00478,DERMADECODE GENTLE HYDRATING CLEANSER - 100 ML LABEL,1000,EI/PO/26-27/933,1064,Released,unlinked,2000
SO-00167,Derma Decode Private Limited,3457,PR0004095,DERMADECODE GENTLE HYDRATING CLEANSER 100ml,Confirmed,PM,8304,5M00358,DERMADECODE GENTLE HYDRATING CLEANSER - 100 ML MONOCARTON,1000,EI/PO/26-27/929,1061,Released,unlinked,1000
SO-00167,Derma Decode Private Limited,3457,PR0004095,DERMADECODE GENTLE HYDRATING CLEANSER 100ml,Confirmed,PM,8937,5S00002,200 ML SHIPPER 500x250x200 mm with printing and 2 pads,31.3,EI/PO/26-27/809,990,Released,unlinked,3985
SO-00167,Derma Decode Private Limited,3457,PR0004095,DERMADECODE GENTLE HYDRATING CLEANSER 100ml,Confirmed,PM,7156,5L00055,FRAGILE STICKER,31.3,DPO-002,1083,Draft,linked:PR,20
SO-00167,Derma Decode Private Limited,3457,PR0004095,DERMADECODE GENTLE HYDRATING CLEANSER 100ml,Confirmed,PM,7156,5L00055,FRAGILE STICKER,31.3,DPO-002,1084,Draft,linked:PR,20
SO-00203,AARADHANA PHARMA,3483,PR0004675,RVR ULTRA TOUCH SUN SHIELD MATTE FINISH SUNSCREEN SPF 50PA+++ 50ML,Confirmed,PM,8937,5S00002,200 ML SHIPPER 500x250x200 mm with printing and 2 pads,11,EI/PO/26-27/809,990,Released,unlinked,3985
SO-00203,AARADHANA PHARMA,3483,PR0004675,RVR ULTRA TOUCH SUN SHIELD MATTE FINISH SUNSCREEN SPF 50PA+++ 50ML,Confirmed,PM,7156,5L00055,FRAGILE STICKER,11,DPO-002,1083,Draft,linked:PR,20
SO-00203,AARADHANA PHARMA,3483,PR0004675,RVR ULTRA TOUCH SUN SHIELD MATTE FINISH SUNSCREEN SPF 50PA+++ 50ML,Confirmed,PM,7156,5L00055,FRAGILE STICKER,11,DPO-002,1084,Draft,linked:PR,20
SO-00603,HEALTH Q LIFESCIENCES PRIVATE LIMITED,3272,PR0007215,SKINQ RX HYDRATE CLEANSE_KC 10ML,Production Released,PM,7156,5L00055,FRAGILE STICKER,30,DPO-002,1083,Draft,linked:PR,20
SO-00603,HEALTH Q LIFESCIENCES PRIVATE LIMITED,3272,PR0007215,SKINQ RX HYDRATE CLEANSE_KC 10ML,Production Released,PM,7156,5L00055,FRAGILE STICKER,30,DPO-002,1084,Draft,linked:PR,20
SO-00603,HEALTH Q LIFESCIENCES PRIVATE LIMITED,3272,PR0007215,SKINQ RX HYDRATE CLEANSE_KC 10ML,Production Released,PM,9062,5P00001,30GB SHIPPER WITH PARTITION 370x370x120 5ply with printing & partion 10x10,30,EI/PO/26-27/687,943,Released,unlinked,2000
SO-00191,VRUSHALI RANE KHAN,3478,PR0004683,GENTLE D CLEANSER 100ML,Confirmed,PM,6516,4000011,100 ML PET SLEEK BOTTLE - WHITE,100,EI/PO/26-27/853,1010,Released,unlinked,675
SO-00191,VRUSHALI RANE KHAN,3478,PR0004683,GENTLE D CLEANSER 100ML,Confirmed,PM,6539,4000068,24/410 ON OFF DISPENSER WHITE RIBBED,100,EI/PO/26-27/659,950,Released,unlinked,5000
SO-00191,VRUSHALI RANE KHAN,3478,PR0004683,GENTLE D CLEANSER 100ML,Confirmed,PM,6590,4000148,LOCK UP CLIP - WHITE,100,EI/PO/26-27/818,993,Released,unlinked,10000
SO-00191,VRUSHALI RANE KHAN,3478,PR0004683,GENTLE D CLEANSER 100ML,Confirmed,PM,7156,5L00055,FRAGILE STICKER,2,DPO-002,1083,Draft,linked:PR,20
SO-00191,VRUSHALI RANE KHAN,3478,PR0004683,GENTLE D CLEANSER 100ML,Confirmed,PM,7156,5L00055,FRAGILE STICKER,2,DPO-002,1084,Draft,linked:PR,20
SO-00191,VRUSHALI RANE KHAN,3478,PR0004683,GENTLE D CLEANSER 100ML,Confirmed,PM,8931,5P00015,100ML SHIPPERS PRINTED 430*220*175 MM 5PLY(120GSM)PARTITION  5*10,2,EI/PO/26-27/912,1050,Released,unlinked,1000
SO-00190,NAMAHA HEALTH SOLUTIONS,3477,PR0006018,MOD ESTHETE  HYALUME SERUM 30ML,Confirmed,PM,8937,5S00002,200 ML SHIPPER 500x250x200 mm with printing and 2 pads,2.22,EI/PO/26-27/809,990,Released,unlinked,3985
SO-00190,NAMAHA HEALTH SOLUTIONS,3477,PR0006018,MOD ESTHETE  HYALUME SERUM 30ML,Confirmed,PM,7156,5L00055,FRAGILE STICKER,2.22,DPO-002,1083,Draft,linked:PR,20
SO-00190,NAMAHA HEALTH SOLUTIONS,3477,PR0006018,MOD ESTHETE  HYALUME SERUM 30ML,Confirmed,PM,7156,5L00055,FRAGILE STICKER,2.22,DPO-002,1084,Draft,linked:PR,20
SO-00602,HEALTH Q LIFESCIENCES PRIVATE LIMITED,3286,PR0007066,SKINQ RX SUN PROTECTION_KC 5ML,Production Released,PM,8937,5S00002,200 ML SHIPPER 500x250x200 mm with printing and 2 pads,12,EI/PO/26-27/809,990,Released,unlinked,3985
SO-00602,HEALTH Q LIFESCIENCES PRIVATE LIMITED,3286,PR0007066,SKINQ RX SUN PROTECTION_KC 5ML,Production Released,PM,7156,5L00055,FRAGILE STICKER,12,DPO-002,1083,Draft,linked:PR,20
SO-00602,HEALTH Q LIFESCIENCES PRIVATE LIMITED,3286,PR0007066,SKINQ RX SUN PROTECTION_KC 5ML,Production Released,PM,7156,5L00055,FRAGILE STICKER,12,DPO-002,1084,Draft,linked:PR,20
SO-00601,HEALTH Q LIFESCIENCES PRIVATE LIMITED,3293,PR0007210,SKINQ DETAN POST FACIAL_KC CARE 5ML(IND),Production Released,PM,8937,5S00002,200 ML SHIPPER 500x250x200 mm with printing and 2 pads,12,EI/PO/26-27/809,990,Released,unlinked,3985
SO-00601,HEALTH Q LIFESCIENCES PRIVATE LIMITED,3293,PR0007210,SKINQ DETAN POST FACIAL_KC CARE 5ML(IND),Production Released,PM,7156,5L00055,FRAGILE STICKER,12,DPO-002,1083,Draft,linked:PR,20
SO-00601,HEALTH Q LIFESCIENCES PRIVATE LIMITED,3293,PR0007210,SKINQ DETAN POST FACIAL_KC CARE 5ML(IND),Production Released,PM,7156,5L00055,FRAGILE STICKER,12,DPO-002,1084,Draft,linked:PR,20
SO-00601,HEALTH Q LIFESCIENCES PRIVATE LIMITED,3293,PR0007210,SKINQ DETAN POST FACIAL_KC CARE 5ML(IND),Production Released,PM,7097,4001184,SKINQ DETAN POST FACIAL 5ML PRE PRINTED ROLL ( SACHET ),1.2,EI/PO/26-27/665,949,Released,unlinked,6000
SO-00601,HEALTH Q LIFESCIENCES PRIVATE LIMITED,3293,PR0007210,SKINQ DETAN POST FACIAL_KC CARE 5ML(IND),Production Released,PM,7097,4001184,SKINQ DETAN POST FACIAL 5ML PRE PRINTED ROLL ( SACHET ),1.2,EI/PO/26-27/643,955,Released,unlinked,1498
SO-00059,M/s R K Pharmacy,3340,PR0004265,PERSONIKS KIT BOX,Confirmed,PM,7156,5L00055,FRAGILE STICKER,500,DPO-002,1083,Draft,linked:PR,20
SO-00059,M/s R K Pharmacy,3340,PR0004265,PERSONIKS KIT BOX,Confirmed,PM,7156,5L00055,FRAGILE STICKER,500,DPO-002,1084,Draft,linked:PR,20
SO-00188,SKINNEEDS,3476,PR0005339,SKINNEEDS STEPPIX FOOT CREAM 100-ML,Confirmed,PM,8937,5S00002,200 ML SHIPPER 500x250x200 mm with printing and 2 pads,1.58,EI/PO/26-27/809,990,Released,unlinked,3985
SO-00188,SKINNEEDS,3476,PR0005339,SKINNEEDS STEPPIX FOOT CREAM 100-ML,Confirmed,PM,7156,5L00055,FRAGILE STICKER,1.58,DPO-002,1083,Draft,linked:PR,20
SO-00188,SKINNEEDS,3476,PR0005339,SKINNEEDS STEPPIX FOOT CREAM 100-ML,Confirmed,PM,7156,5L00055,FRAGILE STICKER,1.58,DPO-002,1084,Draft,linked:PR,20
SO-00150,HEALIOS WOUND SOLUTIONS LLP,3446,PR0005691,SERISKIN BRIGHTENING FACE SERUM 30ML,Confirmed,PM,8930,5000127,TRANSPARENT VOID TAMPER STICKER,200,EI/PO/26-27/795,986,Released,unlinked,10000
SO-00150,HEALIOS WOUND SOLUTIONS LLP,3446,PR0005691,SERISKIN BRIGHTENING FACE SERUM 30ML,Confirmed,PM,8937,5S00002,200 ML SHIPPER 500x250x200 mm with printing and 2 pads,2.22,EI/PO/26-27/809,990,Released,unlinked,3985
SO-00150,HEALIOS WOUND SOLUTIONS LLP,3446,PR0005691,SERISKIN BRIGHTENING FACE SERUM 30ML,Confirmed,PM,7156,5L00055,FRAGILE STICKER,2.22,DPO-002,1083,Draft,linked:PR,20
SO-00150,HEALIOS WOUND SOLUTIONS LLP,3446,PR0005691,SERISKIN BRIGHTENING FACE SERUM 30ML,Confirmed,PM,7156,5L00055,FRAGILE STICKER,2.22,DPO-002,1084,Draft,linked:PR,20
SO-00201,HEALIOS WOUND SOLUTIONS LLP,3481,PR0005692,SERISKIN UNDER EYE SERUM- 15 ML,Confirmed,PM,8937,5S00002,200 ML SHIPPER 500x250x200 mm with printing and 2 pads,1,EI/PO/26-27/809,990,Released,unlinked,3985
SO-00201,HEALIOS WOUND SOLUTIONS LLP,3481,PR0005692,SERISKIN UNDER EYE SERUM- 15 ML,Confirmed,PM,7156,5L00055,FRAGILE STICKER,1,DPO-002,1083,Draft,linked:PR,20
SO-00201,HEALIOS WOUND SOLUTIONS LLP,3481,PR0005692,SERISKIN UNDER EYE SERUM- 15 ML,Confirmed,PM,7156,5L00055,FRAGILE STICKER,1,DPO-002,1084,Draft,linked:PR,20
SO-00159,MYSKINN,3449,PR0006111,MYSKINN LUMINOUS CLEANSER 175ML,Confirmed,PM,7156,5L00055,FRAGILE STICKER,99,DPO-002,1083,Draft,linked:PR,20
SO-00159,MYSKINN,3449,PR0006111,MYSKINN LUMINOUS CLEANSER 175ML,Confirmed,PM,7156,5L00055,FRAGILE STICKER,99,DPO-002,1084,Draft,linked:PR,20
SO-00601,HEALTH Q LIFESCIENCES PRIVATE LIMITED,3288,PR0007189,SKINQ DETAN CLEANSE _KC 10ML(IND),Confirmed,PM,7156,5L00055,FRAGILE STICKER,30,DPO-002,1083,Draft,linked:PR,20
SO-00601,HEALTH Q LIFESCIENCES PRIVATE LIMITED,3288,PR0007189,SKINQ DETAN CLEANSE _KC 10ML(IND),Confirmed,PM,7156,5L00055,FRAGILE STICKER,30,DPO-002,1084,Draft,linked:PR,20
SO-00602,HEALTH Q LIFESCIENCES PRIVATE LIMITED,3281,PR0007061,SKINQ RX DETAN EXFOLIATE_KC 10ML,Confirmed,PM,7156,5L00055,FRAGILE STICKER,30,DPO-002,1083,Draft,linked:PR,20
SO-00602,HEALTH Q LIFESCIENCES PRIVATE LIMITED,3281,PR0007061,SKINQ RX DETAN EXFOLIATE_KC 10ML,Confirmed,PM,7156,5L00055,FRAGILE STICKER,30,DPO-002,1084,Draft,linked:PR,20
SO-00602,HEALTH Q LIFESCIENCES PRIVATE LIMITED,3282,PR0007062,SKINQ RX DETAN MOISTURIZE_KC 10ML,Confirmed,PM,7156,5L00055,FRAGILE STICKER,30,DPO-002,1083,Draft,linked:PR,20
SO-00602,HEALTH Q LIFESCIENCES PRIVATE LIMITED,3282,PR0007062,SKINQ RX DETAN MOISTURIZE_KC 10ML,Confirmed,PM,7156,5L00055,FRAGILE STICKER,30,DPO-002,1084,Draft,linked:PR,20
SO-00602,HEALTH Q LIFESCIENCES PRIVATE LIMITED,3283,PR0007063,SKINQ RX DETAN PRE-MASK SERUM_KC 10ML,Confirmed,PM,7156,5L00055,FRAGILE STICKER,30,DPO-002,1083,Draft,linked:PR,20
SO-00602,HEALTH Q LIFESCIENCES PRIVATE LIMITED,3283,PR0007063,SKINQ RX DETAN PRE-MASK SERUM_KC 10ML,Confirmed,PM,7156,5L00055,FRAGILE STICKER,30,DPO-002,1084,Draft,linked:PR,20
SO-00187,SKINNEEDS,3475,PR0002884,SKINNEEDS ELOVAR ALOE VERA GEL 100 GM,Confirmed,PM,8937,5S00002,200 ML SHIPPER 500x250x200 mm with printing and 2 pads,1.58,EI/PO/26-27/809,990,Released,unlinked,3985
SO-00187,SKINNEEDS,3475,PR0002884,SKINNEEDS ELOVAR ALOE VERA GEL 100 GM,Confirmed,PM,7156,5L00055,FRAGILE STICKER,1.58,DPO-002,1083,Draft,linked:PR,20
SO-00187,SKINNEEDS,3475,PR0002884,SKINNEEDS ELOVAR ALOE VERA GEL 100 GM,Confirmed,PM,7156,5L00055,FRAGILE STICKER,1.58,DPO-002,1084,Draft,linked:PR,20
SO-00182,ARCHEESH LABORATORIES,3470,PR0004629,SKINVEST BOMB BUM CREAM 100ML,Confirmed,PM,7156,5L00055,FRAGILE STICKER,83.25,DPO-002,1083,Draft,linked:PR,20
SO-00182,ARCHEESH LABORATORIES,3470,PR0004629,SKINVEST BOMB BUM CREAM 100ML,Confirmed,PM,7156,5L00055,FRAGILE STICKER,83.25,DPO-002,1084,Draft,linked:PR,20
SO-00168,Derma Decode Private Limited,3458,PR0002841,DERMADECODE AFTER SHAVE SERUM 30ML,Confirmed,PM,7640,5L00987,DERMADECODE AFTER SHAVE SERUM 30 ML LABEL,1000,EI/PO/26-27/929,1061,Released,unlinked,850
SO-00168,Derma Decode Private Limited,3458,PR0002841,DERMADECODE AFTER SHAVE SERUM 30ML,Confirmed,PM,8489,5M00580,DERMADECODE AFTER SHAVE SERUM 30 ML MONOCARTON,1000,EI/PO/26-27/929,1061,Released,unlinked,800
SO-00168,Derma Decode Private Limited,3458,PR0002841,DERMADECODE AFTER SHAVE SERUM 30ML,Confirmed,PM,8937,5S00002,200 ML SHIPPER 500x250x200 mm with printing and 2 pads,13.8,EI/PO/26-27/809,990,Released,unlinked,3985
SO-00168,Derma Decode Private Limited,3458,PR0002841,DERMADECODE AFTER SHAVE SERUM 30ML,Confirmed,PM,7156,5L00055,FRAGILE STICKER,13.8,DPO-002,1083,Draft,linked:PR,20
SO-00168,Derma Decode Private Limited,3458,PR0002841,DERMADECODE AFTER SHAVE SERUM 30ML,Confirmed,PM,7156,5L00055,FRAGILE STICKER,13.8,DPO-002,1084,Draft,linked:PR,20
SO-00602,HEALTH Q LIFESCIENCES PRIVATE LIMITED,3280,PR0007060,SKINQ RX DETAN CLEANSE_KC 10ML,Production Released,PM,7156,5L00055,FRAGILE STICKER,30,DPO-002,1083,Draft,linked:PR,20
SO-00602,HEALTH Q LIFESCIENCES PRIVATE LIMITED,3280,PR0007060,SKINQ RX DETAN CLEANSE_KC 10ML,Production Released,PM,7156,5L00055,FRAGILE STICKER,30,DPO-002,1084,Draft,linked:PR,20
SO-00602,HEALTH Q LIFESCIENCES PRIVATE LIMITED,3280,PR0007060,SKINQ RX DETAN CLEANSE_KC 10ML,Production Released,PM,9062,5P00001,30GB SHIPPER WITH PARTITION 370x370x120 5ply with printing & partion 10x10,30,EI/PO/26-27/687,943,Released,unlinked,2000
SO-00144,OLIVA SKIN AND HAIR CLINIC,3441,PR0003923,OLIVA SUNSCREEN LOTION SPF 50+ PA++++ FOR NORMAL SKIN 50 ML,Production Released,PM,7013,4001079,50 ml white airless bottle and pump set ( India ),3000,EI/PO/26-27/850,1007,Released,unlinked,5000
SO-00144,OLIVA SKIN AND HAIR CLINIC,3441,PR0003923,OLIVA SUNSCREEN LOTION SPF 50+ PA++++ FOR NORMAL SKIN 50 ML,Production Released,PM,7013,4001079,50 ml white airless bottle and pump set ( India ),3000,EI/PO/26-27/891,1032,Released,unlinked,8000
SO-00144,OLIVA SKIN AND HAIR CLINIC,3441,PR0003923,OLIVA SUNSCREEN LOTION SPF 50+ PA++++ FOR NORMAL SKIN 50 ML,Production Released,PM,7013,4001079,50 ml white airless bottle and pump set ( India ),3000,EI/PO/26-27/945,1073,Released,unlinked,10000
SO-00144,OLIVA SKIN AND HAIR CLINIC,3441,PR0003923,OLIVA SUNSCREEN LOTION SPF 50+ PA++++ FOR NORMAL SKIN 50 ML,Production Released,PM,7156,5L00055,FRAGILE STICKER,30,DPO-002,1083,Draft,linked:PR,20
SO-00144,OLIVA SKIN AND HAIR CLINIC,3441,PR0003923,OLIVA SUNSCREEN LOTION SPF 50+ PA++++ FOR NORMAL SKIN 50 ML,Production Released,PM,7156,5L00055,FRAGILE STICKER,30,DPO-002,1084,Draft,linked:PR,20
SO-00169,Derma Decode Private Limited,3459,PR0005367,DERMADECODE ADVANCED AGE-DEFYING RETINOL SERUM FOR FACE -30ML,Confirmed,PM,7722,5L01136,DERMADECODE ADVANCED AGE-DEFYING RETINOL SERUM FOR FACE -30ML LABEL,1000,EI/PO/26-27/929,1061,Released,unlinked,650
SO-00169,Derma Decode Private Limited,3459,PR0005367,DERMADECODE ADVANCED AGE-DEFYING RETINOL SERUM FOR FACE -30ML,Confirmed,PM,8534,5M00631,DERMADECODE ADVANCED AGE-DEFYING RETINOL SERUM FOR FACE -30ML MONOCARTON,1000,EI/PO/26-27/929,1061,Released,unlinked,1000
SO-00169,Derma Decode Private Limited,3459,PR0005367,DERMADECODE ADVANCED AGE-DEFYING RETINOL SERUM FOR FACE -30ML,Confirmed,PM,7156,5L00055,FRAGILE STICKER,20,DPO-002,1083,Draft,linked:PR,20
SO-00169,Derma Decode Private Limited,3459,PR0005367,DERMADECODE ADVANCED AGE-DEFYING RETINOL SERUM FOR FACE -30ML,Confirmed,PM,7156,5L00055,FRAGILE STICKER,20,DPO-002,1084,Draft,linked:PR,20
SO-00169,Derma Decode Private Limited,3459,PR0005367,DERMADECODE ADVANCED AGE-DEFYING RETINOL SERUM FOR FACE -30ML,Confirmed,PM,8937,5S00002,200 ML SHIPPER 500x250x200 mm with printing and 2 pads,20,EI/PO/26-27/809,990,Released,unlinked,3985
SO-00202,Derma Decode Private Limited,3482,PR0005138,DERMADECODE SPF 50 PA++++ SILICONE GEL SUNSCREEN 30 ML,Confirmed,PM,7696,5L01101,DERMADECODE SPF 50 PA++++ SILICONE GEL SUNSCREEN 30ML LABEL,1000,EI/PO/26-27/933,1064,Released,unlinked,1500
SO-00202,Derma Decode Private Limited,3482,PR0005138,DERMADECODE SPF 50 PA++++ SILICONE GEL SUNSCREEN 30 ML,Confirmed,PM,8937,5S00002,200 ML SHIPPER 500x250x200 mm with printing and 2 pads,20,EI/PO/26-27/809,990,Released,unlinked,3985
SO-00202,Derma Decode Private Limited,3482,PR0005138,DERMADECODE SPF 50 PA++++ SILICONE GEL SUNSCREEN 30 ML,Confirmed,PM,7156,5L00055,FRAGILE STICKER,20,DPO-002,1083,Draft,linked:PR,20
SO-00202,Derma Decode Private Limited,3482,PR0005138,DERMADECODE SPF 50 PA++++ SILICONE GEL SUNSCREEN 30 ML,Confirmed,PM,7156,5L00055,FRAGILE STICKER,20,DPO-002,1084,Draft,linked:PR,20
SO-00175,PUNARNAWAH LASER & AESTHETIC CENTRE,3463,PR0006421,PUNARNAWAH SOLKREME SUNSCREEN SPF 50 PA++++ 50 ML.,Confirmed,PM,8930,5000127,TRANSPARENT VOID TAMPER STICKER,200,EI/PO/26-27/795,986,Released,unlinked,10000
SO-00175,PUNARNAWAH LASER & AESTHETIC CENTRE,3463,PR0006421,PUNARNAWAH SOLKREME SUNSCREEN SPF 50 PA++++ 50 ML.,Confirmed,PM,7013,4001079,50 ml white airless bottle and pump set ( India ),100,EI/PO/26-27/850,1007,Released,unlinked,5000
SO-00175,PUNARNAWAH LASER & AESTHETIC CENTRE,3463,PR0006421,PUNARNAWAH SOLKREME SUNSCREEN SPF 50 PA++++ 50 ML.,Confirmed,PM,7013,4001079,50 ml white airless bottle and pump set ( India ),100,EI/PO/26-27/891,1032,Released,unlinked,8000
SO-00175,PUNARNAWAH LASER & AESTHETIC CENTRE,3463,PR0006421,PUNARNAWAH SOLKREME SUNSCREEN SPF 50 PA++++ 50 ML.,Confirmed,PM,7013,4001079,50 ml white airless bottle and pump set ( India ),100,EI/PO/26-27/945,1073,Released,unlinked,10000
SO-00175,PUNARNAWAH LASER & AESTHETIC CENTRE,3463,PR0006421,PUNARNAWAH SOLKREME SUNSCREEN SPF 50 PA++++ 50 ML.,Confirmed,PM,8937,5S00002,200 ML SHIPPER 500x250x200 mm with printing and 2 pads,2,EI/PO/26-27/809,990,Released,unlinked,3985
SO-00175,PUNARNAWAH LASER & AESTHETIC CENTRE,3463,PR0006421,PUNARNAWAH SOLKREME SUNSCREEN SPF 50 PA++++ 50 ML.,Confirmed,PM,7156,5L00055,FRAGILE STICKER,2,DPO-002,1083,Draft,linked:PR,20
SO-00175,PUNARNAWAH LASER & AESTHETIC CENTRE,3463,PR0006421,PUNARNAWAH SOLKREME SUNSCREEN SPF 50 PA++++ 50 ML.,Confirmed,PM,7156,5L00055,FRAGILE STICKER,2,DPO-002,1084,Draft,linked:PR,20
SO-00185,NEW DERMAPLUS MEDICAL STORE,3473,PR0006448,PRIMARIO ACNESTIL SERUM 30 ML,Confirmed,PM,8930,5000127,TRANSPARENT VOID TAMPER STICKER,400,EI/PO/26-27/795,986,Released,unlinked,10000
SO-00185,NEW DERMAPLUS MEDICAL STORE,3473,PR0006448,PRIMARIO ACNESTIL SERUM 30 ML,Confirmed,PM,8937,5S00002,200 ML SHIPPER 500x250x200 mm with printing and 2 pads,3,EI/PO/26-27/809,990,Released,unlinked,3985
SO-00185,NEW DERMAPLUS MEDICAL STORE,3473,PR0006448,PRIMARIO ACNESTIL SERUM 30 ML,Confirmed,PM,7156,5L00055,FRAGILE STICKER,3,DPO-002,1083,Draft,linked:PR,20
SO-00185,NEW DERMAPLUS MEDICAL STORE,3473,PR0006448,PRIMARIO ACNESTIL SERUM 30 ML,Confirmed,PM,7156,5L00055,FRAGILE STICKER,3,DPO-002,1084,Draft,linked:PR,20
SO-00184,NIRVANA,3472,PR0006352,NIRVANA 10% NIACINAMIDE GLOW SERUM 30 ML,Confirmed,PM,8930,5000127,TRANSPARENT VOID TAMPER STICKER,200,EI/PO/26-27/795,986,Released,unlinked,10000
SO-00184,NIRVANA,3472,PR0006352,NIRVANA 10% NIACINAMIDE GLOW SERUM 30 ML,Confirmed,PM,8937,5S00002,200 ML SHIPPER 500x250x200 mm with printing and 2 pads,2.22,EI/PO/26-27/809,990,Released,unlinked,3985
SO-00184,NIRVANA,3472,PR0006352,NIRVANA 10% NIACINAMIDE GLOW SERUM 30 ML,Confirmed,PM,7156,5L00055,FRAGILE STICKER,2.22,DPO-002,1083,Draft,linked:PR,20
SO-00184,NIRVANA,3472,PR0006352,NIRVANA 10% NIACINAMIDE GLOW SERUM 30 ML,Confirmed,PM,7156,5L00055,FRAGILE STICKER,2.22,DPO-002,1084,Draft,linked:PR,20
SO-00604,NAMAHA HEALTH SOLUTIONS,3387,PR0006005,MOD ESTHETE - ME SHINE ADVANCE SUNSCREEN SPF 50 PA+++ 30ML,Confirmed,PM,7156,5L00055,FRAGILE STICKER,1.34,DPO-002,1083,Draft,linked:PR,20
SO-00604,NAMAHA HEALTH SOLUTIONS,3387,PR0006005,MOD ESTHETE - ME SHINE ADVANCE SUNSCREEN SPF 50 PA+++ 30ML,Confirmed,PM,7156,5L00055,FRAGILE STICKER,1.34,DPO-002,1084,Draft,linked:PR,20
SO-00604,NAMAHA HEALTH SOLUTIONS,3387,PR0006005,MOD ESTHETE - ME SHINE ADVANCE SUNSCREEN SPF 50 PA+++ 30ML,Confirmed,PM,8937,5S00002,200 ML SHIPPER 500x250x200 mm with printing and 2 pads,1.34,EI/PO/26-27/809,990,Released,unlinked,3985
SO-00186,NEW DERMAPLUS MEDICAL STORE,3474,PR0006775,PRIMARIO- MEDGLO FOAMING FACEWASH 100ML,Confirmed,PM,8937,5S00002,200 ML SHIPPER 500x250x200 mm with printing and 2 pads,3.12,EI/PO/26-27/809,990,Released,unlinked,3985
SO-00186,NEW DERMAPLUS MEDICAL STORE,3474,PR0006775,PRIMARIO- MEDGLO FOAMING FACEWASH 100ML,Confirmed,PM,7156,5L00055,FRAGILE STICKER,3.12,DPO-002,1083,Draft,linked:PR,20
SO-00186,NEW DERMAPLUS MEDICAL STORE,3474,PR0006775,PRIMARIO- MEDGLO FOAMING FACEWASH 100ML,Confirmed,PM,7156,5L00055,FRAGILE STICKER,3.12,DPO-002,1084,Draft,linked:PR,20
SO-00174,PUNARNAWAH LASER & AESTHETIC CENTRE,3462,PR0006700,PUNARNAWAH PORE REFINER 50 ML,Confirmed,PM,8930,5000127,TRANSPARENT VOID TAMPER STICKER,200,EI/PO/26-27/795,986,Released,unlinked,10000
SO-00174,PUNARNAWAH LASER & AESTHETIC CENTRE,3462,PR0006700,PUNARNAWAH PORE REFINER 50 ML,Confirmed,PM,7156,5L00055,FRAGILE STICKER,3.12,DPO-002,1083,Draft,linked:PR,20
SO-00174,PUNARNAWAH LASER & AESTHETIC CENTRE,3462,PR0006700,PUNARNAWAH PORE REFINER 50 ML,Confirmed,PM,7156,5L00055,FRAGILE STICKER,3.12,DPO-002,1084,Draft,linked:PR,20
SO-00174,PUNARNAWAH LASER & AESTHETIC CENTRE,3462,PR0006700,PUNARNAWAH PORE REFINER 50 ML,Confirmed,PM,8937,5S00002,200 ML SHIPPER 500x250x200 mm with printing and 2 pads,3.12,EI/PO/26-27/809,990,Released,unlinked,3985
SO-00206,INCNUT LIFESTYLE RETAIL PRIVATE LIMITED,3524,SK2202AFCD,SKINKRAFT ACNE SHIELD FACIAL CLEANSER FOR DRY SKIN 60 ML,Confirmed,PM,6601,4000161,80 ML BLUE PET BOTTLE (PBL - RAD - PET CYLINDER N24MM - 60ML - OPP. SKY BLUE),33,EI/PO/26-27/866,1018,Released,unlinked,29000
SO-00206,INCNUT LIFESTYLE RETAIL PRIVATE LIMITED,3524,SK2202AFCD,SKINKRAFT ACNE SHIELD FACIAL CLEANSER FOR DRY SKIN 60 ML,Confirmed,PM,6601,4000161,80 ML BLUE PET BOTTLE (PBL - RAD - PET CYLINDER N24MM - 60ML - OPP. SKY BLUE),33,EI/PO/26-27/941,1069,Released,unlinked,21000
SO-00206,INCNUT LIFESTYLE RETAIL PRIVATE LIMITED,3524,SK2202AFCD,SKINKRAFT ACNE SHIELD FACIAL CLEANSER FOR DRY SKIN 60 ML,Confirmed,PM,7156,5L00055,FRAGILE STICKER,0.66,DPO-002,1083,Draft,linked:PR,20
SO-00206,INCNUT LIFESTYLE RETAIL PRIVATE LIMITED,3524,SK2202AFCD,SKINKRAFT ACNE SHIELD FACIAL CLEANSER FOR DRY SKIN 60 ML,Confirmed,PM,7156,5L00055,FRAGILE STICKER,0.66,DPO-002,1084,Draft,linked:PR,20
SO-00204,INCNUT LIFESTYLE RETAIL PRIVATE LIMITED,3490,SK2202AFCD,SKINKRAFT ACNE SHIELD FACIAL CLEANSER FOR DRY SKIN 60 ML,Confirmed,PM,6601,4000161,80 ML BLUE PET BOTTLE (PBL - RAD - PET CYLINDER N24MM - 60ML - OPP. SKY BLUE),3000,EI/PO/26-27/866,1018,Released,unlinked,29000
SO-00204,INCNUT LIFESTYLE RETAIL PRIVATE LIMITED,3490,SK2202AFCD,SKINKRAFT ACNE SHIELD FACIAL CLEANSER FOR DRY SKIN 60 ML,Confirmed,PM,6601,4000161,80 ML BLUE PET BOTTLE (PBL - RAD - PET CYLINDER N24MM - 60ML - OPP. SKY BLUE),3000,EI/PO/26-27/941,1069,Released,unlinked,21000
SO-00204,INCNUT LIFESTYLE RETAIL PRIVATE LIMITED,3490,SK2202AFCD,SKINKRAFT ACNE SHIELD FACIAL CLEANSER FOR DRY SKIN 60 ML,Confirmed,PM,7156,5L00055,FRAGILE STICKER,60,DPO-002,1083,Draft,linked:PR,20
SO-00204,INCNUT LIFESTYLE RETAIL PRIVATE LIMITED,3490,SK2202AFCD,SKINKRAFT ACNE SHIELD FACIAL CLEANSER FOR DRY SKIN 60 ML,Confirmed,PM,7156,5L00055,FRAGILE STICKER,60,DPO-002,1084,Draft,linked:PR,20
SO-00586,HEALTH Q LIFESCIENCES PRIVATE LIMITED,3296,PR0007101,SKINQ RX DERMA BRIGHT AHA SERUM 7.5ML,Production Released,PM,7156,5L00055,FRAGILE STICKER,45,DPO-002,1083,Draft,linked:PR,20
SO-00586,HEALTH Q LIFESCIENCES PRIVATE LIMITED,3296,PR0007101,SKINQ RX DERMA BRIGHT AHA SERUM 7.5ML,Production Released,PM,7156,5L00055,FRAGILE STICKER,45,DPO-002,1084,Draft,linked:PR,20
SO-00586,HEALTH Q LIFESCIENCES PRIVATE LIMITED,3296,PR0007101,SKINQ RX DERMA BRIGHT AHA SERUM 7.5ML,Production Released,PM,9062,5P00001,30GB SHIPPER WITH PARTITION 370x370x120 5ply with printing & partion 10x10,45,EI/PO/26-27/687,943,Released,unlinked,2000
SO-00587,HEALTH Q LIFESCIENCES PRIVATE LIMITED,3297,PR0007100,SKINQ RX ACNI DERM RETINOL ACTIVE SERUM 7.5ML,Production Released,PM,7156,5L00055,FRAGILE STICKER,5.71,DPO-002,1083,Draft,linked:PR,20
SO-00587,HEALTH Q LIFESCIENCES PRIVATE LIMITED,3297,PR0007100,SKINQ RX ACNI DERM RETINOL ACTIVE SERUM 7.5ML,Production Released,PM,7156,5L00055,FRAGILE STICKER,5.71,DPO-002,1084,Draft,linked:PR,20
SO-00587,HEALTH Q LIFESCIENCES PRIVATE LIMITED,3297,PR0007100,SKINQ RX ACNI DERM RETINOL ACTIVE SERUM 7.5ML,Production Released,PM,9062,5P00001,30GB SHIPPER WITH PARTITION 370x370x120 5ply with printing & partion 10x10,5.71,EI/PO/26-27/687,943,Released,unlinked,2000
SO-00069,Dr. Deepthi Atmakuri,3400,PR0006437,TYPE 4 ANTI DANDRUFF SHAMPOO 200 ML,Production Released,PM,8937,5S00002,200 ML SHIPPER 500x250x200 mm with printing and 2 pads,9.52,EI/PO/26-27/809,990,Released,unlinked,3985
SO-00069,Dr. Deepthi Atmakuri,3400,PR0006437,TYPE 4 ANTI DANDRUFF SHAMPOO 200 ML,Production Released,PM,7156,5L00055,FRAGILE STICKER,9.52,DPO-002,1083,Draft,linked:PR,20
SO-00069,Dr. Deepthi Atmakuri,3400,PR0006437,TYPE 4 ANTI DANDRUFF SHAMPOO 200 ML,Production Released,PM,7156,5L00055,FRAGILE STICKER,9.52,DPO-002,1084,Draft,linked:PR,20
SO-00069,Dr. Deepthi Atmakuri,3400,PR0006437,TYPE 4 ANTI DANDRUFF SHAMPOO 200 ML,Production Released,PM,8930,5000127,TRANSPARENT VOID TAMPER STICKER,400,EI/PO/26-27/795,986,Released,unlinked,10000
SO-00069,Dr. Deepthi Atmakuri,3400,PR0006437,TYPE 4 ANTI DANDRUFF SHAMPOO 200 ML,Production Released,PM,9095,5M01042,TYPE 4 ANTI DANDRUFF SHAMPOO 200ML MONOCARTON,200,EI/PO/26-27/908,1046,Released,unlinked,200
SO-00069,Dr. Deepthi Atmakuri,3400,PR0006437,TYPE 4 ANTI DANDRUFF SHAMPOO 200 ML,Production Released,PM,9094,5L01699,TYPE 4 ANTI DANDRUFF SHAMPOO 200ML LABEL,200,EI/PO/26-27/908,1046,Released,unlinked,200
SO-00206,INCNUT LIFESTYLE RETAIL PRIVATE LIMITED,3525,SK2202AFCN,SKINKRAFT ACNE SHIELD FACIAL CLEANSER FOR NORMAL SKIN 60 ML,Production Released,PM,6601,4000161,80 ML BLUE PET BOTTLE (PBL - RAD - PET CYLINDER N24MM - 60ML - OPP. SKY BLUE),39,EI/PO/26-27/866,1018,Released,unlinked,29000
SO-00206,INCNUT LIFESTYLE RETAIL PRIVATE LIMITED,3525,SK2202AFCN,SKINKRAFT ACNE SHIELD FACIAL CLEANSER FOR NORMAL SKIN 60 ML,Production Released,PM,6601,4000161,80 ML BLUE PET BOTTLE (PBL - RAD - PET CYLINDER N24MM - 60ML - OPP. SKY BLUE),39,EI/PO/26-27/941,1069,Released,unlinked,21000
SO-00206,INCNUT LIFESTYLE RETAIL PRIVATE LIMITED,3525,SK2202AFCN,SKINKRAFT ACNE SHIELD FACIAL CLEANSER FOR NORMAL SKIN 60 ML,Production Released,PM,7156,5L00055,FRAGILE STICKER,0.78,DPO-002,1083,Draft,linked:PR,20
SO-00206,INCNUT LIFESTYLE RETAIL PRIVATE LIMITED,3525,SK2202AFCN,SKINKRAFT ACNE SHIELD FACIAL CLEANSER FOR NORMAL SKIN 60 ML,Production Released,PM,7156,5L00055,FRAGILE STICKER,0.78,DPO-002,1084,Draft,linked:PR,20
SO-00204,INCNUT LIFESTYLE RETAIL PRIVATE LIMITED,3492,SK2202AFCN,SKINKRAFT ACNE SHIELD FACIAL CLEANSER FOR NORMAL SKIN 60 ML,Production Released,PM,6601,4000161,80 ML BLUE PET BOTTLE (PBL - RAD - PET CYLINDER N24MM - 60ML - OPP. SKY BLUE),3000,EI/PO/26-27/866,1018,Released,unlinked,29000
SO-00204,INCNUT LIFESTYLE RETAIL PRIVATE LIMITED,3492,SK2202AFCN,SKINKRAFT ACNE SHIELD FACIAL CLEANSER FOR NORMAL SKIN 60 ML,Production Released,PM,6601,4000161,80 ML BLUE PET BOTTLE (PBL - RAD - PET CYLINDER N24MM - 60ML - OPP. SKY BLUE),3000,EI/PO/26-27/941,1069,Released,unlinked,21000
SO-00204,INCNUT LIFESTYLE RETAIL PRIVATE LIMITED,3492,SK2202AFCN,SKINKRAFT ACNE SHIELD FACIAL CLEANSER FOR NORMAL SKIN 60 ML,Production Released,PM,7156,5L00055,FRAGILE STICKER,60,DPO-002,1083,Draft,linked:PR,20
SO-00204,INCNUT LIFESTYLE RETAIL PRIVATE LIMITED,3492,SK2202AFCN,SKINKRAFT ACNE SHIELD FACIAL CLEANSER FOR NORMAL SKIN 60 ML,Production Released,PM,7156,5L00055,FRAGILE STICKER,60,DPO-002,1084,Draft,linked:PR,20
SO-00206,INCNUT LIFESTYLE RETAIL PRIVATE LIMITED,3529,SK2109AAFS,SKINKRAFT AGE AMEND FACIAL SERUM FOR MODERATE SIGNS OF AGEING 30 ML,Production Released,PM,7156,5L00055,FRAGILE STICKER,48.15,DPO-002,1083,Draft,linked:PR,20
SO-00206,INCNUT LIFESTYLE RETAIL PRIVATE LIMITED,3529,SK2109AAFS,SKINKRAFT AGE AMEND FACIAL SERUM FOR MODERATE SIGNS OF AGEING 30 ML,Production Released,PM,7156,5L00055,FRAGILE STICKER,48.15,DPO-002,1084,Draft,linked:PR,20
SO-00206,INCNUT LIFESTYLE RETAIL PRIVATE LIMITED,3529,SK2109AAFS,SKINKRAFT AGE AMEND FACIAL SERUM FOR MODERATE SIGNS OF AGEING 30 ML,Production Released,PM,9062,5P00001,30GB SHIPPER WITH PARTITION 370x370x120 5ply with printing & partion 10x10,48.15,EI/PO/26-27/687,943,Released,unlinked,2000
SO-00204,INCNUT LIFESTYLE RETAIL PRIVATE LIMITED,3502,SK2109AAFS,SKINKRAFT AGE AMEND FACIAL SERUM FOR MODERATE SIGNS OF AGEING 30 ML,Production Released,PM,7156,5L00055,FRAGILE STICKER,180,DPO-002,1083,Draft,linked:PR,20
SO-00204,INCNUT LIFESTYLE RETAIL PRIVATE LIMITED,3502,SK2109AAFS,SKINKRAFT AGE AMEND FACIAL SERUM FOR MODERATE SIGNS OF AGEING 30 ML,Production Released,PM,7156,5L00055,FRAGILE STICKER,180,DPO-002,1084,Draft,linked:PR,20
SO-00204,INCNUT LIFESTYLE RETAIL PRIVATE LIMITED,3502,SK2109AAFS,SKINKRAFT AGE AMEND FACIAL SERUM FOR MODERATE SIGNS OF AGEING 30 ML,Production Released,PM,9062,5P00001,30GB SHIPPER WITH PARTITION 370x370x120 5ply with printing & partion 10x10,180,EI/PO/26-27/687,943,Released,unlinked,2000
SO-00206,INCNUT LIFESTYLE RETAIL PRIVATE LIMITED,3533,SK2110SFCN,SKINKRAFT SYNDET FACIAL CLEANSER FOR SLIGHTLY DRY & SLIGHTLY OILY SKIN 60ML,Production Released,PM,6601,4000161,80 ML BLUE PET BOTTLE (PBL - RAD - PET CYLINDER N24MM - 60ML - OPP. SKY BLUE),3212,EI/PO/26-27/866,1018,Released,unlinked,29000
SO-00206,INCNUT LIFESTYLE RETAIL PRIVATE LIMITED,3533,SK2110SFCN,SKINKRAFT SYNDET FACIAL CLEANSER FOR SLIGHTLY DRY & SLIGHTLY OILY SKIN 60ML,Production Released,PM,6601,4000161,80 ML BLUE PET BOTTLE (PBL - RAD - PET CYLINDER N24MM - 60ML - OPP. SKY BLUE),3212,EI/PO/26-27/941,1069,Released,unlinked,21000
SO-00206,INCNUT LIFESTYLE RETAIL PRIVATE LIMITED,3533,SK2110SFCN,SKINKRAFT SYNDET FACIAL CLEANSER FOR SLIGHTLY DRY & SLIGHTLY OILY SKIN 60ML,Production Released,PM,7156,5L00055,FRAGILE STICKER,64.24,DPO-002,1083,Draft,linked:PR,20
SO-00206,INCNUT LIFESTYLE RETAIL PRIVATE LIMITED,3533,SK2110SFCN,SKINKRAFT SYNDET FACIAL CLEANSER FOR SLIGHTLY DRY & SLIGHTLY OILY SKIN 60ML,Production Released,PM,7156,5L00055,FRAGILE STICKER,64.24,DPO-002,1084,Draft,linked:PR,20
SO-00204,INCNUT LIFESTYLE RETAIL PRIVATE LIMITED,3508,SK2110SFCN,SKINKRAFT SYNDET FACIAL CLEANSER FOR SLIGHTLY DRY & SLIGHTLY OILY SKIN 60ML,Production Released,PM,6601,4000161,80 ML BLUE PET BOTTLE (PBL - RAD - PET CYLINDER N24MM - 60ML - OPP. SKY BLUE),35000,EI/PO/26-27/866,1018,Released,unlinked,29000
SO-00204,INCNUT LIFESTYLE RETAIL PRIVATE LIMITED,3508,SK2110SFCN,SKINKRAFT SYNDET FACIAL CLEANSER FOR SLIGHTLY DRY & SLIGHTLY OILY SKIN 60ML,Production Released,PM,6601,4000161,80 ML BLUE PET BOTTLE (PBL - RAD - PET CYLINDER N24MM - 60ML - OPP. SKY BLUE),35000,EI/PO/26-27/941,1069,Released,unlinked,21000
SO-00204,INCNUT LIFESTYLE RETAIL PRIVATE LIMITED,3508,SK2110SFCN,SKINKRAFT SYNDET FACIAL CLEANSER FOR SLIGHTLY DRY & SLIGHTLY OILY SKIN 60ML,Production Released,PM,7156,5L00055,FRAGILE STICKER,700,DPO-002,1083,Draft,linked:PR,20
SO-00204,INCNUT LIFESTYLE RETAIL PRIVATE LIMITED,3508,SK2110SFCN,SKINKRAFT SYNDET FACIAL CLEANSER FOR SLIGHTLY DRY & SLIGHTLY OILY SKIN 60ML,Production Released,PM,7156,5L00055,FRAGILE STICKER,700,DPO-002,1084,Draft,linked:PR,20
SO-00204,INCNUT LIFESTYLE RETAIL PRIVATE LIMITED,3511,SK2109NSFC,SKINKRAFT SEBUM CONTROL FACE CLEANSER FOR OILY SKIN 60ML,Production Released,PM,6601,4000161,80 ML BLUE PET BOTTLE (PBL - RAD - PET CYLINDER N24MM - 60ML - OPP. SKY BLUE),23000,EI/PO/26-27/866,1018,Released,unlinked,29000
SO-00204,INCNUT LIFESTYLE RETAIL PRIVATE LIMITED,3511,SK2109NSFC,SKINKRAFT SEBUM CONTROL FACE CLEANSER FOR OILY SKIN 60ML,Production Released,PM,6601,4000161,80 ML BLUE PET BOTTLE (PBL - RAD - PET CYLINDER N24MM - 60ML - OPP. SKY BLUE),23000,EI/PO/26-27/941,1069,Released,unlinked,21000
SO-00204,INCNUT LIFESTYLE RETAIL PRIVATE LIMITED,3511,SK2109NSFC,SKINKRAFT SEBUM CONTROL FACE CLEANSER FOR OILY SKIN 60ML,Production Released,PM,7156,5L00055,FRAGILE STICKER,460,DPO-002,1083,Draft,linked:PR,20
SO-00204,INCNUT LIFESTYLE RETAIL PRIVATE LIMITED,3511,SK2109NSFC,SKINKRAFT SEBUM CONTROL FACE CLEANSER FOR OILY SKIN 60ML,Production Released,PM,7156,5L00055,FRAGILE STICKER,460,DPO-002,1084,Draft,linked:PR,20
SO-00173,INCNUT LIFESTYLE RETAIL PRIVATE LIMITED,3329,PR0006411,SKINKRAFT MOISTURE BALANCE DANDRUFF CARE SHAMPOO - 120 ML,Production Released,PM,7156,5L00055,FRAGILE STICKER,16.18,DPO-002,1083,Draft,linked:PR,20
SO-00173,INCNUT LIFESTYLE RETAIL PRIVATE LIMITED,3329,PR0006411,SKINKRAFT MOISTURE BALANCE DANDRUFF CARE SHAMPOO - 120 ML,Production Released,PM,7156,5L00055,FRAGILE STICKER,16.18,DPO-002,1084,Draft,linked:PR,20
SO-00173,INCNUT LIFESTYLE RETAIL PRIVATE LIMITED,3329,PR0006411,SKINKRAFT MOISTURE BALANCE DANDRUFF CARE SHAMPOO - 120 ML,Production Released,PM,6954,4000992,skinkraft 120 ML HDPE BOTTLE - Peach,809,EI/PO/26-27/649,953,Released,unlinked,12000
SO-00173,INCNUT LIFESTYLE RETAIL PRIVATE LIMITED,3329,PR0006411,SKINKRAFT MOISTURE BALANCE DANDRUFF CARE SHAMPOO - 120 ML,Production Released,PM,6955,4000993,skinkraft 120 ml White Flip top cap - Peach,809,EI/PO/26-27/649,953,Released,unlinked,12000
SO-00173,INCNUT LIFESTYLE RETAIL PRIVATE LIMITED,3329,PR0006411,SKINKRAFT MOISTURE BALANCE DANDRUFF CARE SHAMPOO - 120 ML,Production Released,PM,8931,5P00015,100ML SHIPPERS PRINTED 430*220*175 MM 5PLY(120GSM)PARTITION  5*10,16.18,EI/PO/26-27/912,1050,Released,unlinked,1000
SO-00007,INCNUT LIFESTYLE RETAIL PRIVATE LIMITED,3372,PR0006411,SKINKRAFT MOISTURE BALANCE DANDRUFF CARE SHAMPOO - 120 ML,Production Released,PM,7156,5L00055,FRAGILE STICKER,62,DPO-002,1083,Draft,linked:PR,20
SO-00007,INCNUT LIFESTYLE RETAIL PRIVATE LIMITED,3372,PR0006411,SKINKRAFT MOISTURE BALANCE DANDRUFF CARE SHAMPOO - 120 ML,Production Released,PM,7156,5L00055,FRAGILE STICKER,62,DPO-002,1084,Draft,linked:PR,20
SO-00007,INCNUT LIFESTYLE RETAIL PRIVATE LIMITED,3372,PR0006411,SKINKRAFT MOISTURE BALANCE DANDRUFF CARE SHAMPOO - 120 ML,Production Released,PM,6954,4000992,skinkraft 120 ML HDPE BOTTLE - Peach,3100,EI/PO/26-27/649,953,Released,unlinked,12000
SO-00007,INCNUT LIFESTYLE RETAIL PRIVATE LIMITED,3372,PR0006411,SKINKRAFT MOISTURE BALANCE DANDRUFF CARE SHAMPOO - 120 ML,Production Released,PM,6955,4000993,skinkraft 120 ml White Flip top cap - Peach,3100,EI/PO/26-27/649,953,Released,unlinked,12000
SO-00007,INCNUT LIFESTYLE RETAIL PRIVATE LIMITED,3372,PR0006411,SKINKRAFT MOISTURE BALANCE DANDRUFF CARE SHAMPOO - 120 ML,Production Released,PM,8931,5P00015,100ML SHIPPERS PRINTED 430*220*175 MM 5PLY(120GSM)PARTITION  5*10,62,EI/PO/26-27/912,1050,Released,unlinked,1000
SO-00206,INCNUT LIFESTYLE RETAIL PRIVATE LIMITED,3537,SK2109NBRS,SKINKRAFT BARRIER REPAIR SERUM FOR OILY & NORMAL SKIN 45ML,Production Released,PM,7156,5L00055,FRAGILE STICKER,60,DPO-002,1083,Draft,linked:PR,20
SO-00206,INCNUT LIFESTYLE RETAIL PRIVATE LIMITED,3537,SK2109NBRS,SKINKRAFT BARRIER REPAIR SERUM FOR OILY & NORMAL SKIN 45ML,Production Released,PM,7156,5L00055,FRAGILE STICKER,60,DPO-002,1084,Draft,linked:PR,20
SO-00206,INCNUT LIFESTYLE RETAIL PRIVATE LIMITED,3537,SK2109NBRS,SKINKRAFT BARRIER REPAIR SERUM FOR OILY & NORMAL SKIN 45ML,Production Released,PM,6592,4000150,SM03 WHITE CAP SK BARRIER RANGE OVERCAP - EPT,3000,EI/PO/26-27/943,1071,Released,unlinked,50000
SO-00206,INCNUT LIFESTYLE RETAIL PRIVATE LIMITED,3537,SK2109NBRS,SKINKRAFT BARRIER REPAIR SERUM FOR OILY & NORMAL SKIN 45ML,Production Released,PM,6576,4000133,PBL-EPT-PET CYLINDER STEP SHOULDER N19MM-60ML-OPP.SKY BLUE,3000,EI/PO/26-27/943,1071,Released,unlinked,50000
SO-00206,INCNUT LIFESTYLE RETAIL PRIVATE LIMITED,3537,SK2109NBRS,SKINKRAFT BARRIER REPAIR SERUM FOR OILY & NORMAL SKIN 45ML,Production Released,PM,6552,4000093,LW D201 WHITE PUMP,3000,EI/PO/26-27/909,1047,Released,unlinked,14000
SO-00206,INCNUT LIFESTYLE RETAIL PRIVATE LIMITED,3537,SK2109NBRS,SKINKRAFT BARRIER REPAIR SERUM FOR OILY & NORMAL SKIN 45ML,Production Released,PM,6552,4000093,LW D201 WHITE PUMP,3000,EI/PO/26-27/944,1072,Released,unlinked,50000
SO-00204,INCNUT LIFESTYLE RETAIL PRIVATE LIMITED,3515,SK2109NBRS,SKINKRAFT BARRIER REPAIR SERUM FOR OILY & NORMAL SKIN 45ML,Production Released,PM,7156,5L00055,FRAGILE STICKER,220,DPO-002,1083,Draft,linked:PR,20
SO-00204,INCNUT LIFESTYLE RETAIL PRIVATE LIMITED,3515,SK2109NBRS,SKINKRAFT BARRIER REPAIR SERUM FOR OILY & NORMAL SKIN 45ML,Production Released,PM,7156,5L00055,FRAGILE STICKER,220,DPO-002,1084,Draft,linked:PR,20
SO-00204,INCNUT LIFESTYLE RETAIL PRIVATE LIMITED,3515,SK2109NBRS,SKINKRAFT BARRIER REPAIR SERUM FOR OILY & NORMAL SKIN 45ML,Production Released,PM,6592,4000150,SM03 WHITE CAP SK BARRIER RANGE OVERCAP - EPT,11000,EI/PO/26-27/943,1071,Released,unlinked,50000
SO-00204,INCNUT LIFESTYLE RETAIL PRIVATE LIMITED,3515,SK2109NBRS,SKINKRAFT BARRIER REPAIR SERUM FOR OILY & NORMAL SKIN 45ML,Production Released,PM,6576,4000133,PBL-EPT-PET CYLINDER STEP SHOULDER N19MM-60ML-OPP.SKY BLUE,11000,EI/PO/26-27/943,1071,Released,unlinked,50000
SO-00204,INCNUT LIFESTYLE RETAIL PRIVATE LIMITED,3515,SK2109NBRS,SKINKRAFT BARRIER REPAIR SERUM FOR OILY & NORMAL SKIN 45ML,Production Released,PM,6552,4000093,LW D201 WHITE PUMP,11000,EI/PO/26-27/909,1047,Released,unlinked,14000
SO-00204,INCNUT LIFESTYLE RETAIL PRIVATE LIMITED,3515,SK2109NBRS,SKINKRAFT BARRIER REPAIR SERUM FOR OILY & NORMAL SKIN 45ML,Production Released,PM,6552,4000093,LW D201 WHITE PUMP,11000,EI/PO/26-27/944,1072,Released,unlinked,50000
SO-00206,INCNUT LIFESTYLE RETAIL PRIVATE LIMITED,3540,PR0005713,SKINKRAFT AQUA BURST GLOW CREME GEL SUSNCREEN SPF 50PA +++ 50 GM,Production Released,PM,7156,5L00055,FRAGILE STICKER,2.08,DPO-002,1083,Draft,linked:PR,20
SO-00206,INCNUT LIFESTYLE RETAIL PRIVATE LIMITED,3540,PR0005713,SKINKRAFT AQUA BURST GLOW CREME GEL SUSNCREEN SPF 50PA +++ 50 GM,Production Released,PM,7156,5L00055,FRAGILE STICKER,2.08,DPO-002,1084,Draft,linked:PR,20
SO-00204,INCNUT LIFESTYLE RETAIL PRIVATE LIMITED,3518,PR0005713,SKINKRAFT AQUA BURST GLOW CREME GEL SUSNCREEN SPF 50PA +++ 50 GM,Production Released,PM,7156,5L00055,FRAGILE STICKER,100,DPO-002,1083,Draft,linked:PR,20
SO-00204,INCNUT LIFESTYLE RETAIL PRIVATE LIMITED,3518,PR0005713,SKINKRAFT AQUA BURST GLOW CREME GEL SUSNCREEN SPF 50PA +++ 50 GM,Production Released,PM,7156,5L00055,FRAGILE STICKER,100,DPO-002,1084,Draft,linked:PR,20
SO-00206,INCNUT LIFESTYLE RETAIL PRIVATE LIMITED,3535,SK2109NBRC,SKINKRAFT BARRIER REPAIR CREAM FOR DRY SKIN 45ML,Production Released,PM,7213,5L00184,SK BARRIER REPAIR CREAM FOR DRY SKIN 45ML LABEL,988,EI/PO/26-27/834,999,Released,unlinked,10100
SO-00206,INCNUT LIFESTYLE RETAIL PRIVATE LIMITED,3535,SK2109NBRC,SKINKRAFT BARRIER REPAIR CREAM FOR DRY SKIN 45ML,Production Released,PM,7156,5L00055,FRAGILE STICKER,19.76,DPO-002,1083,Draft,linked:PR,20
SO-00206,INCNUT LIFESTYLE RETAIL PRIVATE LIMITED,3535,SK2109NBRC,SKINKRAFT BARRIER REPAIR CREAM FOR DRY SKIN 45ML,Production Released,PM,7156,5L00055,FRAGILE STICKER,19.76,DPO-002,1084,Draft,linked:PR,20
SO-00206,INCNUT LIFESTYLE RETAIL PRIVATE LIMITED,3535,SK2109NBRC,SKINKRAFT BARRIER REPAIR CREAM FOR DRY SKIN 45ML,Production Released,PM,6576,4000133,PBL-EPT-PET CYLINDER STEP SHOULDER N19MM-60ML-OPP.SKY BLUE,988,EI/PO/26-27/943,1071,Released,unlinked,50000
SO-00206,INCNUT LIFESTYLE RETAIL PRIVATE LIMITED,3535,SK2109NBRC,SKINKRAFT BARRIER REPAIR CREAM FOR DRY SKIN 45ML,Production Released,PM,6592,4000150,SM03 WHITE CAP SK BARRIER RANGE OVERCAP - EPT,988,EI/PO/26-27/943,1071,Released,unlinked,50000
SO-00206,INCNUT LIFESTYLE RETAIL PRIVATE LIMITED,3535,SK2109NBRC,SKINKRAFT BARRIER REPAIR CREAM FOR DRY SKIN 45ML,Production Released,PM,6552,4000093,LW D201 WHITE PUMP,988,EI/PO/26-27/909,1047,Released,unlinked,14000
SO-00206,INCNUT LIFESTYLE RETAIL PRIVATE LIMITED,3535,SK2109NBRC,SKINKRAFT BARRIER REPAIR CREAM FOR DRY SKIN 45ML,Production Released,PM,6552,4000093,LW D201 WHITE PUMP,988,EI/PO/26-27/944,1072,Released,unlinked,50000
SO-00204,INCNUT LIFESTYLE RETAIL PRIVATE LIMITED,3513,SK2109NBRC,SKINKRAFT BARRIER REPAIR CREAM FOR DRY SKIN 45ML,Production Released,PM,7213,5L00184,SK BARRIER REPAIR CREAM FOR DRY SKIN 45ML LABEL,14000,EI/PO/26-27/834,999,Released,unlinked,10100
SO-00204,INCNUT LIFESTYLE RETAIL PRIVATE LIMITED,3513,SK2109NBRC,SKINKRAFT BARRIER REPAIR CREAM FOR DRY SKIN 45ML,Production Released,PM,7156,5L00055,FRAGILE STICKER,280,DPO-002,1083,Draft,linked:PR,20
SO-00204,INCNUT LIFESTYLE RETAIL PRIVATE LIMITED,3513,SK2109NBRC,SKINKRAFT BARRIER REPAIR CREAM FOR DRY SKIN 45ML,Production Released,PM,7156,5L00055,FRAGILE STICKER,280,DPO-002,1084,Draft,linked:PR,20
SO-00204,INCNUT LIFESTYLE RETAIL PRIVATE LIMITED,3513,SK2109NBRC,SKINKRAFT BARRIER REPAIR CREAM FOR DRY SKIN 45ML,Production Released,PM,6576,4000133,PBL-EPT-PET CYLINDER STEP SHOULDER N19MM-60ML-OPP.SKY BLUE,14000,EI/PO/26-27/943,1071,Released,unlinked,50000
SO-00204,INCNUT LIFESTYLE RETAIL PRIVATE LIMITED,3513,SK2109NBRC,SKINKRAFT BARRIER REPAIR CREAM FOR DRY SKIN 45ML,Production Released,PM,6592,4000150,SM03 WHITE CAP SK BARRIER RANGE OVERCAP - EPT,14000,EI/PO/26-27/943,1071,Released,unlinked,50000
SO-00204,INCNUT LIFESTYLE RETAIL PRIVATE LIMITED,3513,SK2109NBRC,SKINKRAFT BARRIER REPAIR CREAM FOR DRY SKIN 45ML,Production Released,PM,6552,4000093,LW D201 WHITE PUMP,14000,EI/PO/26-27/909,1047,Released,unlinked,14000
SO-00204,INCNUT LIFESTYLE RETAIL PRIVATE LIMITED,3513,SK2109NBRC,SKINKRAFT BARRIER REPAIR CREAM FOR DRY SKIN 45ML,Production Released,PM,6552,4000093,LW D201 WHITE PUMP,14000,EI/PO/26-27/944,1072,Released,unlinked,50000
SO-00206,INCNUT LIFESTYLE RETAIL PRIVATE LIMITED,3534,SK2109NMC,SKINKRAFT MOISTURIZING CLEANSER FOR DRY SKIN 60ML,Production Released,PM,6601,4000161,80 ML BLUE PET BOTTLE (PBL - RAD - PET CYLINDER N24MM - 60ML - OPP. SKY BLUE),487,EI/PO/26-27/866,1018,Released,unlinked,29000
SO-00206,INCNUT LIFESTYLE RETAIL PRIVATE LIMITED,3534,SK2109NMC,SKINKRAFT MOISTURIZING CLEANSER FOR DRY SKIN 60ML,Production Released,PM,6601,4000161,80 ML BLUE PET BOTTLE (PBL - RAD - PET CYLINDER N24MM - 60ML - OPP. SKY BLUE),487,EI/PO/26-27/941,1069,Released,unlinked,21000
SO-00206,INCNUT LIFESTYLE RETAIL PRIVATE LIMITED,3534,SK2109NMC,SKINKRAFT MOISTURIZING CLEANSER FOR DRY SKIN 60ML,Production Released,PM,7156,5L00055,FRAGILE STICKER,9.74,DPO-002,1083,Draft,linked:PR,20
SO-00206,INCNUT LIFESTYLE RETAIL PRIVATE LIMITED,3534,SK2109NMC,SKINKRAFT MOISTURIZING CLEANSER FOR DRY SKIN 60ML,Production Released,PM,7156,5L00055,FRAGILE STICKER,9.74,DPO-002,1084,Draft,linked:PR,20
SO-00204,INCNUT LIFESTYLE RETAIL PRIVATE LIMITED,3510,SK2109NMC,SKINKRAFT MOISTURIZING CLEANSER FOR DRY SKIN 60ML,Production Released,PM,6601,4000161,80 ML BLUE PET BOTTLE (PBL - RAD - PET CYLINDER N24MM - 60ML - OPP. SKY BLUE),21000,EI/PO/26-27/866,1018,Released,unlinked,29000
SO-00204,INCNUT LIFESTYLE RETAIL PRIVATE LIMITED,3510,SK2109NMC,SKINKRAFT MOISTURIZING CLEANSER FOR DRY SKIN 60ML,Production Released,PM,6601,4000161,80 ML BLUE PET BOTTLE (PBL - RAD - PET CYLINDER N24MM - 60ML - OPP. SKY BLUE),21000,EI/PO/26-27/941,1069,Released,unlinked,21000
SO-00204,INCNUT LIFESTYLE RETAIL PRIVATE LIMITED,3510,SK2109NMC,SKINKRAFT MOISTURIZING CLEANSER FOR DRY SKIN 60ML,Production Released,PM,7156,5L00055,FRAGILE STICKER,420,DPO-002,1083,Draft,linked:PR,20
SO-00204,INCNUT LIFESTYLE RETAIL PRIVATE LIMITED,3510,SK2109NMC,SKINKRAFT MOISTURIZING CLEANSER FOR DRY SKIN 60ML,Production Released,PM,7156,5L00055,FRAGILE STICKER,420,DPO-002,1084,Draft,linked:PR,20
SO-00204,INCNUT LIFESTYLE RETAIL PRIVATE LIMITED,3485,SK2111CFLC,SKINKRAFT COCOCAP FRIZZ EASE HAIR LEAVE IN CONDITIONER 50 ML,Production Released,PM,7156,5L00055,FRAGILE STICKER,40,DPO-002,1083,Draft,linked:PR,20
SO-00204,INCNUT LIFESTYLE RETAIL PRIVATE LIMITED,3485,SK2111CFLC,SKINKRAFT COCOCAP FRIZZ EASE HAIR LEAVE IN CONDITIONER 50 ML,Production Released,PM,7156,5L00055,FRAGILE STICKER,40,DPO-002,1084,Draft,linked:PR,20
SO-00204,INCNUT LIFESTYLE RETAIL PRIVATE LIMITED,3486,SK2108GHS,SKINKRAFT ROSEMARY WITH CAFFEINE HAIR SERUM 50 ML,Production Released,PM,7156,5L00055,FRAGILE STICKER,50,DPO-002,1083,Draft,linked:PR,20
SO-00204,INCNUT LIFESTYLE RETAIL PRIVATE LIMITED,3486,SK2108GHS,SKINKRAFT ROSEMARY WITH CAFFEINE HAIR SERUM 50 ML,Production Released,PM,7156,5L00055,FRAGILE STICKER,50,DPO-002,1084,Draft,linked:PR,20
SO-00204,INCNUT LIFESTYLE RETAIL PRIVATE LIMITED,3517,SK2109DRFS,SKINKRAFT DAILY GLOW FACIAL SERUM FOR DULL UNEVEN SKIN 30 ML,Production Released,PM,7156,5L00055,FRAGILE STICKER,80,DPO-002,1083,Draft,linked:PR,20
SO-00204,INCNUT LIFESTYLE RETAIL PRIVATE LIMITED,3517,SK2109DRFS,SKINKRAFT DAILY GLOW FACIAL SERUM FOR DULL UNEVEN SKIN 30 ML,Production Released,PM,7156,5L00055,FRAGILE STICKER,80,DPO-002,1084,Draft,linked:PR,20
SO-00204,INCNUT LIFESTYLE RETAIL PRIVATE LIMITED,3517,SK2109DRFS,SKINKRAFT DAILY GLOW FACIAL SERUM FOR DULL UNEVEN SKIN 30 ML,Production Released,PM,9062,5P00001,30GB SHIPPER WITH PARTITION 370x370x120 5ply with printing & partion 10x10,80,EI/PO/26-27/687,943,Released,unlinked,2000
SO-00206,INCNUT LIFESTYLE RETAIL PRIVATE LIMITED,3539,SK2109DRFS,SKINKRAFT DAILY GLOW FACIAL SERUM FOR DULL UNEVEN SKIN 30 ML,Production Released,PM,7156,5L00055,FRAGILE STICKER,30,DPO-002,1083,Draft,linked:PR,20
SO-00206,INCNUT LIFESTYLE RETAIL PRIVATE LIMITED,3539,SK2109DRFS,SKINKRAFT DAILY GLOW FACIAL SERUM FOR DULL UNEVEN SKIN 30 ML,Production Released,PM,7156,5L00055,FRAGILE STICKER,30,DPO-002,1084,Draft,linked:PR,20
SO-00206,INCNUT LIFESTYLE RETAIL PRIVATE LIMITED,3539,SK2109DRFS,SKINKRAFT DAILY GLOW FACIAL SERUM FOR DULL UNEVEN SKIN 30 ML,Production Released,PM,9062,5P00001,30GB SHIPPER WITH PARTITION 370x370x120 5ply with printing & partion 10x10,30,EI/PO/26-27/687,943,Released,unlinked,2000
SO-00206,INCNUT LIFESTYLE RETAIL PRIVATE LIMITED,3523,SK2111CSNC,SKINKRAFT COLLOIDAL OATMEAL AND SEABERRY PRE+ PROBIOTIC SKIN REPAIR NIGHT CREAM 30GM,Production Released,PM,7156,5L00055,FRAGILE STICKER,2.5116,DPO-002,1083,Draft,linked:PR,20
SO-00206,INCNUT LIFESTYLE RETAIL PRIVATE LIMITED,3523,SK2111CSNC,SKINKRAFT COLLOIDAL OATMEAL AND SEABERRY PRE+ PROBIOTIC SKIN REPAIR NIGHT CREAM 30GM,Production Released,PM,7156,5L00055,FRAGILE STICKER,2.5116,DPO-002,1084,Draft,linked:PR,20
SO-00206,INCNUT LIFESTYLE RETAIL PRIVATE LIMITED,3523,SK2111CSNC,SKINKRAFT COLLOIDAL OATMEAL AND SEABERRY PRE+ PROBIOTIC SKIN REPAIR NIGHT CREAM 30GM,Production Released,PM,8937,5S00002,200 ML SHIPPER 500x250x200 mm with printing and 2 pads,2.5116,EI/PO/26-27/809,990,Released,unlinked,3985
SO-00204,INCNUT LIFESTYLE RETAIL PRIVATE LIMITED,3489,SK2111CSNC,SKINKRAFT COLLOIDAL OATMEAL AND SEABERRY PRE+ PROBIOTIC SKIN REPAIR NIGHT CREAM 30GM,Production Released,PM,7156,5L00055,FRAGILE STICKER,18.4,DPO-002,1083,Draft,linked:PR,20
SO-00204,INCNUT LIFESTYLE RETAIL PRIVATE LIMITED,3489,SK2111CSNC,SKINKRAFT COLLOIDAL OATMEAL AND SEABERRY PRE+ PROBIOTIC SKIN REPAIR NIGHT CREAM 30GM,Production Released,PM,7156,5L00055,FRAGILE STICKER,18.4,DPO-002,1084,Draft,linked:PR,20
SO-00204,INCNUT LIFESTYLE RETAIL PRIVATE LIMITED,3489,SK2111CSNC,SKINKRAFT COLLOIDAL OATMEAL AND SEABERRY PRE+ PROBIOTIC SKIN REPAIR NIGHT CREAM 30GM,Production Released,PM,8937,5S00002,200 ML SHIPPER 500x250x200 mm with printing and 2 pads,18.4,EI/PO/26-27/809,990,Released,unlinked,3985
SO-00204,INCNUT LIFESTYLE RETAIL PRIVATE LIMITED,3507,SK2111GABS,SK GLOW GETTER ARBUTIN BRIGHTENING SERUM 15 ML,Production Released,PM,7156,5L00055,FRAGILE STICKER,300,DPO-002,1083,Draft,linked:PR,20
SO-00204,INCNUT LIFESTYLE RETAIL PRIVATE LIMITED,3507,SK2111GABS,SK GLOW GETTER ARBUTIN BRIGHTENING SERUM 15 ML,Production Released,PM,7156,5L00055,FRAGILE STICKER,300,DPO-002,1084,Draft,linked:PR,20
SO-00204,INCNUT LIFESTYLE RETAIL PRIVATE LIMITED,3507,SK2111GABS,SK GLOW GETTER ARBUTIN BRIGHTENING SERUM 15 ML,Production Released,PM,9062,5P00001,30GB SHIPPER WITH PARTITION 370x370x120 5ply with printing & partion 10x10,300,EI/PO/26-27/687,943,Released,unlinked,2000
SO-00204,INCNUT LIFESTYLE RETAIL PRIVATE LIMITED,3495,SK2201HMDS,SKINKRAFT HYDRA BALANCE MOISTURIZER FOR SLIGHTLY DRY SKIN 45 ML,Production Released,PM,6552,4000093,LW D201 WHITE PUMP,5000,EI/PO/26-27/909,1047,Released,unlinked,14000
SO-00204,INCNUT LIFESTYLE RETAIL PRIVATE LIMITED,3495,SK2201HMDS,SKINKRAFT HYDRA BALANCE MOISTURIZER FOR SLIGHTLY DRY SKIN 45 ML,Production Released,PM,6552,4000093,LW D201 WHITE PUMP,5000,EI/PO/26-27/944,1072,Released,unlinked,50000
SO-00204,INCNUT LIFESTYLE RETAIL PRIVATE LIMITED,3495,SK2201HMDS,SKINKRAFT HYDRA BALANCE MOISTURIZER FOR SLIGHTLY DRY SKIN 45 ML,Production Released,PM,6576,4000133,PBL-EPT-PET CYLINDER STEP SHOULDER N19MM-60ML-OPP.SKY BLUE,5000,EI/PO/26-27/943,1071,Released,unlinked,50000
SO-00204,INCNUT LIFESTYLE RETAIL PRIVATE LIMITED,3495,SK2201HMDS,SKINKRAFT HYDRA BALANCE MOISTURIZER FOR SLIGHTLY DRY SKIN 45 ML,Production Released,PM,6592,4000150,SM03 WHITE CAP SK BARRIER RANGE OVERCAP - EPT,5000,EI/PO/26-27/943,1071,Released,unlinked,50000
SO-00204,INCNUT LIFESTYLE RETAIL PRIVATE LIMITED,3495,SK2201HMDS,SKINKRAFT HYDRA BALANCE MOISTURIZER FOR SLIGHTLY DRY SKIN 45 ML,Production Released,PM,7156,5L00055,FRAGILE STICKER,100,DPO-002,1083,Draft,linked:PR,20
SO-00204,INCNUT LIFESTYLE RETAIL PRIVATE LIMITED,3495,SK2201HMDS,SKINKRAFT HYDRA BALANCE MOISTURIZER FOR SLIGHTLY DRY SKIN 45 ML,Production Released,PM,7156,5L00055,FRAGILE STICKER,100,DPO-002,1084,Draft,linked:PR,20
SO-00206,INCNUT LIFESTYLE RETAIL PRIVATE LIMITED,3527,SK2202BSFT,SKINKRAFT BRIGHTSIDE FACIAL TONER FOR OILY SKIN 100 ML,Production Released,PM,7156,5L00055,FRAGILE STICKER,20,DPO-002,1083,Draft,linked:PR,20
SO-00206,INCNUT LIFESTYLE RETAIL PRIVATE LIMITED,3527,SK2202BSFT,SKINKRAFT BRIGHTSIDE FACIAL TONER FOR OILY SKIN 100 ML,Production Released,PM,7156,5L00055,FRAGILE STICKER,20,DPO-002,1084,Draft,linked:PR,20
SO-00206,INCNUT LIFESTYLE RETAIL PRIVATE LIMITED,3527,SK2202BSFT,SKINKRAFT BRIGHTSIDE FACIAL TONER FOR OILY SKIN 100 ML,Production Released,PM,8931,5P00015,100ML SHIPPERS PRINTED 430*220*175 MM 5PLY(120GSM)PARTITION  5*10,20,EI/PO/26-27/912,1050,Released,unlinked,1000
SO-00204,INCNUT LIFESTYLE RETAIL PRIVATE LIMITED,3497,SK2202BSFT,SKINKRAFT BRIGHTSIDE FACIAL TONER FOR OILY SKIN 100 ML,Production Released,PM,7156,5L00055,FRAGILE STICKER,60,DPO-002,1083,Draft,linked:PR,20
SO-00204,INCNUT LIFESTYLE RETAIL PRIVATE LIMITED,3497,SK2202BSFT,SKINKRAFT BRIGHTSIDE FACIAL TONER FOR OILY SKIN 100 ML,Production Released,PM,7156,5L00055,FRAGILE STICKER,60,DPO-002,1084,Draft,linked:PR,20
SO-00204,INCNUT LIFESTYLE RETAIL PRIVATE LIMITED,3497,SK2202BSFT,SKINKRAFT BRIGHTSIDE FACIAL TONER FOR OILY SKIN 100 ML,Production Released,PM,8931,5P00015,100ML SHIPPERS PRINTED 430*220*175 MM 5PLY(120GSM)PARTITION  5*10,60,EI/PO/26-27/912,1050,Released,unlinked,1000
SO-00204,INCNUT LIFESTYLE RETAIL PRIVATE LIMITED,3493,SK2202DFCO,SKINKRAFT DEEP FACIAL CLEANSER FOR OILY SKIN 60 ML,Production Released,PM,6601,4000161,80 ML BLUE PET BOTTLE (PBL - RAD - PET CYLINDER N24MM - 60ML - OPP. SKY BLUE),3000,EI/PO/26-27/866,1018,Released,unlinked,29000
SO-00204,INCNUT LIFESTYLE RETAIL PRIVATE LIMITED,3493,SK2202DFCO,SKINKRAFT DEEP FACIAL CLEANSER FOR OILY SKIN 60 ML,Production Released,PM,6601,4000161,80 ML BLUE PET BOTTLE (PBL - RAD - PET CYLINDER N24MM - 60ML - OPP. SKY BLUE),3000,EI/PO/26-27/941,1069,Released,unlinked,21000
SO-00204,INCNUT LIFESTYLE RETAIL PRIVATE LIMITED,3493,SK2202DFCO,SKINKRAFT DEEP FACIAL CLEANSER FOR OILY SKIN 60 ML,Production Released,PM,7156,5L00055,FRAGILE STICKER,60,DPO-002,1083,Draft,linked:PR,20
SO-00204,INCNUT LIFESTYLE RETAIL PRIVATE LIMITED,3493,SK2202DFCO,SKINKRAFT DEEP FACIAL CLEANSER FOR OILY SKIN 60 ML,Production Released,PM,7156,5L00055,FRAGILE STICKER,60,DPO-002,1084,Draft,linked:PR,20
SO-00204,INCNUT LIFESTYLE RETAIL PRIVATE LIMITED,3499,SK2202GFTD,SK GLOW ON FACIAL TONER FOR SLIGHTLY DRY SKIN 100 ML,Production Released,PM,7156,5L00055,FRAGILE STICKER,60,DPO-002,1083,Draft,linked:PR,20
SO-00204,INCNUT LIFESTYLE RETAIL PRIVATE LIMITED,3499,SK2202GFTD,SK GLOW ON FACIAL TONER FOR SLIGHTLY DRY SKIN 100 ML,Production Released,PM,7156,5L00055,FRAGILE STICKER,60,DPO-002,1084,Draft,linked:PR,20
SO-00204,INCNUT LIFESTYLE RETAIL PRIVATE LIMITED,3499,SK2202GFTD,SK GLOW ON FACIAL TONER FOR SLIGHTLY DRY SKIN 100 ML,Production Released,PM,8931,5P00015,100ML SHIPPERS PRINTED 430*220*175 MM 5PLY(120GSM)PARTITION  5*10,60,EI/PO/26-27/912,1050,Released,unlinked,1000
SO-00204,INCNUT LIFESTYLE RETAIL PRIVATE LIMITED,3491,SK2112ASFC,SKINKRAFT ACNE SHIELD FACIAL CLEANSER FOR OILY SKIN 60 ML,Production Released,PM,6601,4000161,80 ML BLUE PET BOTTLE (PBL - RAD - PET CYLINDER N24MM - 60ML - OPP. SKY BLUE),3000,EI/PO/26-27/866,1018,Released,unlinked,29000
SO-00204,INCNUT LIFESTYLE RETAIL PRIVATE LIMITED,3491,SK2112ASFC,SKINKRAFT ACNE SHIELD FACIAL CLEANSER FOR OILY SKIN 60 ML,Production Released,PM,6601,4000161,80 ML BLUE PET BOTTLE (PBL - RAD - PET CYLINDER N24MM - 60ML - OPP. SKY BLUE),3000,EI/PO/26-27/941,1069,Released,unlinked,21000
SO-00204,INCNUT LIFESTYLE RETAIL PRIVATE LIMITED,3491,SK2112ASFC,SKINKRAFT ACNE SHIELD FACIAL CLEANSER FOR OILY SKIN 60 ML,Production Released,PM,7156,5L00055,FRAGILE STICKER,60,DPO-002,1083,Draft,linked:PR,20
SO-00204,INCNUT LIFESTYLE RETAIL PRIVATE LIMITED,3491,SK2112ASFC,SKINKRAFT ACNE SHIELD FACIAL CLEANSER FOR OILY SKIN 60 ML,Production Released,PM,7156,5L00055,FRAGILE STICKER,60,DPO-002,1084,Draft,linked:PR,20
SO-00204,INCNUT LIFESTYLE RETAIL PRIVATE LIMITED,3488,SK2110NPFM,SK NIACINAMIDE WITH PEPTIDE DERMA FIRM FACIAL MASK 100 GM,Production Released,PM,6748,4000449,"100 GM PP ROYAL JAR, LID & CAP IN ROUND WHITE COLOR- AG POLYPACKS",2000,EI/PO/26-27/886,1029,Released,unlinked,1260
SO-00204,INCNUT LIFESTYLE RETAIL PRIVATE LIMITED,3488,SK2110NPFM,SK NIACINAMIDE WITH PEPTIDE DERMA FIRM FACIAL MASK 100 GM,Production Released,PM,8937,5S00002,200 ML SHIPPER 500x250x200 mm with printing and 2 pads,55.4,EI/PO/26-27/809,990,Released,unlinked,3985
SO-00204,INCNUT LIFESTYLE RETAIL PRIVATE LIMITED,3488,SK2110NPFM,SK NIACINAMIDE WITH PEPTIDE DERMA FIRM FACIAL MASK 100 GM,Production Released,PM,7156,5L00055,FRAGILE STICKER,55.4,DPO-002,1083,Draft,linked:PR,20
SO-00204,INCNUT LIFESTYLE RETAIL PRIVATE LIMITED,3488,SK2110NPFM,SK NIACINAMIDE WITH PEPTIDE DERMA FIRM FACIAL MASK 100 GM,Production Released,PM,7156,5L00055,FRAGILE STICKER,55.4,DPO-002,1084,Draft,linked:PR,20
SO-00204,INCNUT LIFESTYLE RETAIL PRIVATE LIMITED,3504,SK2109SPS,SKINKRAFT SKIN PLUMPING FACIAL SERUM FOR DULL SKIN 30ML,Production Released,PM,7156,5L00055,FRAGILE STICKER,60,DPO-002,1083,Draft,linked:PR,20
SO-00204,INCNUT LIFESTYLE RETAIL PRIVATE LIMITED,3504,SK2109SPS,SKINKRAFT SKIN PLUMPING FACIAL SERUM FOR DULL SKIN 30ML,Production Released,PM,7156,5L00055,FRAGILE STICKER,60,DPO-002,1084,Draft,linked:PR,20
SO-00204,INCNUT LIFESTYLE RETAIL PRIVATE LIMITED,3494,SK0312URM,SK ULTRA RICH MOISTURIZER WITH CERAMIDE & SHEA BUTTER FOR DRY SKIN (PARABEN FREE) 45ML,Production Released,PM,6552,4000093,LW D201 WHITE PUMP,3000,EI/PO/26-27/909,1047,Released,unlinked,14000
SO-00204,INCNUT LIFESTYLE RETAIL PRIVATE LIMITED,3494,SK0312URM,SK ULTRA RICH MOISTURIZER WITH CERAMIDE & SHEA BUTTER FOR DRY SKIN (PARABEN FREE) 45ML,Production Released,PM,6552,4000093,LW D201 WHITE PUMP,3000,EI/PO/26-27/944,1072,Released,unlinked,50000
SO-00204,INCNUT LIFESTYLE RETAIL PRIVATE LIMITED,3494,SK0312URM,SK ULTRA RICH MOISTURIZER WITH CERAMIDE & SHEA BUTTER FOR DRY SKIN (PARABEN FREE) 45ML,Production Released,PM,6576,4000133,PBL-EPT-PET CYLINDER STEP SHOULDER N19MM-60ML-OPP.SKY BLUE,3000,EI/PO/26-27/943,1071,Released,unlinked,50000
SO-00204,INCNUT LIFESTYLE RETAIL PRIVATE LIMITED,3494,SK0312URM,SK ULTRA RICH MOISTURIZER WITH CERAMIDE & SHEA BUTTER FOR DRY SKIN (PARABEN FREE) 45ML,Production Released,PM,6592,4000150,SM03 WHITE CAP SK BARRIER RANGE OVERCAP - EPT,3000,EI/PO/26-27/943,1071,Released,unlinked,50000
SO-00204,INCNUT LIFESTYLE RETAIL PRIVATE LIMITED,3494,SK0312URM,SK ULTRA RICH MOISTURIZER WITH CERAMIDE & SHEA BUTTER FOR DRY SKIN (PARABEN FREE) 45ML,Production Released,PM,7156,5L00055,FRAGILE STICKER,60,DPO-002,1083,Draft,linked:PR,20
SO-00204,INCNUT LIFESTYLE RETAIL PRIVATE LIMITED,3494,SK0312URM,SK ULTRA RICH MOISTURIZER WITH CERAMIDE & SHEA BUTTER FOR DRY SKIN (PARABEN FREE) 45ML,Production Released,PM,7156,5L00055,FRAGILE STICKER,60,DPO-002,1084,Draft,linked:PR,20
SO-00204,INCNUT LIFESTYLE RETAIL PRIVATE LIMITED,3506,SK2108BFS,SKINKRAFT DARK SPOT BRIGHTENING FACIAL SERUM FOR DARK SPOTS 30 ML,Production Released,PM,7156,5L00055,FRAGILE STICKER,30,DPO-002,1083,Draft,linked:PR,20
SO-00204,INCNUT LIFESTYLE RETAIL PRIVATE LIMITED,3506,SK2108BFS,SKINKRAFT DARK SPOT BRIGHTENING FACIAL SERUM FOR DARK SPOTS 30 ML,Production Released,PM,7156,5L00055,FRAGILE STICKER,30,DPO-002,1084,Draft,linked:PR,20
SO-00204,INCNUT LIFESTYLE RETAIL PRIVATE LIMITED,3506,SK2108BFS,SKINKRAFT DARK SPOT BRIGHTENING FACIAL SERUM FOR DARK SPOTS 30 ML,Production Released,PM,9062,5P00001,30GB SHIPPER WITH PARTITION 370x370x120 5ply with printing & partion 10x10,30,EI/PO/26-27/687,943,Released,unlinked,2000
SO-00206,INCNUT LIFESTYLE RETAIL PRIVATE LIMITED,3532,SK2108BFS,SKINKRAFT DARK SPOT BRIGHTENING FACIAL SERUM FOR DARK SPOTS 30 ML,Production Released,PM,7156,5L00055,FRAGILE STICKER,20,DPO-002,1083,Draft,linked:PR,20
SO-00206,INCNUT LIFESTYLE RETAIL PRIVATE LIMITED,3532,SK2108BFS,SKINKRAFT DARK SPOT BRIGHTENING FACIAL SERUM FOR DARK SPOTS 30 ML,Production Released,PM,7156,5L00055,FRAGILE STICKER,20,DPO-002,1084,Draft,linked:PR,20
SO-00206,INCNUT LIFESTYLE RETAIL PRIVATE LIMITED,3532,SK2108BFS,SKINKRAFT DARK SPOT BRIGHTENING FACIAL SERUM FOR DARK SPOTS 30 ML,Production Released,PM,9062,5P00001,30GB SHIPPER WITH PARTITION 370x370x120 5ply with printing & partion 10x10,20,EI/PO/26-27/687,943,Released,unlinked,2000
SO-00206,INCNUT LIFESTYLE RETAIL PRIVATE LIMITED,3536,SK2109NBRG,SKINKRAFT BARRIER REPAIR MOISTURIZING GEL FOR DRY & NORMAL SKIN 40ML,Production Released,PM,7156,5L00055,FRAGILE STICKER,85.48,DPO-002,1083,Draft,linked:PR,20
SO-00206,INCNUT LIFESTYLE RETAIL PRIVATE LIMITED,3536,SK2109NBRG,SKINKRAFT BARRIER REPAIR MOISTURIZING GEL FOR DRY & NORMAL SKIN 40ML,Production Released,PM,7156,5L00055,FRAGILE STICKER,85.48,DPO-002,1084,Draft,linked:PR,20
SO-00206,INCNUT LIFESTYLE RETAIL PRIVATE LIMITED,3536,SK2109NBRG,SKINKRAFT BARRIER REPAIR MOISTURIZING GEL FOR DRY & NORMAL SKIN 40ML,Production Released,PM,6576,4000133,PBL-EPT-PET CYLINDER STEP SHOULDER N19MM-60ML-OPP.SKY BLUE,4274,EI/PO/26-27/943,1071,Released,unlinked,50000
SO-00206,INCNUT LIFESTYLE RETAIL PRIVATE LIMITED,3536,SK2109NBRG,SKINKRAFT BARRIER REPAIR MOISTURIZING GEL FOR DRY & NORMAL SKIN 40ML,Production Released,PM,6592,4000150,SM03 WHITE CAP SK BARRIER RANGE OVERCAP - EPT,4274,EI/PO/26-27/943,1071,Released,unlinked,50000
SO-00206,INCNUT LIFESTYLE RETAIL PRIVATE LIMITED,3536,SK2109NBRG,SKINKRAFT BARRIER REPAIR MOISTURIZING GEL FOR DRY & NORMAL SKIN 40ML,Production Released,PM,6552,4000093,LW D201 WHITE PUMP,4274,EI/PO/26-27/909,1047,Released,unlinked,14000
SO-00206,INCNUT LIFESTYLE RETAIL PRIVATE LIMITED,3536,SK2109NBRG,SKINKRAFT BARRIER REPAIR MOISTURIZING GEL FOR DRY & NORMAL SKIN 40ML,Production Released,PM,6552,4000093,LW D201 WHITE PUMP,4274,EI/PO/26-27/944,1072,Released,unlinked,50000
SO-00204,INCNUT LIFESTYLE RETAIL PRIVATE LIMITED,3514,SK2109NBRG,SKINKRAFT BARRIER REPAIR MOISTURIZING GEL FOR DRY & NORMAL SKIN 40ML,Production Released,PM,7156,5L00055,FRAGILE STICKER,460,DPO-002,1083,Draft,linked:PR,20
SO-00204,INCNUT LIFESTYLE RETAIL PRIVATE LIMITED,3514,SK2109NBRG,SKINKRAFT BARRIER REPAIR MOISTURIZING GEL FOR DRY & NORMAL SKIN 40ML,Production Released,PM,7156,5L00055,FRAGILE STICKER,460,DPO-002,1084,Draft,linked:PR,20
SO-00204,INCNUT LIFESTYLE RETAIL PRIVATE LIMITED,3514,SK2109NBRG,SKINKRAFT BARRIER REPAIR MOISTURIZING GEL FOR DRY & NORMAL SKIN 40ML,Production Released,PM,6576,4000133,PBL-EPT-PET CYLINDER STEP SHOULDER N19MM-60ML-OPP.SKY BLUE,23000,EI/PO/26-27/943,1071,Released,unlinked,50000
SO-00204,INCNUT LIFESTYLE RETAIL PRIVATE LIMITED,3514,SK2109NBRG,SKINKRAFT BARRIER REPAIR MOISTURIZING GEL FOR DRY & NORMAL SKIN 40ML,Production Released,PM,6592,4000150,SM03 WHITE CAP SK BARRIER RANGE OVERCAP - EPT,23000,EI/PO/26-27/943,1071,Released,unlinked,50000
SO-00204,INCNUT LIFESTYLE RETAIL PRIVATE LIMITED,3514,SK2109NBRG,SKINKRAFT BARRIER REPAIR MOISTURIZING GEL FOR DRY & NORMAL SKIN 40ML,Production Released,PM,6552,4000093,LW D201 WHITE PUMP,23000,EI/PO/26-27/909,1047,Released,unlinked,14000
SO-00204,INCNUT LIFESTYLE RETAIL PRIVATE LIMITED,3514,SK2109NBRG,SKINKRAFT BARRIER REPAIR MOISTURIZING GEL FOR DRY & NORMAL SKIN 40ML,Production Released,PM,6552,4000093,LW D201 WHITE PUMP,23000,EI/PO/26-27/944,1072,Released,unlinked,50000
SO-00679,MakeO Healthcare Technologies Pvt Ltd,3268,PR0006792,MAKEO ACNE AWAY PORE PERFECTING TONER 100ML,Production Released,PM,7156,5L00055,FRAGILE STICKER,4.898,DPO-002,1083,Draft,linked:PR,20
SO-00679,MakeO Healthcare Technologies Pvt Ltd,3268,PR0006792,MAKEO ACNE AWAY PORE PERFECTING TONER 100ML,Production Released,PM,7156,5L00055,FRAGILE STICKER,4.898,DPO-002,1084,Draft,linked:PR,20
SO-00679,MakeO Healthcare Technologies Pvt Ltd,3268,PR0006792,MAKEO ACNE AWAY PORE PERFECTING TONER 100ML,Production Released,PM,8731,5M00926,MAKE O ACNE AWAY PORE PERFECTING TONER 100ML MONOCARTON,158,EI/PO/26-27/667,948,Released,unlinked,1000
SO-00679,MakeO Healthcare Technologies Pvt Ltd,3268,PR0006792,MAKEO ACNE AWAY PORE PERFECTING TONER 100ML,Production Released,PM,7967,5L01554,MAKE O ACNE AWAY PORE PERFECTING TONER 100ML LABEL,158,EI/PO/26-27/667,948,Released,unlinked,1000
SO-00600,Sweta Clinics Ultima,3295,PR0003569,ULTIMA NS VITALS HAIR SERUM 50 ML,Production Released,PM,6514,4000008,GBL-VG-DROPPER-50ML-AMBER,258,EI/PO/26-27/871,1020,Released,unlinked,500
SO-00600,Sweta Clinics Ultima,3295,PR0003569,ULTIMA NS VITALS HAIR SERUM 50 ML,Production Released,PM,7156,5L00055,FRAGILE STICKER,8.0496,DPO-002,1083,Draft,linked:PR,20
SO-00600,Sweta Clinics Ultima,3295,PR0003569,ULTIMA NS VITALS HAIR SERUM 50 ML,Production Released,PM,7156,5L00055,FRAGILE STICKER,8.0496,DPO-002,1084,Draft,linked:PR,20
SO-00600,Sweta Clinics Ultima,3295,PR0003569,ULTIMA NS VITALS HAIR SERUM 50 ML,Production Released,PM,8937,5S00002,200 ML SHIPPER 500x250x200 mm with printing and 2 pads,8.0496,EI/PO/26-27/809,990,Released,unlinked,3985
SO-00117,OLIVA SKIN AND HAIR CLINIC,3423,PR0003987,OLIVA REBALANCING SERUM MOISTURIZER FOR OILY/ COMBINATION SKIN 50 ML,Production Released,PM,6594,4000152,PET MILKY ALPHA BOTTLE 60 ML 20 MM NECK,3000,EI/PO/26-27/864,1016,Released,unlinked,15000
SO-00117,OLIVA SKIN AND HAIR CLINIC,3423,PR0003987,OLIVA REBALANCING SERUM MOISTURIZER FOR OILY/ COMBINATION SKIN 50 ML,Production Released,PM,6552,4000093,LW D201 WHITE PUMP,3000,EI/PO/26-27/909,1047,Released,unlinked,14000
SO-00117,OLIVA SKIN AND HAIR CLINIC,3423,PR0003987,OLIVA REBALANCING SERUM MOISTURIZER FOR OILY/ COMBINATION SKIN 50 ML,Production Released,PM,6552,4000093,LW D201 WHITE PUMP,3000,EI/PO/26-27/944,1072,Released,unlinked,50000
SO-00117,OLIVA SKIN AND HAIR CLINIC,3423,PR0003987,OLIVA REBALANCING SERUM MOISTURIZER FOR OILY/ COMBINATION SKIN 50 ML,Production Released,PM,7156,5L00055,FRAGILE STICKER,60,DPO-002,1083,Draft,linked:PR,20
SO-00117,OLIVA SKIN AND HAIR CLINIC,3423,PR0003987,OLIVA REBALANCING SERUM MOISTURIZER FOR OILY/ COMBINATION SKIN 50 ML,Production Released,PM,7156,5L00055,FRAGILE STICKER,60,DPO-002,1084,Draft,linked:PR,20
SO-00077,VENUS HOLISTIC SERVICES PRIVATE LIMITED,3404,PR0004688,ROMA DERMA ULTRA SHIELD SUN-SAFE SUNSCREEN SPF 30 PA++++ 100 ML,Production Released,PM,6516,4000011,100 ML PET SLEEK BOTTLE - WHITE,150,EI/PO/26-27/853,1010,Released,unlinked,675
SO-00077,VENUS HOLISTIC SERVICES PRIVATE LIMITED,3404,PR0004688,ROMA DERMA ULTRA SHIELD SUN-SAFE SUNSCREEN SPF 30 PA++++ 100 ML,Production Released,PM,6590,4000148,LOCK UP CLIP - WHITE,150,EI/PO/26-27/818,993,Released,unlinked,10000
SO-00077,VENUS HOLISTIC SERVICES PRIVATE LIMITED,3404,PR0004688,ROMA DERMA ULTRA SHIELD SUN-SAFE SUNSCREEN SPF 30 PA++++ 100 ML,Production Released,PM,7156,5L00055,FRAGILE STICKER,4.65,DPO-002,1083,Draft,linked:PR,20
SO-00077,VENUS HOLISTIC SERVICES PRIVATE LIMITED,3404,PR0004688,ROMA DERMA ULTRA SHIELD SUN-SAFE SUNSCREEN SPF 30 PA++++ 100 ML,Production Released,PM,7156,5L00055,FRAGILE STICKER,4.65,DPO-002,1084,Draft,linked:PR,20
SO-00077,VENUS HOLISTIC SERVICES PRIVATE LIMITED,3404,PR0004688,ROMA DERMA ULTRA SHIELD SUN-SAFE SUNSCREEN SPF 30 PA++++ 100 ML,Production Released,PM,8937,5S00002,200 ML SHIPPER 500x250x200 mm with printing and 2 pads,4.68,EI/PO/26-27/809,990,Released,unlinked,3985
SO-00566,OLIVA SKIN AND HAIR CLINIC,3389,PR0004238,OLIVA BRIGHTENING PROTECT SUNSCREEN SPF 50 PA ++++ 50-ML,Production Released,PM,7013,4001079,50 ml white airless bottle and pump set ( India ),1500,EI/PO/26-27/850,1007,Released,unlinked,5000
SO-00566,OLIVA SKIN AND HAIR CLINIC,3389,PR0004238,OLIVA BRIGHTENING PROTECT SUNSCREEN SPF 50 PA ++++ 50-ML,Production Released,PM,7013,4001079,50 ml white airless bottle and pump set ( India ),1500,EI/PO/26-27/891,1032,Released,unlinked,8000
SO-00566,OLIVA SKIN AND HAIR CLINIC,3389,PR0004238,OLIVA BRIGHTENING PROTECT SUNSCREEN SPF 50 PA ++++ 50-ML,Production Released,PM,7013,4001079,50 ml white airless bottle and pump set ( India ),1500,EI/PO/26-27/945,1073,Released,unlinked,10000
SO-00566,OLIVA SKIN AND HAIR CLINIC,3389,PR0004238,OLIVA BRIGHTENING PROTECT SUNSCREEN SPF 50 PA ++++ 50-ML,Production Released,PM,7156,5L00055,FRAGILE STICKER,15,DPO-002,1083,Draft,linked:PR,20
SO-00566,OLIVA SKIN AND HAIR CLINIC,3389,PR0004238,OLIVA BRIGHTENING PROTECT SUNSCREEN SPF 50 PA ++++ 50-ML,Production Released,PM,7156,5L00055,FRAGILE STICKER,15,DPO-002,1084,Draft,linked:PR,20
SO-00506,MED MANOR ORGANICS PVT LTD..,3395,PR0004015,MAXEMO 150 ML,Production Released,PM,7156,5L00055,FRAGILE STICKER,240,DPO-002,1083,Draft,linked:PR,20
SO-00506,MED MANOR ORGANICS PVT LTD..,3395,PR0004015,MAXEMO 150 ML,Production Released,PM,7156,5L00055,FRAGILE STICKER,240,DPO-002,1084,Draft,linked:PR,20
SO-00506,MED MANOR ORGANICS PVT LTD..,3395,PR0004015,MAXEMO 150 ML,Production Released,PM,8617,5M00791,MEDMANOR MOISTAR MAXIMO MOISTURIZING LOTION 150 ML MONOCARTON,5000,EI/PO/26-27/398,938,Released,other-ref,5150
SO-00506,MED MANOR ORGANICS PVT LTD..,3395,PR0004015,MAXEMO 150 ML,Production Released,PM,6923,4000915,24/410 MM ON OFF DISPENSER WHITE (WITHOUT KNURLING) WITH LOCK UP,5000,EI/PO/26-27/858,1013,Released,unlinked,14000
SO-00506,MED MANOR ORGANICS PVT LTD..,3395,PR0004015,MAXEMO 150 ML,Production Released,PM,8937,5S00002,200 ML SHIPPER 500x250x200 mm with printing and 2 pads,238,EI/PO/26-27/809,990,Released,unlinked,3985
SO-00133,MED MANOR ORGANICS PVT LTD..,3436,PR0004015,MAXEMO 150 ML,Production Released,PM,7156,5L00055,FRAGILE STICKER,240,DPO-002,1083,Draft,linked:PR,20
SO-00133,MED MANOR ORGANICS PVT LTD..,3436,PR0004015,MAXEMO 150 ML,Production Released,PM,7156,5L00055,FRAGILE STICKER,240,DPO-002,1084,Draft,linked:PR,20
SO-00133,MED MANOR ORGANICS PVT LTD..,3436,PR0004015,MAXEMO 150 ML,Production Released,PM,8617,5M00791,MEDMANOR MOISTAR MAXIMO MOISTURIZING LOTION 150 ML MONOCARTON,5000,EI/PO/26-27/398,938,Released,other-ref,5150
SO-00133,MED MANOR ORGANICS PVT LTD..,3436,PR0004015,MAXEMO 150 ML,Production Released,PM,6923,4000915,24/410 MM ON OFF DISPENSER WHITE (WITHOUT KNURLING) WITH LOCK UP,5000,EI/PO/26-27/858,1013,Released,unlinked,14000
SO-00133,MED MANOR ORGANICS PVT LTD..,3436,PR0004015,MAXEMO 150 ML,Production Released,PM,8937,5S00002,200 ML SHIPPER 500x250x200 mm with printing and 2 pads,238,EI/PO/26-27/809,990,Released,unlinked,3985
SO-00052,Peach Enterprises,3345,PR0006863,PEACH SKIN CARE EPIGLOW RADIANCE SPOT CORRECTION & BRIGHTENING SERUM 50ML,Production Released,PM,7156,5L00055,FRAGILE STICKER,50,DPO-002,1083,Draft,linked:PR,20
SO-00052,Peach Enterprises,3345,PR0006863,PEACH SKIN CARE EPIGLOW RADIANCE SPOT CORRECTION & BRIGHTENING SERUM 50ML,Production Released,PM,7156,5L00055,FRAGILE STICKER,50,DPO-002,1084,Draft,linked:PR,20
SO-00052,Peach Enterprises,3345,PR0006863,PEACH SKIN CARE EPIGLOW RADIANCE SPOT CORRECTION & BRIGHTENING SERUM 50ML,Production Released,PM,8937,5S00002,200 ML SHIPPER 500x250x200 mm with printing and 2 pads,50,EI/PO/26-27/809,990,Released,unlinked,3985
SO-00052,Peach Enterprises,3345,PR0006863,PEACH SKIN CARE EPIGLOW RADIANCE SPOT CORRECTION & BRIGHTENING SERUM 50ML,Production Released,PM,8930,5000127,TRANSPARENT VOID TAMPER STICKER,2000,EI/PO/26-27/795,986,Released,unlinked,10000
SO-00071,Dr. Deepthi Atmakuri,3402,PR0006780,TYPE 4 HAIR MASQUE 200 ML,Production Released,PM,9093,5L01701,TYPE 4 HAIR MASQUE 200ML LABEL,100,EI/PO/26-27/908,1046,Released,unlinked,100
SO-00071,Dr. Deepthi Atmakuri,3402,PR0006780,TYPE 4 HAIR MASQUE 200 ML,Production Released,PM,8937,5S00002,200 ML SHIPPER 500x250x200 mm with printing and 2 pads,6.25,EI/PO/26-27/809,990,Released,unlinked,3985
SO-00071,Dr. Deepthi Atmakuri,3402,PR0006780,TYPE 4 HAIR MASQUE 200 ML,Production Released,PM,7156,5L00055,FRAGILE STICKER,6.25,DPO-002,1083,Draft,linked:PR,20
SO-00071,Dr. Deepthi Atmakuri,3402,PR0006780,TYPE 4 HAIR MASQUE 200 ML,Production Released,PM,7156,5L00055,FRAGILE STICKER,6.25,DPO-002,1084,Draft,linked:PR,20
SO-00098,IRA HEALTH CARE,3415,PR0004101,RESVA UNDER EYE SERUM 15 ML,Production Released,PM,7156,5L00055,FRAGILE STICKER,1,DPO-002,1083,Draft,linked:PR,20
SO-00098,IRA HEALTH CARE,3415,PR0004101,RESVA UNDER EYE SERUM 15 ML,Production Released,PM,7156,5L00055,FRAGILE STICKER,1,DPO-002,1084,Draft,linked:PR,20
SO-00098,IRA HEALTH CARE,3415,PR0004101,RESVA UNDER EYE SERUM 15 ML,Production Released,PM,8152,5M00033,RESVA UNDER EYE SERUM 15 ML MONOCARTON,100,EI/PO/26-27/840,1004,Released,unlinked,120
SO-00098,IRA HEALTH CARE,3415,PR0004101,RESVA UNDER EYE SERUM 15 ML,Production Released,PM,8937,5S00002,200 ML SHIPPER 500x250x200 mm with printing and 2 pads,1,EI/PO/26-27/809,990,Released,unlinked,3985
SO-00098,IRA HEALTH CARE,3415,PR0004101,RESVA UNDER EYE SERUM 15 ML,Production Released,PM,8930,5000127,TRANSPARENT VOID TAMPER STICKER,200,EI/PO/26-27/795,986,Released,unlinked,10000
SO-00076,SN Hospital,3312,PR0005905,SN SKIN & HAIR SUN DRENCH GLOWY SUNSCREEN SPF 50 PA+++ 50 ML,Production Released,PM,7288,5L00385,SN SKIN & HAIR SUN DRENCH GLOWY SUNSCREEN 50 ML LABEL,35,EI/PO/26-27/829,997,Released,unlinked,500
SO-00076,SN Hospital,3312,PR0005905,SN SKIN & HAIR SUN DRENCH GLOWY SUNSCREEN SPF 50 PA+++ 50 ML,Production Released,PM,7156,5L00055,FRAGILE STICKER,1.085,DPO-002,1083,Draft,linked:PR,20
SO-00076,SN Hospital,3312,PR0005905,SN SKIN & HAIR SUN DRENCH GLOWY SUNSCREEN SPF 50 PA+++ 50 ML,Production Released,PM,7156,5L00055,FRAGILE STICKER,1.085,DPO-002,1084,Draft,linked:PR,20
SO-00076,SN Hospital,3312,PR0005905,SN SKIN & HAIR SUN DRENCH GLOWY SUNSCREEN SPF 50 PA+++ 50 ML,Production Released,PM,8937,5S00002,200 ML SHIPPER 500x250x200 mm with printing and 2 pads,1.092,EI/PO/26-27/809,990,Released,unlinked,3985
SO-00076,SN Hospital,3312,PR0005905,SN SKIN & HAIR SUN DRENCH GLOWY SUNSCREEN SPF 50 PA+++ 50 ML,Production Released,PM,8930,5000127,TRANSPARENT VOID TAMPER STICKER,70,EI/PO/26-27/795,986,Released,unlinked,10000
SO-00099,IRA HEALTH CARE,3416,PR0004905,RESVA SKIN QUENCH FACE HYDRATING SERUM 30ML,Production Released,PM,8475,5M00560,RESVA SKIN QUENCH FACE HYDRATING SERUM 30ML MONO CARTON,100,EI/PO/26-27/840,1004,Released,unlinked,120
SO-00099,IRA HEALTH CARE,3416,PR0004905,RESVA SKIN QUENCH FACE HYDRATING SERUM 30ML,Production Released,PM,7156,5L00055,FRAGILE STICKER,2,DPO-002,1083,Draft,linked:PR,20
SO-00099,IRA HEALTH CARE,3416,PR0004905,RESVA SKIN QUENCH FACE HYDRATING SERUM 30ML,Production Released,PM,7156,5L00055,FRAGILE STICKER,2,DPO-002,1084,Draft,linked:PR,20
SO-00099,IRA HEALTH CARE,3416,PR0004905,RESVA SKIN QUENCH FACE HYDRATING SERUM 30ML,Production Released,PM,8930,5000127,TRANSPARENT VOID TAMPER STICKER,200,EI/PO/26-27/795,986,Released,unlinked,10000
SO-00099,IRA HEALTH CARE,3416,PR0004905,RESVA SKIN QUENCH FACE HYDRATING SERUM 30ML,Production Released,PM,8937,5S00002,200 ML SHIPPER 500x250x200 mm with printing and 2 pads,2,EI/PO/26-27/809,990,Released,unlinked,3985
SO-00049,SADHAVI WELLNESS PRIVATE LIMITED,3348,PR0005021,YPLAYZ CLEAR CLUB LIGHTWEIGHT ACNE MOISTURISER 50ML,Production Released,PM,8591,5M00748,YPLAYZ CLEAR CLUB LIGHTWEIGHT ACNE MOISTURISER 50ML MONOCARTON,5000,EI/PO/26-27/798,987,Released,unlinked,5000
SO-00049,SADHAVI WELLNESS PRIVATE LIMITED,3348,PR0005021,YPLAYZ CLEAR CLUB LIGHTWEIGHT ACNE MOISTURISER 50ML,Production Released,PM,7156,5L00055,FRAGILE STICKER,80,DPO-002,1083,Draft,linked:PR,20
SO-00049,SADHAVI WELLNESS PRIVATE LIMITED,3348,PR0005021,YPLAYZ CLEAR CLUB LIGHTWEIGHT ACNE MOISTURISER 50ML,Production Released,PM,7156,5L00055,FRAGILE STICKER,80,DPO-002,1084,Draft,linked:PR,20
SO-00049,SADHAVI WELLNESS PRIVATE LIMITED,3348,PR0005021,YPLAYZ CLEAR CLUB LIGHTWEIGHT ACNE MOISTURISER 50ML,Production Released,PM,6794,4000523,50ML AIRLESS JAR SET (SADHAVI WELLNESS),5000,EI/PO/26-27/816,991,Released,unlinked,5000
SO-00049,SADHAVI WELLNESS PRIVATE LIMITED,3348,PR0005021,YPLAYZ CLEAR CLUB LIGHTWEIGHT ACNE MOISTURISER 50ML,Production Released,PM,7799,5L01298,YPLAYZ CLEAR CLUB LIGHTWEIGHT ACNE MOISTURISER 50ML LABEL,5000,EI/PO/26-27/924,1057,Released,unlinked,5000
SO-00049,SADHAVI WELLNESS PRIVATE LIMITED,3348,PR0005021,YPLAYZ CLEAR CLUB LIGHTWEIGHT ACNE MOISTURISER 50ML,Production Released,PM,8937,5S00002,200 ML SHIPPER 500x250x200 mm with printing and 2 pads,78,EI/PO/26-27/809,990,Released,unlinked,3985
SO-00070,Dr. Deepthi Atmakuri,3401,PR0006781,TYPE 4 GET SET GLOW CLEANSER 100 ML,Production Released,PM,6516,4000011,100 ML PET SLEEK BOTTLE - WHITE,200,EI/PO/26-27/853,1010,Released,unlinked,675
SO-00070,Dr. Deepthi Atmakuri,3401,PR0006781,TYPE 4 GET SET GLOW CLEANSER 100 ML,Production Released,PM,8937,5S00002,200 ML SHIPPER 500x250x200 mm with printing and 2 pads,6.24,EI/PO/26-27/809,990,Released,unlinked,3985
SO-00070,Dr. Deepthi Atmakuri,3401,PR0006781,TYPE 4 GET SET GLOW CLEANSER 100 ML,Production Released,PM,7156,5L00055,FRAGILE STICKER,6.24,DPO-002,1083,Draft,linked:PR,20
SO-00070,Dr. Deepthi Atmakuri,3401,PR0006781,TYPE 4 GET SET GLOW CLEANSER 100 ML,Production Released,PM,7156,5L00055,FRAGILE STICKER,6.24,DPO-002,1084,Draft,linked:PR,20
SO-00070,Dr. Deepthi Atmakuri,3401,PR0006781,TYPE 4 GET SET GLOW CLEANSER 100 ML,Production Released,PM,8930,5000127,TRANSPARENT VOID TAMPER STICKER,400,EI/PO/26-27/795,986,Released,unlinked,10000
SO-00070,Dr. Deepthi Atmakuri,3401,PR0006781,TYPE 4 GET SET GLOW CLEANSER 100 ML,Production Released,PM,9091,5L01700,TYPE 4 GET SET GLOW CLEANSER 100ML LABEL,200,EI/PO/26-27/908,1046,Released,unlinked,200
SO-00070,Dr. Deepthi Atmakuri,3401,PR0006781,TYPE 4 GET SET GLOW CLEANSER 100 ML,Production Released,PM,9092,5M01043,TYPE 4 GET SET GLOW CLEANSER 100ML MONOCARTON,200,EI/PO/26-27/908,1046,Released,unlinked,200
SO-00050,SADHAVI WELLNESS PRIVATE LIMITED,3347,PR0005020,YPLAYZ CLEAR MY WAY NON-DRYING ACNE FACE WASH 50ML,Production Released,PM,6795,4000524,50ML SLEEK AIRLESS BOTTLE SET (SADHAVI WELLNESS),5000,EI/PO/26-27/816,991,Released,unlinked,5000
SO-00050,SADHAVI WELLNESS PRIVATE LIMITED,3347,PR0005020,YPLAYZ CLEAR MY WAY NON-DRYING ACNE FACE WASH 50ML,Production Released,PM,8592,5M00749,Yplayz Clear My Way Non-Drying Acne Face Wash 50ml Monocarton,5000,EI/PO/26-27/798,987,Released,unlinked,5000
SO-00050,SADHAVI WELLNESS PRIVATE LIMITED,3347,PR0005020,YPLAYZ CLEAR MY WAY NON-DRYING ACNE FACE WASH 50ML,Production Released,PM,7156,5L00055,FRAGILE STICKER,50,DPO-002,1083,Draft,linked:PR,20
SO-00050,SADHAVI WELLNESS PRIVATE LIMITED,3347,PR0005020,YPLAYZ CLEAR MY WAY NON-DRYING ACNE FACE WASH 50ML,Production Released,PM,7156,5L00055,FRAGILE STICKER,50,DPO-002,1084,Draft,linked:PR,20
SO-00050,SADHAVI WELLNESS PRIVATE LIMITED,3347,PR0005020,YPLAYZ CLEAR MY WAY NON-DRYING ACNE FACE WASH 50ML,Production Released,PM,7800,5L01299,Yplayz Clear My Way Non-Drying Acne Face Wash 50ml Label,5000,EI/PO/26-27/924,1057,Released,unlinked,5000
SO-00050,SADHAVI WELLNESS PRIVATE LIMITED,3347,PR0005020,YPLAYZ CLEAR MY WAY NON-DRYING ACNE FACE WASH 50ML,Production Released,PM,8937,5S00002,200 ML SHIPPER 500x250x200 mm with printing and 2 pads,51,EI/PO/26-27/809,990,Released,unlinked,3985
SO-00043,SOUL SKIN CLINIC LLP,3354,PR0006716,Skn Snax Gel Face Wash 75ml,Production Released,PM,8040,5L01684,SKN SNAX GEL FACE WASH 75 ML LABEL,1150,EI/PO/26-27/776,978,Released,unlinked,1500
SO-00043,SOUL SKIN CLINIC LLP,3354,PR0006716,Skn Snax Gel Face Wash 75ml,Production Released,PM,8040,5L01684,SKN SNAX GEL FACE WASH 75 ML LABEL,1150,EI/PO/26-27/691,941,Released,other-ref,10
SO-00043,SOUL SKIN CLINIC LLP,3354,PR0006716,Skn Snax Gel Face Wash 75ml,Production Released,PM,7156,5L00055,FRAGILE STICKER,25.3,DPO-002,1083,Draft,linked:PR,20
SO-00043,SOUL SKIN CLINIC LLP,3354,PR0006716,Skn Snax Gel Face Wash 75ml,Production Released,PM,7156,5L00055,FRAGILE STICKER,25.3,DPO-002,1084,Draft,linked:PR,20
SO-00043,SOUL SKIN CLINIC LLP,3354,PR0006716,Skn Snax Gel Face Wash 75ml,Production Released,PM,8786,5M01025,SKN SNAX GEL FACE WASH 75 ML OUTER MONOCARTON,1150,EI/PO/26-27/691,941,Released,other-ref,2
SO-00043,SOUL SKIN CLINIC LLP,3354,PR0006716,Skn Snax Gel Face Wash 75ml,Production Released,PM,8786,5M01025,SKN SNAX GEL FACE WASH 75 ML OUTER MONOCARTON,1150,EI/PO/26-27/743,970,Released,unlinked,1200
SO-00043,SOUL SKIN CLINIC LLP,3354,PR0006716,Skn Snax Gel Face Wash 75ml,Production Released,PM,8787,5M01026,SKN SNAX GEL FACE WASH 75 ML INNER MONOCARTON,1150,EI/PO/26-27/691,941,Released,other-ref,2
SO-00043,SOUL SKIN CLINIC LLP,3354,PR0006716,Skn Snax Gel Face Wash 75ml,Production Released,PM,8787,5M01026,SKN SNAX GEL FACE WASH 75 ML INNER MONOCARTON,1150,EI/PO/26-27/743,970,Released,unlinked,1200
SO-00043,SOUL SKIN CLINIC LLP,3354,PR0006716,Skn Snax Gel Face Wash 75ml,Production Released,PM,8937,5S00002,200 ML SHIPPER 500x250x200 mm with printing and 2 pads,25.3,EI/PO/26-27/809,990,Released,unlinked,3985
SO-00044,SOUL SKIN CLINIC LLP,3353,PR0006718,Skn Snax - Hydrating Moisturizer Gel 50ml,Production Released,PM,7156,5L00055,FRAGILE STICKER,18.4,DPO-002,1083,Draft,linked:PR,20
SO-00044,SOUL SKIN CLINIC LLP,3353,PR0006718,Skn Snax - Hydrating Moisturizer Gel 50ml,Production Released,PM,7156,5L00055,FRAGILE STICKER,18.4,DPO-002,1084,Draft,linked:PR,20
SO-00044,SOUL SKIN CLINIC LLP,3353,PR0006718,Skn Snax - Hydrating Moisturizer Gel 50ml,Production Released,PM,8038,5L01682,SKN SNAX HYDRATING MOISTURIZER GEL 50 ML LABEL,1150,EI/PO/26-27/776,978,Released,unlinked,1500
SO-00044,SOUL SKIN CLINIC LLP,3353,PR0006718,Skn Snax - Hydrating Moisturizer Gel 50ml,Production Released,PM,8038,5L01682,SKN SNAX HYDRATING MOISTURIZER GEL 50 ML LABEL,1150,EI/PO/26-27/691,941,Released,other-ref,10
SO-00044,SOUL SKIN CLINIC LLP,3353,PR0006718,Skn Snax - Hydrating Moisturizer Gel 50ml,Production Released,PM,8790,5M01029,SKN SNAX HYDRATING MOISTURIZER GEL 50 ML OUTER MONOCARTON,1150,EI/PO/26-27/691,941,Released,other-ref,2
SO-00044,SOUL SKIN CLINIC LLP,3353,PR0006718,Skn Snax - Hydrating Moisturizer Gel 50ml,Production Released,PM,8790,5M01029,SKN SNAX HYDRATING MOISTURIZER GEL 50 ML OUTER MONOCARTON,1150,EI/PO/26-27/743,970,Released,unlinked,1200
SO-00044,SOUL SKIN CLINIC LLP,3353,PR0006718,Skn Snax - Hydrating Moisturizer Gel 50ml,Production Released,PM,8791,5M01030,SKN SNAX HYDRATING MOISTURIZER GEL 50 ML INNER MONOCARTON,1150,EI/PO/26-27/691,941,Released,other-ref,2
SO-00044,SOUL SKIN CLINIC LLP,3353,PR0006718,Skn Snax - Hydrating Moisturizer Gel 50ml,Production Released,PM,8791,5M01030,SKN SNAX HYDRATING MOISTURIZER GEL 50 ML INNER MONOCARTON,1150,EI/PO/26-27/743,970,Released,unlinked,1200
SO-00044,SOUL SKIN CLINIC LLP,3353,PR0006718,Skn Snax - Hydrating Moisturizer Gel 50ml,Production Released,PM,8937,5S00002,200 ML SHIPPER 500x250x200 mm with printing and 2 pads,18.4,EI/PO/26-27/809,990,Released,unlinked,3985
SO-00166,Deca Healthcare,3456,PR0004604,UV BRIGHT MATTE SILICON SUNSCREEN SPF 50 PA ++++ 50ML,Production Released,PM,8930,5000127,TRANSPARENT VOID TAMPER STICKER,4000,EI/PO/26-27/795,986,Released,unlinked,10000
SO-00166,Deca Healthcare,3456,PR0004604,UV BRIGHT MATTE SILICON SUNSCREEN SPF 50 PA ++++ 50ML,Production Released,PM,8615,5M00788,UV BRIGHT MATTE SILICON  SUNSCREEN SPF 50 PA ++++ 50ML MONOCARTON,2000,EI/PO/26-27/929,1061,Released,unlinked,2000
SO-00166,Deca Healthcare,3456,PR0004604,UV BRIGHT MATTE SILICON SUNSCREEN SPF 50 PA ++++ 50ML,Production Released,PM,7833,5L01342,UV BRIGHT MATTE  SILICON SUNSCREEN SPF 50 PA ++++ 50ML LABEL,2000,EI/PO/26-27/933,1064,Released,unlinked,2000
SO-00166,Deca Healthcare,3456,PR0004604,UV BRIGHT MATTE SILICON SUNSCREEN SPF 50 PA ++++ 50ML,Production Released,PM,7013,4001079,50 ml white airless bottle and pump set ( India ),2000,EI/PO/26-27/850,1007,Released,unlinked,5000
SO-00166,Deca Healthcare,3456,PR0004604,UV BRIGHT MATTE SILICON SUNSCREEN SPF 50 PA ++++ 50ML,Production Released,PM,7013,4001079,50 ml white airless bottle and pump set ( India ),2000,EI/PO/26-27/891,1032,Released,unlinked,8000
SO-00166,Deca Healthcare,3456,PR0004604,UV BRIGHT MATTE SILICON SUNSCREEN SPF 50 PA ++++ 50ML,Production Released,PM,7013,4001079,50 ml white airless bottle and pump set ( India ),2000,EI/PO/26-27/945,1073,Released,unlinked,10000
SO-00166,Deca Healthcare,3456,PR0004604,UV BRIGHT MATTE SILICON SUNSCREEN SPF 50 PA ++++ 50ML,Production Released,PM,7156,5L00055,FRAGILE STICKER,40,DPO-002,1083,Draft,linked:PR,20
SO-00166,Deca Healthcare,3456,PR0004604,UV BRIGHT MATTE SILICON SUNSCREEN SPF 50 PA ++++ 50ML,Production Released,PM,7156,5L00055,FRAGILE STICKER,40,DPO-002,1084,Draft,linked:PR,20
SO-00166,Deca Healthcare,3456,PR0004604,UV BRIGHT MATTE SILICON SUNSCREEN SPF 50 PA ++++ 50ML,Production Released,PM,8937,5S00002,200 ML SHIPPER 500x250x200 mm with printing and 2 pads,40,EI/PO/26-27/809,990,Released,unlinked,3985
SO-00045,SOUL SKIN CLINIC LLP,3352,PR0006719,Skn Snax - Barrier Relief Cream 50ml,Production Released,PM,7156,5L00055,FRAGILE STICKER,18.4,DPO-002,1083,Draft,linked:PR,20
SO-00045,SOUL SKIN CLINIC LLP,3352,PR0006719,Skn Snax - Barrier Relief Cream 50ml,Production Released,PM,7156,5L00055,FRAGILE STICKER,18.4,DPO-002,1084,Draft,linked:PR,20
SO-00045,SOUL SKIN CLINIC LLP,3352,PR0006719,Skn Snax - Barrier Relief Cream 50ml,Production Released,PM,8035,5L01679,SKN SNAX BARRIER RELIEF CREAM 50 ML LABEL,1150,EI/PO/26-27/776,978,Released,unlinked,1500
SO-00045,SOUL SKIN CLINIC LLP,3352,PR0006719,Skn Snax - Barrier Relief Cream 50ml,Production Released,PM,8035,5L01679,SKN SNAX BARRIER RELIEF CREAM 50 ML LABEL,1150,EI/PO/26-27/691,941,Released,other-ref,10
SO-00045,SOUL SKIN CLINIC LLP,3352,PR0006719,Skn Snax - Barrier Relief Cream 50ml,Production Released,PM,8793,5M01032,SKN SNAX BARRIER RELIEF CREAM 50 ML OUTER MONOCARTON,1150,EI/PO/26-27/691,941,Released,other-ref,2
SO-00045,SOUL SKIN CLINIC LLP,3352,PR0006719,Skn Snax - Barrier Relief Cream 50ml,Production Released,PM,8793,5M01032,SKN SNAX BARRIER RELIEF CREAM 50 ML OUTER MONOCARTON,1150,EI/PO/26-27/743,970,Released,unlinked,1200
SO-00045,SOUL SKIN CLINIC LLP,3352,PR0006719,Skn Snax - Barrier Relief Cream 50ml,Production Released,PM,8794,5M01033,SKN SNAX BARRIER RELIEF CREAM 50 ML INNER MONOCARTON,1150,EI/PO/26-27/691,941,Released,other-ref,2
SO-00045,SOUL SKIN CLINIC LLP,3352,PR0006719,Skn Snax - Barrier Relief Cream 50ml,Production Released,PM,8794,5M01033,SKN SNAX BARRIER RELIEF CREAM 50 ML INNER MONOCARTON,1150,EI/PO/26-27/743,970,Released,unlinked,1200
SO-00045,SOUL SKIN CLINIC LLP,3352,PR0006719,Skn Snax - Barrier Relief Cream 50ml,Production Released,PM,8937,5S00002,200 ML SHIPPER 500x250x200 mm with printing and 2 pads,18.4,EI/PO/26-27/809,990,Released,unlinked,3985
SO-00110,MED MANOR ORGANICS PVT LTD..,3421,PR0004405,MOISTAR DEEP RESTORE LOTION-25ML,Production Released,PM,7156,5L00055,FRAGILE STICKER,100,DPO-002,1083,Draft,linked:PR,20
SO-00110,MED MANOR ORGANICS PVT LTD..,3421,PR0004405,MOISTAR DEEP RESTORE LOTION-25ML,Production Released,PM,7156,5L00055,FRAGILE STICKER,100,DPO-002,1084,Draft,linked:PR,20
SO-00160,Derma Decode Private Limited,3450,PR0004416,DERMADECODE SPF 50 PA++++ SILICONE GEL SUNSCREEN 50 ML,Production Released,PM,8423,5M00496,DERMADECODE SPF 50 PA++++ SILICONE GEL SUNSCREEN 50 ML MONOCARTON,2000,EI/PO/26-27/902,1042,Released,unlinked,2000
SO-00160,Derma Decode Private Limited,3450,PR0004416,DERMADECODE SPF 50 PA++++ SILICONE GEL SUNSCREEN 50 ML,Production Released,PM,7959,5L01544,DERMADECODE SPF 50 PA++++ SILICONE GEL SUNSCREEN LABEL ( indian ),2000,EI/PO/26-27/933,1064,Released,unlinked,2000
SO-00160,Derma Decode Private Limited,3450,PR0004416,DERMADECODE SPF 50 PA++++ SILICONE GEL SUNSCREEN 50 ML,Production Released,PM,7013,4001079,50 ml white airless bottle and pump set ( India ),2000,EI/PO/26-27/850,1007,Released,unlinked,5000
SO-00160,Derma Decode Private Limited,3450,PR0004416,DERMADECODE SPF 50 PA++++ SILICONE GEL SUNSCREEN 50 ML,Production Released,PM,7013,4001079,50 ml white airless bottle and pump set ( India ),2000,EI/PO/26-27/891,1032,Released,unlinked,8000
SO-00160,Derma Decode Private Limited,3450,PR0004416,DERMADECODE SPF 50 PA++++ SILICONE GEL SUNSCREEN 50 ML,Production Released,PM,7013,4001079,50 ml white airless bottle and pump set ( India ),2000,EI/PO/26-27/945,1073,Released,unlinked,10000
SO-00160,Derma Decode Private Limited,3450,PR0004416,DERMADECODE SPF 50 PA++++ SILICONE GEL SUNSCREEN 50 ML,Production Released,PM,8937,5S00002,200 ML SHIPPER 500x250x200 mm with printing and 2 pads,40,EI/PO/26-27/809,990,Released,unlinked,3985
SO-00160,Derma Decode Private Limited,3450,PR0004416,DERMADECODE SPF 50 PA++++ SILICONE GEL SUNSCREEN 50 ML,Production Released,PM,7156,5L00055,FRAGILE STICKER,40,DPO-002,1083,Draft,linked:PR,20
SO-00160,Derma Decode Private Limited,3450,PR0004416,DERMADECODE SPF 50 PA++++ SILICONE GEL SUNSCREEN 50 ML,Production Released,PM,7156,5L00055,FRAGILE STICKER,40,DPO-002,1084,Draft,linked:PR,20
SO-00092,CIRCLE SKINCARE PRIVATE LIMITED,3413,PR0005933,CIRCLE SKINCARE SMART DEFENCE SUNSCREEN SPF 40 PA ++++ 50 ML,Production Released,PM,7156,5L00055,FRAGILE STICKER,20,DPO-002,1083,Draft,linked:PR,20
SO-00092,CIRCLE SKINCARE PRIVATE LIMITED,3413,PR0005933,CIRCLE SKINCARE SMART DEFENCE SUNSCREEN SPF 40 PA ++++ 50 ML,Production Released,PM,7156,5L00055,FRAGILE STICKER,20,DPO-002,1084,Draft,linked:PR,20
SO-00092,CIRCLE SKINCARE PRIVATE LIMITED,3413,PR0005933,CIRCLE SKINCARE SMART DEFENCE SUNSCREEN SPF 40 PA ++++ 50 ML,Production Released,PM,8623,5M00799,CIRCLE SKINCARE SMART DEFENCE SUNSCREEN SPF 40 PA ++++ 50ML MONOCARTON,1000,EI/PO/26-27/839,1003,Released,unlinked,1050
SO-00092,CIRCLE SKINCARE PRIVATE LIMITED,3413,PR0005933,CIRCLE SKINCARE SMART DEFENCE SUNSCREEN SPF 40 PA ++++ 50 ML,Production Released,PM,7013,4001079,50 ml white airless bottle and pump set ( India ),1000,EI/PO/26-27/850,1007,Released,unlinked,5000
SO-00092,CIRCLE SKINCARE PRIVATE LIMITED,3413,PR0005933,CIRCLE SKINCARE SMART DEFENCE SUNSCREEN SPF 40 PA ++++ 50 ML,Production Released,PM,7013,4001079,50 ml white airless bottle and pump set ( India ),1000,EI/PO/26-27/891,1032,Released,unlinked,8000
SO-00092,CIRCLE SKINCARE PRIVATE LIMITED,3413,PR0005933,CIRCLE SKINCARE SMART DEFENCE SUNSCREEN SPF 40 PA ++++ 50 ML,Production Released,PM,7013,4001079,50 ml white airless bottle and pump set ( India ),1000,EI/PO/26-27/945,1073,Released,unlinked,10000
SO-00092,CIRCLE SKINCARE PRIVATE LIMITED,3413,PR0005933,CIRCLE SKINCARE SMART DEFENCE SUNSCREEN SPF 40 PA ++++ 50 ML,Production Released,PM,8937,5S00002,200 ML SHIPPER 500x250x200 mm with printing and 2 pads,20,EI/PO/26-27/809,990,Released,unlinked,3985
SO-00092,CIRCLE SKINCARE PRIVATE LIMITED,3413,PR0005933,CIRCLE SKINCARE SMART DEFENCE SUNSCREEN SPF 40 PA ++++ 50 ML,Production Released,PM,8930,5000127,TRANSPARENT VOID TAMPER STICKER,2000,EI/PO/26-27/795,986,Released,unlinked,10000
SO-00135,MED MANOR ORGANICS PVT LTD..,3438,PR0004407,MEDMANOR MOISTAR DEEP RESTORE LOTION 150 ML,Production Released,PM,7156,5L00055,FRAGILE STICKER,72,DPO-002,1083,Draft,linked:PR,20
SO-00135,MED MANOR ORGANICS PVT LTD..,3438,PR0004407,MEDMANOR MOISTAR DEEP RESTORE LOTION 150 ML,Production Released,PM,7156,5L00055,FRAGILE STICKER,72,DPO-002,1084,Draft,linked:PR,20
SO-00135,MED MANOR ORGANICS PVT LTD..,3438,PR0004407,MEDMANOR MOISTAR DEEP RESTORE LOTION 150 ML,Production Released,PM,8937,5S00002,200 ML SHIPPER 500x250x200 mm with printing and 2 pads,72,EI/PO/26-27/809,990,Released,unlinked,3985
SO-00206,INCNUT LIFESTYLE RETAIL PRIVATE LIMITED,3526,SK2202ASFT,SKINKRAFT ACNE SHIELD FACIAL TONER FOR OILY SKIN 100 ML,Production Released,PM,7156,5L00055,FRAGILE STICKER,0.64,DPO-002,1083,Draft,linked:PR,20
SO-00206,INCNUT LIFESTYLE RETAIL PRIVATE LIMITED,3526,SK2202ASFT,SKINKRAFT ACNE SHIELD FACIAL TONER FOR OILY SKIN 100 ML,Production Released,PM,7156,5L00055,FRAGILE STICKER,0.64,DPO-002,1084,Draft,linked:PR,20
SO-00206,INCNUT LIFESTYLE RETAIL PRIVATE LIMITED,3526,SK2202ASFT,SKINKRAFT ACNE SHIELD FACIAL TONER FOR OILY SKIN 100 ML,Production Released,PM,8931,5P00015,100ML SHIPPERS PRINTED 430*220*175 MM 5PLY(120GSM)PARTITION  5*10,0.64,EI/PO/26-27/912,1050,Released,unlinked,1000
SO-00204,INCNUT LIFESTYLE RETAIL PRIVATE LIMITED,3496,SK2202ASFT,SKINKRAFT ACNE SHIELD FACIAL TONER FOR OILY SKIN 100 ML,Production Released,PM,7156,5L00055,FRAGILE STICKER,40,DPO-002,1083,Draft,linked:PR,20
SO-00204,INCNUT LIFESTYLE RETAIL PRIVATE LIMITED,3496,SK2202ASFT,SKINKRAFT ACNE SHIELD FACIAL TONER FOR OILY SKIN 100 ML,Production Released,PM,7156,5L00055,FRAGILE STICKER,40,DPO-002,1084,Draft,linked:PR,20
SO-00204,INCNUT LIFESTYLE RETAIL PRIVATE LIMITED,3496,SK2202ASFT,SKINKRAFT ACNE SHIELD FACIAL TONER FOR OILY SKIN 100 ML,Production Released,PM,8931,5P00015,100ML SHIPPERS PRINTED 430*220*175 MM 5PLY(120GSM)PARTITION  5*10,40,EI/PO/26-27/912,1050,Released,unlinked,1000
SO-00111,Skin Grid,3422,PR0002783,SKINCLINED BODY EXFOLIANT WASH - 120ML,Production Released,PM,6628,4000202,120 ML CYLINDER BOTTLE WHITE,100,EI/PO/26-27/882,1027,Released,unlinked,700
SO-00111,Skin Grid,3422,PR0002783,SKINCLINED BODY EXFOLIANT WASH - 120ML,Production Released,PM,8322,5M00380,SKINCLINED BODY EXFOLIANT WASH 120ML MONOCARTON,100,EI/PO/26-27/840,1004,Released,unlinked,120
SO-00111,Skin Grid,3422,PR0002783,SKINCLINED BODY EXFOLIANT WASH - 120ML,Production Released,PM,8937,5S00002,200 ML SHIPPER 500x250x200 mm with printing and 2 pads,3.1,EI/PO/26-27/809,990,Released,unlinked,3985
SO-00111,Skin Grid,3422,PR0002783,SKINCLINED BODY EXFOLIANT WASH - 120ML,Production Released,PM,7156,5L00055,FRAGILE STICKER,3.1,DPO-002,1083,Draft,linked:PR,20
SO-00111,Skin Grid,3422,PR0002783,SKINCLINED BODY EXFOLIANT WASH - 120ML,Production Released,PM,7156,5L00055,FRAGILE STICKER,3.1,DPO-002,1084,Draft,linked:PR,20
SO-00120,SKINNEEDS,3425,PR0002718,SKINNEEDS GLAZEX 100% PETROLEUM JELLY 100 ML,Production Released,PM,8937,5S00002,200 ML SHIPPER 500x250x200 mm with printing and 2 pads,7.9,EI/PO/26-27/809,990,Released,unlinked,3985
SO-00120,SKINNEEDS,3425,PR0002718,SKINNEEDS GLAZEX 100% PETROLEUM JELLY 100 ML,Production Released,PM,7156,5L00055,FRAGILE STICKER,7.9,DPO-002,1083,Draft,linked:PR,20
SO-00120,SKINNEEDS,3425,PR0002718,SKINNEEDS GLAZEX 100% PETROLEUM JELLY 100 ML,Production Released,PM,7156,5L00055,FRAGILE STICKER,7.9,DPO-002,1084,Draft,linked:PR,20
SO-00628,MYSKINN,3385,PR0006890,MYSKINN GLIDE LIP BALM 5ML,Production Released,PM,7156,5L00055,FRAGILE STICKER,2,DPO-002,1083,Draft,linked:PR,20
SO-00628,MYSKINN,3385,PR0006890,MYSKINN GLIDE LIP BALM 5ML,Production Released,PM,7156,5L00055,FRAGILE STICKER,2,DPO-002,1084,Draft,linked:PR,20
SO-00628,MYSKINN,3385,PR0006890,MYSKINN GLIDE LIP BALM 5ML,Production Released,PM,7104,4001191,8 GM TRANSPARENT SQUARE JAR WITH WHITE LID AND GOLDEN CAP,1000,EI/PO/26-27/655,952,Released,unlinked,5000
SO-00628,MYSKINN,3385,PR0006890,MYSKINN GLIDE LIP BALM 5ML,Production Released,PM,8032,5L01675,MYSKINN GLIDE LIP BALM 5 ML SIDE LABEL,1000,EI/PO/26-27/641,956,Released,unlinked,1100
SO-00628,MYSKINN,3385,PR0006890,MYSKINN GLIDE LIP BALM 5ML,Production Released,PM,8033,5L01676,MYSKINN GLIDE LIP BALM 5ML TOP LABEL,1000,EI/PO/26-27/641,956,Released,unlinked,1100
SO-00628,MYSKINN,3385,PR0006890,MYSKINN GLIDE LIP BALM 5ML,Production Released,PM,8784,5M01022,MYSKINN GLIDE LIP BALM 5ML MONOCARTON,1000,EI/PO/26-27/641,956,Released,unlinked,1100
SO-00628,MYSKINN,3385,PR0006890,MYSKINN GLIDE LIP BALM 5ML,Production Released,PM,7115,5I00053,MYSKINN GLIDE LIP BALM 5ML LEAFLET,1000,EI/PO/26-27/641,956,Released,unlinked,1100
SO-00628,MYSKINN,3385,PR0006890,MYSKINN GLIDE LIP BALM 5ML,Production Released,PM,8937,5S00002,200 ML SHIPPER 500x250x200 mm with printing and 2 pads,2.13,EI/PO/26-27/809,990,Released,unlinked,3985
SO-00628,MYSKINN,3385,PR0006890,MYSKINN GLIDE LIP BALM 5ML,Production Released,PM,8930,5000127,TRANSPARENT VOID TAMPER STICKER,1000,EI/PO/26-27/795,986,Released,unlinked,10000
SO-00118,OLIVA SKIN AND HAIR CLINIC,3424,PR0003922,OLIVA REPLENISHING MOISTURIZING GEL CREAM MOISTURISER FOR NORMAL SKIN 50ML,Production Released,PM,6594,4000152,PET MILKY ALPHA BOTTLE 60 ML 20 MM NECK,3000,EI/PO/26-27/864,1016,Released,unlinked,15000
SO-00118,OLIVA SKIN AND HAIR CLINIC,3424,PR0003922,OLIVA REPLENISHING MOISTURIZING GEL CREAM MOISTURISER FOR NORMAL SKIN 50ML,Production Released,PM,6552,4000093,LW D201 WHITE PUMP,3000,EI/PO/26-27/909,1047,Released,unlinked,14000
SO-00118,OLIVA SKIN AND HAIR CLINIC,3424,PR0003922,OLIVA REPLENISHING MOISTURIZING GEL CREAM MOISTURISER FOR NORMAL SKIN 50ML,Production Released,PM,6552,4000093,LW D201 WHITE PUMP,3000,EI/PO/26-27/944,1072,Released,unlinked,50000
SO-00118,OLIVA SKIN AND HAIR CLINIC,3424,PR0003922,OLIVA REPLENISHING MOISTURIZING GEL CREAM MOISTURISER FOR NORMAL SKIN 50ML,Production Released,PM,7156,5L00055,FRAGILE STICKER,60,DPO-002,1083,Draft,linked:PR,20
SO-00118,OLIVA SKIN AND HAIR CLINIC,3424,PR0003922,OLIVA REPLENISHING MOISTURIZING GEL CREAM MOISTURISER FOR NORMAL SKIN 50ML,Production Released,PM,7156,5L00055,FRAGILE STICKER,60,DPO-002,1084,Draft,linked:PR,20
SO-00075,VENUS HOLISTIC SERVICES PRIVATE LIMITED,3403,PR0004689,ROMA DERMA UV HALT SUNSCREEN SPF 50 PA+++ - 50ML,Production Released,PM,8937,5S00002,200 ML SHIPPER 500x250x200 mm with printing and 2 pads,4.05,EI/PO/26-27/809,990,Released,unlinked,3985
SO-00075,VENUS HOLISTIC SERVICES PRIVATE LIMITED,3403,PR0004689,ROMA DERMA UV HALT SUNSCREEN SPF 50 PA+++ - 50ML,Production Released,PM,7156,5L00055,FRAGILE STICKER,4.05,DPO-002,1083,Draft,linked:PR,20
SO-00075,VENUS HOLISTIC SERVICES PRIVATE LIMITED,3403,PR0004689,ROMA DERMA UV HALT SUNSCREEN SPF 50 PA+++ - 50ML,Production Released,PM,7156,5L00055,FRAGILE STICKER,4.05,DPO-002,1084,Draft,linked:PR,20
SO-00075,VENUS HOLISTIC SERVICES PRIVATE LIMITED,3403,PR0004689,ROMA DERMA UV HALT SUNSCREEN SPF 50 PA+++ - 50ML,Production Released,PM,8930,5000127,TRANSPARENT VOID TAMPER STICKER,300,EI/PO/26-27/795,986,Released,unlinked,10000
SO-00146,MakeO Healthcare Technologies Pvt Ltd,3443,PR0006988,MAKEO HAPPY HYDRATE CERAMIDE BODY MOISTURIZER 100 ML,Production Released,PM,7412,5L00563,SKINNSI MAKEO HAPPY HYDRATE CERAMIDE BODY MOISTURIZER 100ML LABEL,1000,EI/PO/26-27/667,948,Released,unlinked,2000
SO-00146,MakeO Healthcare Technologies Pvt Ltd,3443,PR0006988,MAKEO HAPPY HYDRATE CERAMIDE BODY MOISTURIZER 100 ML,Production Released,PM,8339,5M00397,MAKEO HAPPY HYDRATE CERAMIDE BODY MOISTURIZER 100ML MONOCARTON,1000,EI/PO/26-27/667,948,Released,unlinked,1000
SO-00146,MakeO Healthcare Technologies Pvt Ltd,3443,PR0006988,MAKEO HAPPY HYDRATE CERAMIDE BODY MOISTURIZER 100 ML,Production Released,PM,8937,5S00002,200 ML SHIPPER 500x250x200 mm with printing and 2 pads,20,EI/PO/26-27/809,990,Released,unlinked,3985
SO-00146,MakeO Healthcare Technologies Pvt Ltd,3443,PR0006988,MAKEO HAPPY HYDRATE CERAMIDE BODY MOISTURIZER 100 ML,Production Released,PM,7156,5L00055,FRAGILE STICKER,20,DPO-002,1083,Draft,linked:PR,20
SO-00146,MakeO Healthcare Technologies Pvt Ltd,3443,PR0006988,MAKEO HAPPY HYDRATE CERAMIDE BODY MOISTURIZER 100 ML,Production Released,PM,7156,5L00055,FRAGILE STICKER,20,DPO-002,1084,Draft,linked:PR,20
SO-00204,INCNUT LIFESTYLE RETAIL PRIVATE LIMITED,3501,PR0006729,SKINKRAFT NEW ACNE EXFOLIATING FACE CREAM 30GM,Production Released,PM,7156,5L00055,FRAGILE STICKER,160,DPO-002,1083,Draft,linked:PR,20
SO-00204,INCNUT LIFESTYLE RETAIL PRIVATE LIMITED,3501,PR0006729,SKINKRAFT NEW ACNE EXFOLIATING FACE CREAM 30GM,Production Released,PM,7156,5L00055,FRAGILE STICKER,160,DPO-002,1084,Draft,linked:PR,20
SO-00204,INCNUT LIFESTYLE RETAIL PRIVATE LIMITED,3501,PR0006729,SKINKRAFT NEW ACNE EXFOLIATING FACE CREAM 30GM,Production Released,PM,6996,4001060,SKINKRAFT ACNE EXFOILIATING CREAM 30 ML PRINTED BLUE TUBE WITH SCREW CAP,16000,EI/PO/26-27/753,974,Released,unlinked,25000
SO-00206,INCNUT LIFESTYLE RETAIL PRIVATE LIMITED,3528,PR0006729,SKINKRAFT NEW ACNE EXFOLIATING FACE CREAM 30GM,Production Released,PM,7156,5L00055,FRAGILE STICKER,80,DPO-002,1083,Draft,linked:PR,20
SO-00206,INCNUT LIFESTYLE RETAIL PRIVATE LIMITED,3528,PR0006729,SKINKRAFT NEW ACNE EXFOLIATING FACE CREAM 30GM,Production Released,PM,7156,5L00055,FRAGILE STICKER,80,DPO-002,1084,Draft,linked:PR,20
SO-00206,INCNUT LIFESTYLE RETAIL PRIVATE LIMITED,3528,PR0006729,SKINKRAFT NEW ACNE EXFOLIATING FACE CREAM 30GM,Production Released,PM,6996,4001060,SKINKRAFT ACNE EXFOILIATING CREAM 30 ML PRINTED BLUE TUBE WITH SCREW CAP,8000,EI/PO/26-27/753,974,Released,unlinked,25000
SO-00122,ETERNITE ELEMENTS PRIVATE LIMITED,3426,PR0005445,DAUGHTER EARTH SUNNYDIP HYBRID SUNSCREEN SPF 50 PA++++ 50 ML,Production Released,PM,8291,5M00343,DAUGHTER EARTH SUNNYDIP HYBRID SUNSCREEN SPF 50 PA++++ 50ML MONOCARTON,500,EI/PO/26-27/873,1021,Released,unlinked,50
SO-00122,ETERNITE ELEMENTS PRIVATE LIMITED,3426,PR0005445,DAUGHTER EARTH SUNNYDIP HYBRID SUNSCREEN SPF 50 PA++++ 50 ML,Production Released,PM,7156,5L00055,FRAGILE STICKER,11.1,DPO-002,1083,Draft,linked:PR,20
SO-00122,ETERNITE ELEMENTS PRIVATE LIMITED,3426,PR0005445,DAUGHTER EARTH SUNNYDIP HYBRID SUNSCREEN SPF 50 PA++++ 50 ML,Production Released,PM,7156,5L00055,FRAGILE STICKER,11.1,DPO-002,1084,Draft,linked:PR,20
SO-00122,ETERNITE ELEMENTS PRIVATE LIMITED,3426,PR0005445,DAUGHTER EARTH SUNNYDIP HYBRID SUNSCREEN SPF 50 PA++++ 50 ML,Production Released,PM,8937,5S00002,200 ML SHIPPER 500x250x200 mm with printing and 2 pads,11.1,EI/PO/26-27/809,990,Released,unlinked,3985
SO-00147,MakeO Healthcare Technologies Pvt Ltd,3444,PR0007400,MAKEO HAPPY HYDRATE CERAMIDE BODY MOISTURIZER 250ML,Production Released,PM,8549,5M00673,MAKE O HAPPY HYDRATE CERAMIDE BODY MOISTURIZER 250ML MONOCARTON,1000,EI/PO/26-27/667,948,Released,unlinked,1000
SO-00147,MakeO Healthcare Technologies Pvt Ltd,3444,PR0007400,MAKEO HAPPY HYDRATE CERAMIDE BODY MOISTURIZER 250ML,Production Released,PM,8937,5S00002,200 ML SHIPPER 500x250x200 mm with printing and 2 pads,55.5,EI/PO/26-27/809,990,Released,unlinked,3985
SO-00147,MakeO Healthcare Technologies Pvt Ltd,3444,PR0007400,MAKEO HAPPY HYDRATE CERAMIDE BODY MOISTURIZER 250ML,Production Released,PM,7156,5L00055,FRAGILE STICKER,55.5,DPO-002,1083,Draft,linked:PR,20
SO-00147,MakeO Healthcare Technologies Pvt Ltd,3444,PR0007400,MAKEO HAPPY HYDRATE CERAMIDE BODY MOISTURIZER 250ML,Production Released,PM,7156,5L00055,FRAGILE STICKER,55.5,DPO-002,1084,Draft,linked:PR,20
SO-00143,OLIVA SKIN AND HAIR CLINIC,3321,PR0005345,OLIVA SOOTHING FACE CLEANSER FOR DRY/SENSITIVE SKIN 80 ML,Production Released,PM,7156,5L00055,FRAGILE STICKER,5.5,DPO-002,1083,Draft,linked:PR,20
SO-00143,OLIVA SKIN AND HAIR CLINIC,3321,PR0005345,OLIVA SOOTHING FACE CLEANSER FOR DRY/SENSITIVE SKIN 80 ML,Production Released,PM,7156,5L00055,FRAGILE STICKER,5.5,DPO-002,1084,Draft,linked:PR,20
SO-00126,VRS HOLISTICS,3430,PR0005862,EUDERM GENTLE FOAMING CLEANSER 100ML,Production Released,PM,7156,5L00055,FRAGILE STICKER,6.24,DPO-002,1083,Draft,linked:PR,20
SO-00126,VRS HOLISTICS,3430,PR0005862,EUDERM GENTLE FOAMING CLEANSER 100ML,Production Released,PM,7156,5L00055,FRAGILE STICKER,6.24,DPO-002,1084,Draft,linked:PR,20
SO-00126,VRS HOLISTICS,3430,PR0005862,EUDERM GENTLE FOAMING CLEANSER 100ML,Production Released,PM,8931,5P00015,100ML SHIPPERS PRINTED 430*220*175 MM 5PLY(120GSM)PARTITION  5*10,6.24,EI/PO/26-27/912,1050,Released,unlinked,1000
SO-00125,HEALIOS WOUND SOLUTIONS LLP,3429,PR0005432,SERISKIN HYDRASILK BEDEW BODY MOISTURIZER 200ML,Production Released,PM,8930,5000127,TRANSPARENT VOID TAMPER STICKER,600,EI/PO/26-27/795,986,Released,unlinked,10000
SO-00125,HEALIOS WOUND SOLUTIONS LLP,3429,PR0005432,SERISKIN HYDRASILK BEDEW BODY MOISTURIZER 200ML,Production Released,PM,8266,5M00304,SERISKIN HYDRASILK BEDEW BODY MOISTURIZER 200 ML MONOCARTON,300,EI/PO/26-27/839,1003,Released,unlinked,320
SO-00125,HEALIOS WOUND SOLUTIONS LLP,3429,PR0005432,SERISKIN HYDRASILK BEDEW BODY MOISTURIZER 200ML,Production Released,PM,7741,5L01190,SERISKIN HYDRASILK BEDEW BODY MOISTURIZER 200ML LABEL,300,EI/PO/26-27/829,997,Released,unlinked,300
SO-00125,HEALIOS WOUND SOLUTIONS LLP,3429,PR0005432,SERISKIN HYDRASILK BEDEW BODY MOISTURIZER 200ML,Production Released,PM,8937,5S00002,200 ML SHIPPER 500x250x200 mm with printing and 2 pads,14.28,EI/PO/26-27/809,990,Released,unlinked,3985
SO-00125,HEALIOS WOUND SOLUTIONS LLP,3429,PR0005432,SERISKIN HYDRASILK BEDEW BODY MOISTURIZER 200ML,Production Released,PM,7156,5L00055,FRAGILE STICKER,14.28,DPO-002,1083,Draft,linked:PR,20
SO-00125,HEALIOS WOUND SOLUTIONS LLP,3429,PR0005432,SERISKIN HYDRASILK BEDEW BODY MOISTURIZER 200ML,Production Released,PM,7156,5L00055,FRAGILE STICKER,14.28,DPO-002,1084,Draft,linked:PR,20
SO-00131,Sai Akshara Pharmacy,3434,PR0005041,DERMINNOVA INTENSE REPLENISH FACE MOISTURIZER 100 ML,Production Released,PM,6748,4000449,"100 GM PP ROYAL JAR, LID & CAP IN ROUND WHITE COLOR- AG POLYPACKS",1000,EI/PO/26-27/886,1029,Released,unlinked,1260
SO-00131,Sai Akshara Pharmacy,3434,PR0005041,DERMINNOVA INTENSE REPLENISH FACE MOISTURIZER 100 ML,Production Released,PM,8937,5S00002,200 ML SHIPPER 500x250x200 mm with printing and 2 pads,20,EI/PO/26-27/809,990,Released,unlinked,3985
SO-00131,Sai Akshara Pharmacy,3434,PR0005041,DERMINNOVA INTENSE REPLENISH FACE MOISTURIZER 100 ML,Production Released,PM,7156,5L00055,FRAGILE STICKER,20,DPO-002,1083,Draft,linked:PR,20
SO-00131,Sai Akshara Pharmacy,3434,PR0005041,DERMINNOVA INTENSE REPLENISH FACE MOISTURIZER 100 ML,Production Released,PM,7156,5L00055,FRAGILE STICKER,20,DPO-002,1084,Draft,linked:PR,20
SO-00172,INCNUT LIFESTYLE RETAIL PRIVATE LIMITED,3324,PR0005377,SKINKRAFT NEW DEEP MOISTURIZING & SMOOTHENING SHAMPOO 200 ML,Production Released,PM,6747,4000444,200ML PET BNC BOTTLE-ROUND-CLEAR- PRAGATI POLYMS,781,EI/PO/26-27/942,1070,Released,unlinked,10000
SO-00009,INCNUT LIFESTYLE RETAIL PRIVATE LIMITED,3365,PR0005377,SKINKRAFT NEW DEEP MOISTURIZING & SMOOTHENING SHAMPOO 200 ML,Production Released,PM,6747,4000444,200ML PET BNC BOTTLE-ROUND-CLEAR- PRAGATI POLYMS,800,EI/PO/26-27/942,1070,Released,unlinked,10000
SO-00009,INCNUT LIFESTYLE RETAIL PRIVATE LIMITED,3367,PR0005379,SKINKRAFT NEW VOLUME RESTORE WITH OIL BALANCE SHAMPOO 200ML,Production Released,PM,6747,4000444,200ML PET BNC BOTTLE-ROUND-CLEAR- PRAGATI POLYMS,500,EI/PO/26-27/942,1070,Released,unlinked,10000
SO-00172,INCNUT LIFESTYLE RETAIL PRIVATE LIMITED,3326,PR0005379,SKINKRAFT NEW VOLUME RESTORE WITH OIL BALANCE SHAMPOO 200ML,Production Released,PM,6747,4000444,200ML PET BNC BOTTLE-ROUND-CLEAR- PRAGATI POLYMS,930,EI/PO/26-27/942,1070,Released,unlinked,10000
SO-00170,VRS HOLISTICS,3460,PR0003750,EUDERM LIGHT PROTECT SUNSCREEN SPF 50 PA +++ 50ML,Production Released,PM,7013,4001079,50 ml white airless bottle and pump set ( India ),100,EI/PO/26-27/850,1007,Released,unlinked,5000
SO-00170,VRS HOLISTICS,3460,PR0003750,EUDERM LIGHT PROTECT SUNSCREEN SPF 50 PA +++ 50ML,Production Released,PM,7013,4001079,50 ml white airless bottle and pump set ( India ),100,EI/PO/26-27/891,1032,Released,unlinked,8000
SO-00170,VRS HOLISTICS,3460,PR0003750,EUDERM LIGHT PROTECT SUNSCREEN SPF 50 PA +++ 50ML,Production Released,PM,7013,4001079,50 ml white airless bottle and pump set ( India ),100,EI/PO/26-27/945,1073,Released,unlinked,10000
SO-00170,VRS HOLISTICS,3460,PR0003750,EUDERM LIGHT PROTECT SUNSCREEN SPF 50 PA +++ 50ML,Production Released,PM,8937,5S00002,200 ML SHIPPER 500x250x200 mm with printing and 2 pads,2,EI/PO/26-27/809,990,Released,unlinked,3985
SO-00170,VRS HOLISTICS,3460,PR0003750,EUDERM LIGHT PROTECT SUNSCREEN SPF 50 PA +++ 50ML,Production Released,PM,7156,5L00055,FRAGILE STICKER,2,DPO-002,1083,Draft,linked:PR,20
SO-00170,VRS HOLISTICS,3460,PR0003750,EUDERM LIGHT PROTECT SUNSCREEN SPF 50 PA +++ 50ML,Production Released,PM,7156,5L00055,FRAGILE STICKER,2,DPO-002,1084,Draft,linked:PR,20
SO-00173,INCNUT LIFESTYLE RETAIL PRIVATE LIMITED,3330,PR0006412,SKINKRAFT VOLUME BOOST OIL CONTROL SHAMPOO - 120 ML,Production Released,PM,7156,5L00055,FRAGILE STICKER,31.94,DPO-002,1083,Draft,linked:PR,20
SO-00173,INCNUT LIFESTYLE RETAIL PRIVATE LIMITED,3330,PR0006412,SKINKRAFT VOLUME BOOST OIL CONTROL SHAMPOO - 120 ML,Production Released,PM,7156,5L00055,FRAGILE STICKER,31.94,DPO-002,1084,Draft,linked:PR,20
SO-00173,INCNUT LIFESTYLE RETAIL PRIVATE LIMITED,3330,PR0006412,SKINKRAFT VOLUME BOOST OIL CONTROL SHAMPOO - 120 ML,Production Released,PM,8931,5P00015,100ML SHIPPERS PRINTED 430*220*175 MM 5PLY(120GSM)PARTITION  5*10,31.94,EI/PO/26-27/912,1050,Released,unlinked,1000
SO-00007,INCNUT LIFESTYLE RETAIL PRIVATE LIMITED,3373,PR0006412,SKINKRAFT VOLUME BOOST OIL CONTROL SHAMPOO - 120 ML,Production Released,PM,7156,5L00055,FRAGILE STICKER,16,DPO-002,1083,Draft,linked:PR,20
SO-00007,INCNUT LIFESTYLE RETAIL PRIVATE LIMITED,3373,PR0006412,SKINKRAFT VOLUME BOOST OIL CONTROL SHAMPOO - 120 ML,Production Released,PM,7156,5L00055,FRAGILE STICKER,16,DPO-002,1084,Draft,linked:PR,20
SO-00007,INCNUT LIFESTYLE RETAIL PRIVATE LIMITED,3373,PR0006412,SKINKRAFT VOLUME BOOST OIL CONTROL SHAMPOO - 120 ML,Production Released,PM,8931,5P00015,100ML SHIPPERS PRINTED 430*220*175 MM 5PLY(120GSM)PARTITION  5*10,16,EI/PO/26-27/912,1050,Released,unlinked,1000
SO-00132,Kallistea Dermatologique,3435,PR0004891,KALLISTEA DERMATOLOGIQUE HYBERA 50 GM,Production Released,PM,7013,4001079,50 ml white airless bottle and pump set ( India ),500,EI/PO/26-27/850,1007,Released,unlinked,5000
SO-00132,Kallistea Dermatologique,3435,PR0004891,KALLISTEA DERMATOLOGIQUE HYBERA 50 GM,Production Released,PM,7013,4001079,50 ml white airless bottle and pump set ( India ),500,EI/PO/26-27/891,1032,Released,unlinked,8000
SO-00132,Kallistea Dermatologique,3435,PR0004891,KALLISTEA DERMATOLOGIQUE HYBERA 50 GM,Production Released,PM,7013,4001079,50 ml white airless bottle and pump set ( India ),500,EI/PO/26-27/945,1073,Released,unlinked,10000
SO-00132,Kallistea Dermatologique,3435,PR0004891,KALLISTEA DERMATOLOGIQUE HYBERA 50 GM,Production Released,PM,7156,5L00055,FRAGILE STICKER,5,DPO-002,1083,Draft,linked:PR,20
SO-00132,Kallistea Dermatologique,3435,PR0004891,KALLISTEA DERMATOLOGIQUE HYBERA 50 GM,Production Released,PM,7156,5L00055,FRAGILE STICKER,5,DPO-002,1084,Draft,linked:PR,20
SO-00165,DR JAYAS EXULT COSMETICA PRIVATE LIMITED,3455,PR0003440,DR.JAYA’S EXULT FACE MOISTURIZER 50ML,Production Released,PM,7013,4001079,50 ml white airless bottle and pump set ( India ),500,EI/PO/26-27/850,1007,Released,unlinked,5000
SO-00165,DR JAYAS EXULT COSMETICA PRIVATE LIMITED,3455,PR0003440,DR.JAYA’S EXULT FACE MOISTURIZER 50ML,Production Released,PM,7013,4001079,50 ml white airless bottle and pump set ( India ),500,EI/PO/26-27/891,1032,Released,unlinked,8000
SO-00165,DR JAYAS EXULT COSMETICA PRIVATE LIMITED,3455,PR0003440,DR.JAYA’S EXULT FACE MOISTURIZER 50ML,Production Released,PM,7013,4001079,50 ml white airless bottle and pump set ( India ),500,EI/PO/26-27/945,1073,Released,unlinked,10000
SO-00165,DR JAYAS EXULT COSMETICA PRIVATE LIMITED,3455,PR0003440,DR.JAYA’S EXULT FACE MOISTURIZER 50ML,Production Released,PM,7398,5L00542,DR.JAYA'S EXULT FACE MOISTURIZER 50ML LABEL,500,EI/PO/26-27/940,1068,Released,unlinked,530
SO-00165,DR JAYAS EXULT COSMETICA PRIVATE LIMITED,3455,PR0003440,DR.JAYA’S EXULT FACE MOISTURIZER 50ML,Production Released,PM,7156,5L00055,FRAGILE STICKER,5,DPO-002,1083,Draft,linked:PR,20
SO-00165,DR JAYAS EXULT COSMETICA PRIVATE LIMITED,3455,PR0003440,DR.JAYA’S EXULT FACE MOISTURIZER 50ML,Production Released,PM,7156,5L00055,FRAGILE STICKER,5,DPO-002,1084,Draft,linked:PR,20
SO-00123,QUALITAS PHARMA,3427,PR0006992,QUALITAS PHARMA QUALI GLOW FACE WASH 100 ML,Production Released,PM,8930,5000127,TRANSPARENT VOID TAMPER STICKER,4000,EI/PO/26-27/795,986,Released,unlinked,10000
SO-00123,QUALITAS PHARMA,3427,PR0006992,QUALITAS PHARMA QUALI GLOW FACE WASH 100 ML,Production Released,PM,7000,4001064,SM09 - 100 ML FOAM BOTTLE GLOSSY WHITE with pump set,2000,EI/PO/26-27/851,1008,Released,unlinked,2200
SO-00123,QUALITAS PHARMA,3427,PR0006992,QUALITAS PHARMA QUALI GLOW FACE WASH 100 ML,Production Released,PM,8937,5S00002,200 ML SHIPPER 500x250x200 mm with printing and 2 pads,95.2,EI/PO/26-27/809,990,Released,unlinked,3985
SO-00123,QUALITAS PHARMA,3427,PR0006992,QUALITAS PHARMA QUALI GLOW FACE WASH 100 ML,Production Released,PM,7156,5L00055,FRAGILE STICKER,95.2,DPO-002,1083,Draft,linked:PR,20
SO-00123,QUALITAS PHARMA,3427,PR0006992,QUALITAS PHARMA QUALI GLOW FACE WASH 100 ML,Production Released,PM,7156,5L00055,FRAGILE STICKER,95.2,DPO-002,1084,Draft,linked:PR,20
SO-00123,QUALITAS PHARMA,3427,PR0006992,QUALITAS PHARMA QUALI GLOW FACE WASH 100 ML,Production Released,PM,9082,5M01060,QUALITAS PHARMA QUALI GLOW FACE WASH 100 ML MONOCARTON,2000,EI/PO/26-27/843,1005,Released,unlinked,2000
SO-00103,SSKO,3418,PR0007000,SSKO PIGMENT CORRECTOR SERUM 30 ML,Production Released,PM,8930,5000127,TRANSPARENT VOID TAMPER STICKER,200,EI/PO/26-27/795,986,Released,unlinked,10000
SO-00103,SSKO,3418,PR0007000,SSKO PIGMENT CORRECTOR SERUM 30 ML,Production Released,PM,7156,5L00055,FRAGILE STICKER,2.77,DPO-002,1083,Draft,linked:PR,20
SO-00103,SSKO,3418,PR0007000,SSKO PIGMENT CORRECTOR SERUM 30 ML,Production Released,PM,7156,5L00055,FRAGILE STICKER,2.77,DPO-002,1084,Draft,linked:PR,20
SO-00103,SSKO,3418,PR0007000,SSKO PIGMENT CORRECTOR SERUM 30 ML,Production Released,PM,8937,5S00002,200 ML SHIPPER 500x250x200 mm with printing and 2 pads,2.77,EI/PO/26-27/809,990,Released,unlinked,3985
SO-00129,SMGGLOBAL PHARMA,3432,PR0006543,SMG GLOBAL AZELYTIX ACNE CONTROL FACE CREAM 30 GM,Production Released,PM,8930,5000127,TRANSPARENT VOID TAMPER STICKER,10000,EI/PO/26-27/795,986,Released,unlinked,10000
SO-00129,SMGGLOBAL PHARMA,3432,PR0006543,SMG GLOBAL AZELYTIX ACNE CONTROL FACE CREAM 30 GM,Production Released,PM,8937,5S00002,200 ML SHIPPER 500x250x200 mm with printing and 2 pads,90.5,EI/PO/26-27/809,990,Released,unlinked,3985
SO-00129,SMGGLOBAL PHARMA,3432,PR0006543,SMG GLOBAL AZELYTIX ACNE CONTROL FACE CREAM 30 GM,Production Released,PM,7156,5L00055,FRAGILE STICKER,90.5,DPO-002,1083,Draft,linked:PR,20
SO-00129,SMGGLOBAL PHARMA,3432,PR0006543,SMG GLOBAL AZELYTIX ACNE CONTROL FACE CREAM 30 GM,Production Released,PM,7156,5L00055,FRAGILE STICKER,90.5,DPO-002,1084,Draft,linked:PR,20
SO-00010,INCNUT LIFESTYLE RETAIL PRIVATE LIMITED,3364,SK2202BDRC,SKINKRAFT SUPER BOUNCE WITH TOTAL DAMAGE REPAIR CONDITIONER 200 ML,Production Released,PM,6747,4000444,200ML PET BNC BOTTLE-ROUND-CLEAR- PRAGATI POLYMS,500,EI/PO/26-27/942,1070,Released,unlinked,10000
SO-00172,INCNUT LIFESTYLE RETAIL PRIVATE LIMITED,3323,SK2202BDRC,SKINKRAFT SUPER BOUNCE WITH TOTAL DAMAGE REPAIR CONDITIONER 200 ML,Production Released,PM,6747,4000444,200ML PET BNC BOTTLE-ROUND-CLEAR- PRAGATI POLYMS,891,EI/PO/26-27/942,1070,Released,unlinked,10000
SO-00009,INCNUT LIFESTYLE RETAIL PRIVATE LIMITED,3366,PR0005378,SKINKRAFT NEW DRY SCALP TREATMENT AND ANTI DANDRUFF SHAMPOO 200 ML,Production Released,PM,6747,4000444,200ML PET BNC BOTTLE-ROUND-CLEAR- PRAGATI POLYMS,1000,EI/PO/26-27/942,1070,Released,unlinked,10000
SO-00172,INCNUT LIFESTYLE RETAIL PRIVATE LIMITED,3325,PR0005378,SKINKRAFT NEW DRY SCALP TREATMENT AND ANTI DANDRUFF SHAMPOO 200 ML,Production Released,PM,6747,4000444,200ML PET BNC BOTTLE-ROUND-CLEAR- PRAGATI POLYMS,846,EI/PO/26-27/942,1070,Released,unlinked,10000
SO-00009,INCNUT LIFESTYLE RETAIL PRIVATE LIMITED,3368,PR0005380,SKINKRAFT NEW SCALP RESET AND ANTI DANDRUFF SHAMPOO 200 ML,Production Released,PM,6747,4000444,200ML PET BNC BOTTLE-ROUND-CLEAR- PRAGATI POLYMS,600,EI/PO/26-27/942,1070,Released,unlinked,10000
SO-00172,INCNUT LIFESTYLE RETAIL PRIVATE LIMITED,3327,PR0005380,SKINKRAFT NEW SCALP RESET AND ANTI DANDRUFF SHAMPOO 200 ML,Production Released,PM,6747,4000444,200ML PET BNC BOTTLE-ROUND-CLEAR- PRAGATI POLYMS,910,EI/PO/26-27/942,1070,Released,unlinked,10000
SO-00145,SADHAVI WELLNESS PRIVATE LIMITED,3442,PR0006480,YplayZ - Block Rays Better - Comfort - First Mineral Sunscreen 75ml,Production Released,PM,8937,5S00002,200 ML SHIPPER 500x250x200 mm with printing and 2 pads,36.2,EI/PO/26-27/809,990,Released,unlinked,3985
SO-00145,SADHAVI WELLNESS PRIVATE LIMITED,3442,PR0006480,YplayZ - Block Rays Better - Comfort - First Mineral Sunscreen 75ml,Production Released,PM,7156,5L00055,FRAGILE STICKER,36.2,DPO-002,1083,Draft,linked:PR,20
SO-00145,SADHAVI WELLNESS PRIVATE LIMITED,3442,PR0006480,YplayZ - Block Rays Better - Comfort - First Mineral Sunscreen 75ml,Production Released,PM,7156,5L00055,FRAGILE STICKER,36.2,DPO-002,1084,Draft,linked:PR,20
SO-00145,SADHAVI WELLNESS PRIVATE LIMITED,3442,PR0006480,YplayZ - Block Rays Better - Comfort - First Mineral Sunscreen 75ml,Production Released,PM,9074,4001223,75 ML YPLAYZ PLAIN LABELLED YELLOW TUBE WITH BLUE CAP,2000,EI/PO/26-27/884,1028,Released,unlinked,5000
SO-00145,SADHAVI WELLNESS PRIVATE LIMITED,3442,PR0006480,YplayZ - Block Rays Better - Comfort - First Mineral Sunscreen 75ml,Production Released,PM,9075,5M01063,YPLAYZ BLOCK RAYS BETTER COMFORT FIRST MINERAL SUNSCREEN 75 ML TUBE MONOCARTON,2000,EI/PO/26-27/905,1044,Released,unlinked,2000
SO-00130,SMGGLOBAL PHARMA,3433,PR0006706,SMGGLOBAL CERALITHE MOISTURIZER LOTION 200 ML,Production Released,PM,7156,5L00055,FRAGILE STICKER,165,DPO-002,1083,Draft,linked:PR,20
SO-00130,SMGGLOBAL PHARMA,3433,PR0006706,SMGGLOBAL CERALITHE MOISTURIZER LOTION 200 ML,Production Released,PM,7156,5L00055,FRAGILE STICKER,165,DPO-002,1084,Draft,linked:PR,20
SO-00008,INCNUT LIFESTYLE RETAIL PRIVATE LIMITED,3370,PR0006409,SK ULTRA BOUNCE CONDITIONER FOR OILY HAIR - 100 ML,Production Released,PM,7156,5L00055,FRAGILE STICKER,100,DPO-002,1083,Draft,linked:PR,20
SO-00008,INCNUT LIFESTYLE RETAIL PRIVATE LIMITED,3370,PR0006409,SK ULTRA BOUNCE CONDITIONER FOR OILY HAIR - 100 ML,Production Released,PM,7156,5L00055,FRAGILE STICKER,100,DPO-002,1084,Draft,linked:PR,20
SO-00008,INCNUT LIFESTYLE RETAIL PRIVATE LIMITED,3370,PR0006409,SK ULTRA BOUNCE CONDITIONER FOR OILY HAIR - 100 ML,Production Released,PM,8931,5P00015,100ML SHIPPERS PRINTED 430*220*175 MM 5PLY(120GSM)PARTITION  5*10,100,EI/PO/26-27/912,1050,Released,unlinked,1000
SO-00173,INCNUT LIFESTYLE RETAIL PRIVATE LIMITED,3333,PR0006409,SK ULTRA BOUNCE CONDITIONER FOR OILY HAIR - 100 ML,Production Released,PM,7156,5L00055,FRAGILE STICKER,28.22,DPO-002,1083,Draft,linked:PR,20
SO-00173,INCNUT LIFESTYLE RETAIL PRIVATE LIMITED,3333,PR0006409,SK ULTRA BOUNCE CONDITIONER FOR OILY HAIR - 100 ML,Production Released,PM,7156,5L00055,FRAGILE STICKER,28.22,DPO-002,1084,Draft,linked:PR,20
SO-00173,INCNUT LIFESTYLE RETAIL PRIVATE LIMITED,3333,PR0006409,SK ULTRA BOUNCE CONDITIONER FOR OILY HAIR - 100 ML,Production Released,PM,8931,5P00015,100ML SHIPPERS PRINTED 430*220*175 MM 5PLY(120GSM)PARTITION  5*10,28.22,EI/PO/26-27/912,1050,Released,unlinked,1000
SO-00034,MYSKINN,3253,PR0006870,MYSKINN INVISIBLE SHEILD SPF 50 PA ++++ 50ML,Production Released,PM,7156,5L00055,FRAGILE STICKER,12.87,DPO-002,1083,Draft,linked:PR,20
SO-00034,MYSKINN,3253,PR0006870,MYSKINN INVISIBLE SHEILD SPF 50 PA ++++ 50ML,Production Released,PM,7156,5L00055,FRAGILE STICKER,12.87,DPO-002,1084,Draft,linked:PR,20
SO-00034,MYSKINN,3253,PR0006870,MYSKINN INVISIBLE SHEILD SPF 50 PA ++++ 50ML,Production Released,PM,8930,5000127,TRANSPARENT VOID TAMPER STICKER,1170,EI/PO/26-27/795,986,Released,unlinked,10000
SO-00034,MYSKINN,3253,PR0006870,MYSKINN INVISIBLE SHEILD SPF 50 PA ++++ 50ML,Production Released,PM,8937,5S00002,200 ML SHIPPER 500x250x200 mm with printing and 2 pads,12.87,EI/PO/26-27/809,990,Released,unlinked,3985
SO-00164,DR JAYAS EXULT COSMETICA PRIVATE LIMITED,3454,PR0004602,DR. JAYA'S EXULT BALANCING GEL CLEANSER  80ML,Production Released,PM,7397,5L00541,DR.JAYA'S EXULT BALANCING GEL CLEANSER 80ML LABEL,500,EI/PO/26-27/940,1068,Released,unlinked,500
SO-00164,DR JAYAS EXULT COSMETICA PRIVATE LIMITED,3454,PR0004602,DR. JAYA'S EXULT BALANCING GEL CLEANSER  80ML,Production Released,PM,7156,5L00055,FRAGILE STICKER,10,DPO-002,1083,Draft,linked:PR,20
SO-00164,DR JAYAS EXULT COSMETICA PRIVATE LIMITED,3454,PR0004602,DR. JAYA'S EXULT BALANCING GEL CLEANSER  80ML,Production Released,PM,7156,5L00055,FRAGILE STICKER,10,DPO-002,1084,Draft,linked:PR,20
SO-00102,SSKO,3417,PR0006789,SSKO ACNE CONTROL SERUM 30 ML,Production Released,PM,8930,5000127,TRANSPARENT VOID TAMPER STICKER,200,EI/PO/26-27/795,986,Released,unlinked,10000
SO-00102,SSKO,3417,PR0006789,SSKO ACNE CONTROL SERUM 30 ML,Production Released,PM,7156,5L00055,FRAGILE STICKER,2.22,DPO-002,1083,Draft,linked:PR,20
SO-00102,SSKO,3417,PR0006789,SSKO ACNE CONTROL SERUM 30 ML,Production Released,PM,7156,5L00055,FRAGILE STICKER,2.22,DPO-002,1084,Draft,linked:PR,20
SO-00102,SSKO,3417,PR0006789,SSKO ACNE CONTROL SERUM 30 ML,Production Released,PM,8937,5S00002,200 ML SHIPPER 500x250x200 mm with printing and 2 pads,2.22,EI/PO/26-27/809,990,Released,unlinked,3985
SO-00163,DR JAYAS EXULT COSMETICA PRIVATE LIMITED,3453,PR0003905,DR JAYA'S EXULT SUNSCREEN ADVANCED PROTECTION SPF 30 50ML,Production Released,PM,7192,5L00139,DR JAYAS EXULT SUNSCREEN SPF 30 50 ML LABEL,500,EI/PO/26-27/940,1068,Released,unlinked,530
SO-00163,DR JAYAS EXULT COSMETICA PRIVATE LIMITED,3453,PR0003905,DR JAYA'S EXULT SUNSCREEN ADVANCED PROTECTION SPF 30 50ML,Production Released,PM,7013,4001079,50 ml white airless bottle and pump set ( India ),500,EI/PO/26-27/850,1007,Released,unlinked,5000
SO-00163,DR JAYAS EXULT COSMETICA PRIVATE LIMITED,3453,PR0003905,DR JAYA'S EXULT SUNSCREEN ADVANCED PROTECTION SPF 30 50ML,Production Released,PM,7013,4001079,50 ml white airless bottle and pump set ( India ),500,EI/PO/26-27/891,1032,Released,unlinked,8000
SO-00163,DR JAYAS EXULT COSMETICA PRIVATE LIMITED,3453,PR0003905,DR JAYA'S EXULT SUNSCREEN ADVANCED PROTECTION SPF 30 50ML,Production Released,PM,7013,4001079,50 ml white airless bottle and pump set ( India ),500,EI/PO/26-27/945,1073,Released,unlinked,10000
SO-00163,DR JAYAS EXULT COSMETICA PRIVATE LIMITED,3453,PR0003905,DR JAYA'S EXULT SUNSCREEN ADVANCED PROTECTION SPF 30 50ML,Production Released,PM,7156,5L00055,FRAGILE STICKER,5,DPO-002,1083,Draft,linked:PR,20
SO-00163,DR JAYAS EXULT COSMETICA PRIVATE LIMITED,3453,PR0003905,DR JAYA'S EXULT SUNSCREEN ADVANCED PROTECTION SPF 30 50ML,Production Released,PM,7156,5L00055,FRAGILE STICKER,5,DPO-002,1084,Draft,linked:PR,20
SO-00141,CONTURA PHARMA,3440,PR0004135,CONTURA PHARMA KERADENSE HAIR SERUM 60ML,Production Released,PM,8930,5000127,TRANSPARENT VOID TAMPER STICKER,600,EI/PO/26-27/795,986,Released,unlinked,10000
SO-00141,CONTURA PHARMA,3440,PR0004135,CONTURA PHARMA KERADENSE HAIR SERUM 60ML,Production Released,PM,8413,5M00484,CONTURA PHARMA KERADENSE HAIR SERUM 60ML MONO CARTON,300,EI/PO/26-27/839,1003,Released,unlinked,320
SO-00141,CONTURA PHARMA,3440,PR0004135,CONTURA PHARMA KERADENSE HAIR SERUM 60ML,Production Released,PM,7156,5L00055,FRAGILE STICKER,9.3,DPO-002,1083,Draft,linked:PR,20
SO-00141,CONTURA PHARMA,3440,PR0004135,CONTURA PHARMA KERADENSE HAIR SERUM 60ML,Production Released,PM,7156,5L00055,FRAGILE STICKER,9.3,DPO-002,1084,Draft,linked:PR,20
SO-00141,CONTURA PHARMA,3440,PR0004135,CONTURA PHARMA KERADENSE HAIR SERUM 60ML,Production Released,PM,8937,5S00002,200 ML SHIPPER 500x250x200 mm with printing and 2 pads,9.3,EI/PO/26-27/809,990,Released,unlinked,3985
SO-00151,SN Hospital,3447,PR0002559,SN SKIN & HAIR MUCIMOIST MOISTURISER 50ML,Production Released,PM,8930,5000127,TRANSPARENT VOID TAMPER STICKER,200,EI/PO/26-27/795,986,Released,unlinked,10000
SO-00151,SN Hospital,3447,PR0002559,SN SKIN & HAIR MUCIMOIST MOISTURISER 50ML,Production Released,PM,7399,5L00543,SN SKIN&HAIR MUCIMOIST MOISTURISER 50ML LABEL,100,EI/PO/26-27/940,1068,Released,unlinked,120
SO-00151,SN Hospital,3447,PR0002559,SN SKIN & HAIR MUCIMOIST MOISTURISER 50ML,Production Released,PM,8937,5S00002,200 ML SHIPPER 500x250x200 mm with printing and 2 pads,1.38,EI/PO/26-27/809,990,Released,unlinked,3985
SO-00151,SN Hospital,3447,PR0002559,SN SKIN & HAIR MUCIMOIST MOISTURISER 50ML,Production Released,PM,7156,5L00055,FRAGILE STICKER,1.38,DPO-002,1083,Draft,linked:PR,20
SO-00151,SN Hospital,3447,PR0002559,SN SKIN & HAIR MUCIMOIST MOISTURISER 50ML,Production Released,PM,7156,5L00055,FRAGILE STICKER,1.38,DPO-002,1084,Draft,linked:PR,20
SO-00105,SRINIDHI ENTERPRISES,3419,PR0006647,DR NIDHI'S FORMULA FOOT HEALING CREAM 60GM,Production Released,PM,7014,4001080,DR NIDHI'S FORMULA FOOT HEALING CREAM 60GM PRINTED TUBE WITH FLIPTOP CAP,3000,EI/PO/26-27/849,1006,Released,unlinked,5500
SO-00105,SRINIDHI ENTERPRISES,3419,PR0006647,DR NIDHI'S FORMULA FOOT HEALING CREAM 60GM,Production Released,PM,7156,5L00055,FRAGILE STICKER,60,DPO-002,1083,Draft,linked:PR,20
SO-00105,SRINIDHI ENTERPRISES,3419,PR0006647,DR NIDHI'S FORMULA FOOT HEALING CREAM 60GM,Production Released,PM,7156,5L00055,FRAGILE STICKER,60,DPO-002,1084,Draft,linked:PR,20
SO-00105,SRINIDHI ENTERPRISES,3419,PR0006647,DR NIDHI'S FORMULA FOOT HEALING CREAM 60GM,Production Released,PM,8937,5S00002,200 ML SHIPPER 500x250x200 mm with printing and 2 pads,60,EI/PO/26-27/809,990,Released,unlinked,3985
SO-00105,SRINIDHI ENTERPRISES,3419,PR0006647,DR NIDHI'S FORMULA FOOT HEALING CREAM 60GM,Production Released,PM,8930,5000127,TRANSPARENT VOID TAMPER STICKER,6000,EI/PO/26-27/795,986,Released,unlinked,10000
SO-00148,VITAL SKIN KLINIC PRIVATE LIMITED,3445,PR0003494,SKIN VITALS BETA RETINOL SERUM 30ML,Production Released,PM,8930,5000127,TRANSPARENT VOID TAMPER STICKER,200,EI/PO/26-27/795,986,Released,unlinked,10000
SO-00148,VITAL SKIN KLINIC PRIVATE LIMITED,3445,PR0003494,SKIN VITALS BETA RETINOL SERUM 30ML,Production Released,PM,8508,5M00600,SKIN VITALS BETA RETINOL SERUM 30ML MONO CARTON,100,EI/PO/26-27/940,1068,Released,unlinked,120
SO-00148,VITAL SKIN KLINIC PRIVATE LIMITED,3445,PR0003494,SKIN VITALS BETA RETINOL SERUM 30ML,Production Released,PM,7674,5L01031,SKIN VITALS BETA RETINOL SERUM 30ML LABEL,100,EI/PO/26-27/940,1068,Released,unlinked,120
SO-00148,VITAL SKIN KLINIC PRIVATE LIMITED,3445,PR0003494,SKIN VITALS BETA RETINOL SERUM 30ML,Production Released,PM,8937,5S00002,200 ML SHIPPER 500x250x200 mm with printing and 2 pads,0.9,EI/PO/26-27/809,990,Released,unlinked,3985
SO-00148,VITAL SKIN KLINIC PRIVATE LIMITED,3445,PR0003494,SKIN VITALS BETA RETINOL SERUM 30ML,Production Released,PM,7156,5L00055,FRAGILE STICKER,0.9,DPO-002,1083,Draft,linked:PR,20
SO-00148,VITAL SKIN KLINIC PRIVATE LIMITED,3445,PR0003494,SKIN VITALS BETA RETINOL SERUM 30ML,Production Released,PM,7156,5L00055,FRAGILE STICKER,0.9,DPO-002,1084,Draft,linked:PR,20
SO-00204,INCNUT LIFESTYLE RETAIL PRIVATE LIMITED,3484,SK2109SDC,SKINKRAFT DRY-TOUCH SHEER CRÈME SPF 45 PA+++ FOR NORMAL TO DRY SKIN  50 ML,Production Released,PM,7156,5L00055,FRAGILE STICKER,140,DPO-002,1083,Draft,linked:PR,20
SO-00204,INCNUT LIFESTYLE RETAIL PRIVATE LIMITED,3484,SK2109SDC,SKINKRAFT DRY-TOUCH SHEER CRÈME SPF 45 PA+++ FOR NORMAL TO DRY SKIN  50 ML,Production Released,PM,7156,5L00055,FRAGILE STICKER,140,DPO-002,1084,Draft,linked:PR,20
SO-00560,OLIVA SKIN AND HAIR CLINIC,3247,PR0003988,OLIVA SUNSCREEN MATTE GEL CREAM SPF 50+ PA++++ OILY/COMBINATION SKIN 50 ML,Production Released,PM,7156,5L00055,FRAGILE STICKER,5.93,DPO-002,1083,Draft,linked:PR,20
SO-00560,OLIVA SKIN AND HAIR CLINIC,3247,PR0003988,OLIVA SUNSCREEN MATTE GEL CREAM SPF 50+ PA++++ OILY/COMBINATION SKIN 50 ML,Production Released,PM,7156,5L00055,FRAGILE STICKER,5.93,DPO-002,1084,Draft,linked:PR,20
SO-00560,OLIVA SKIN AND HAIR CLINIC,3247,PR0003988,OLIVA SUNSCREEN MATTE GEL CREAM SPF 50+ PA++++ OILY/COMBINATION SKIN 50 ML,Production Released,PM,7013,4001079,50 ml white airless bottle and pump set ( India ),593,EI/PO/26-27/850,1007,Released,unlinked,5000
SO-00560,OLIVA SKIN AND HAIR CLINIC,3247,PR0003988,OLIVA SUNSCREEN MATTE GEL CREAM SPF 50+ PA++++ OILY/COMBINATION SKIN 50 ML,Production Released,PM,7013,4001079,50 ml white airless bottle and pump set ( India ),593,EI/PO/26-27/891,1032,Released,unlinked,8000
SO-00560,OLIVA SKIN AND HAIR CLINIC,3247,PR0003988,OLIVA SUNSCREEN MATTE GEL CREAM SPF 50+ PA++++ OILY/COMBINATION SKIN 50 ML,Production Released,PM,7013,4001079,50 ml white airless bottle and pump set ( India ),593,EI/PO/26-27/945,1073,Released,unlinked,10000
SO-00047,MYSKINN,3350,PR0006989,MYSKINN INVISIBLE SHIELD MOISTURISING SUNSCREEN SPF 50 PA++++ 100ML,Production Released,PM,7105,4001195,MYSKINN INVISIBLE SHIELD MOISTURISING SUNSCREEN SPF 50 PA++++ 100ML PRINTED TUBE WITH FLIPTOP CAP,2000,EI/PO/26-27/817,992,Released,unlinked,10000
SO-00047,MYSKINN,3350,PR0006989,MYSKINN INVISIBLE SHIELD MOISTURISING SUNSCREEN SPF 50 PA++++ 100ML,Production Released,PM,7156,5L00055,FRAGILE STICKER,34,DPO-002,1083,Draft,linked:PR,20
SO-00047,MYSKINN,3350,PR0006989,MYSKINN INVISIBLE SHIELD MOISTURISING SUNSCREEN SPF 50 PA++++ 100ML,Production Released,PM,7156,5L00055,FRAGILE STICKER,34,DPO-002,1084,Draft,linked:PR,20
SO-00206,INCNUT LIFESTYLE RETAIL PRIVATE LIMITED,3541,PR0004974,VEDIX TEJ AQUA RADIANCE SUNSCREEN SPF 50 PA+++ 50 GM,Production Released,PM,7156,5L00055,FRAGILE STICKER,20,DPO-002,1083,Draft,linked:PR,20
SO-00206,INCNUT LIFESTYLE RETAIL PRIVATE LIMITED,3541,PR0004974,VEDIX TEJ AQUA RADIANCE SUNSCREEN SPF 50 PA+++ 50 GM,Production Released,PM,7156,5L00055,FRAGILE STICKER,20,DPO-002,1084,Draft,linked:PR,20
SO-00206,INCNUT LIFESTYLE RETAIL PRIVATE LIMITED,3541,PR0004974,VEDIX TEJ AQUA RADIANCE SUNSCREEN SPF 50 PA+++ 50 GM,Production Released,PM,6779,4000504,50 ML - 35 DIA X 110 MM VEDIX BLACK COLOR PLAIN TUBE WITH GOLD METALISED FLIP TOP CAP WITH LABEL,1000,EI/PO/26-27/857,1012,Released,unlinked,10000
SO-00204,INCNUT LIFESTYLE RETAIL PRIVATE LIMITED,3519,PR0004974,VEDIX TEJ AQUA RADIANCE SUNSCREEN SPF 50 PA+++ 50 GM,Production Released,PM,7156,5L00055,FRAGILE STICKER,140,DPO-002,1083,Draft,linked:PR,20
SO-00204,INCNUT LIFESTYLE RETAIL PRIVATE LIMITED,3519,PR0004974,VEDIX TEJ AQUA RADIANCE SUNSCREEN SPF 50 PA+++ 50 GM,Production Released,PM,7156,5L00055,FRAGILE STICKER,140,DPO-002,1084,Draft,linked:PR,20
SO-00204,INCNUT LIFESTYLE RETAIL PRIVATE LIMITED,3519,PR0004974,VEDIX TEJ AQUA RADIANCE SUNSCREEN SPF 50 PA+++ 50 GM,Production Released,PM,6779,4000504,50 ML - 35 DIA X 110 MM VEDIX BLACK COLOR PLAIN TUBE WITH GOLD METALISED FLIP TOP CAP WITH LABEL,7000,EI/PO/26-27/857,1012,Released,unlinked,10000
SO-00142,INCNUT LIFESTYLE RETAIL PRIVATE LIMITED,3320,PR0006683,SKINKRAFT ADVANCE 98% SNAIL NUCIN HYDRATING SERUM - 100ML,Production Released,PM,7064,4001150,24/410 MM SCREW LOTION PUMP WITH TRANSPARENT OVERCAP,7452,EI/PO/26-27/838,1002,Released,unlinked,3058
SO-00142,INCNUT LIFESTYLE RETAIL PRIVATE LIMITED,3320,PR0006683,SKINKRAFT ADVANCE 98% SNAIL NUCIN HYDRATING SERUM - 100ML,Production Released,PM,6988,4001052,100 ml FLAT SHOULDER GLASS FROSTED BOTTLE,7452,EI/PO/26-27/838,1002,Released,unlinked,3058
SO-00142,INCNUT LIFESTYLE RETAIL PRIVATE LIMITED,3320,PR0006683,SKINKRAFT ADVANCE 98% SNAIL NUCIN HYDRATING SERUM - 100ML,Production Released,PM,7156,5L00055,FRAGILE STICKER,149.04,DPO-002,1083,Draft,linked:PR,20
SO-00142,INCNUT LIFESTYLE RETAIL PRIVATE LIMITED,3320,PR0006683,SKINKRAFT ADVANCE 98% SNAIL NUCIN HYDRATING SERUM - 100ML,Production Released,PM,7156,5L00055,FRAGILE STICKER,149.04,DPO-002,1084,Draft,linked:PR,20
SO-00142,INCNUT LIFESTYLE RETAIL PRIVATE LIMITED,3320,PR0006683,SKINKRAFT ADVANCE 98% SNAIL NUCIN HYDRATING SERUM - 100ML,Production Released,PM,8931,5P00015,100ML SHIPPERS PRINTED 430*220*175 MM 5PLY(120GSM)PARTITION  5*10,149.04,EI/PO/26-27/912,1050,Released,unlinked,1000
SO-00162,SADHAVI WELLNESS PRIVATE LIMITED,3452,PR0006343,YPLAYZ SOOTHE OPERATOR RESTORATIVE ROLL ON 40ML,Production Released,PM,7156,5L00055,FRAGILE STICKER,26.6,DPO-002,1083,Draft,linked:PR,20
SO-00162,SADHAVI WELLNESS PRIVATE LIMITED,3452,PR0006343,YPLAYZ SOOTHE OPERATOR RESTORATIVE ROLL ON 40ML,Production Released,PM,7156,5L00055,FRAGILE STICKER,26.6,DPO-002,1084,Draft,linked:PR,20
SO-00162,SADHAVI WELLNESS PRIVATE LIMITED,3452,PR0006343,YPLAYZ SOOTHE OPERATOR RESTORATIVE ROLL ON 40ML,Production Released,PM,8724,5M00918,YPLAYZ SOOTHE OPERATOR RESTORATIVE ROLL ON 40ML MONOCARTON,3800,EI/PO/26-27/905,1044,Released,unlinked,3000
SO-00162,SADHAVI WELLNESS PRIVATE LIMITED,3452,PR0006343,YPLAYZ SOOTHE OPERATOR RESTORATIVE ROLL ON 40ML,Production Released,PM,8931,5P00015,100ML SHIPPERS PRINTED 430*220*175 MM 5PLY(120GSM)PARTITION  5*10,26.22,EI/PO/26-27/912,1050,Released,unlinked,1000
SO-00603,HEALTH Q LIFESCIENCES PRIVATE LIMITED,3278,PR0007048,SKINQ RX HYDRATE SUN PROTECTION_KC 5ML,Production Released,PM,8937,5S00002,200 ML SHIPPER 500x250x200 mm with printing and 2 pads,12,EI/PO/26-27/809,990,Released,unlinked,3985
SO-00603,HEALTH Q LIFESCIENCES PRIVATE LIMITED,3278,PR0007048,SKINQ RX HYDRATE SUN PROTECTION_KC 5ML,Production Released,PM,7156,5L00055,FRAGILE STICKER,12,DPO-002,1083,Draft,linked:PR,20
SO-00603,HEALTH Q LIFESCIENCES PRIVATE LIMITED,3278,PR0007048,SKINQ RX HYDRATE SUN PROTECTION_KC 5ML,Production Released,PM,7156,5L00055,FRAGILE STICKER,12,DPO-002,1084,Draft,linked:PR,20
SO-00476,PK SKIN CITY,3398,PR0007277,PREMIST CERAMIDE NOURISHING BODY MOISTURIZER 500ML,Production Released,PM,7156,5L00055,FRAGILE STICKER,20,DPO-002,1083,Draft,linked:PR,20
SO-00476,PK SKIN CITY,3398,PR0007277,PREMIST CERAMIDE NOURISHING BODY MOISTURIZER 500ML,Production Released,PM,7156,5L00055,FRAGILE STICKER,20,DPO-002,1084,Draft,linked:PR,20
SO-00476,PK SKIN CITY,3398,PR0007277,PREMIST CERAMIDE NOURISHING BODY MOISTURIZER 500ML,Production Released,PM,8937,5S00002,200 ML SHIPPER 500x250x200 mm with printing and 2 pads,20,EI/PO/26-27/809,990,Released,unlinked,3985
SO-00067,HEALTH Q LIFESCIENCES PRIVATE LIMITED,3311,PR0007213,SKINQ HYDRATE SUN PROTECTION_KC 5ML,Production Released,PM,7101,4001188,SKINQ HYDRATE SUN PROTECTION 5ML PRE PRINTED ROLL ( SACHET ),6000,EI/PO/26-27/665,949,Released,unlinked,6000
SO-00067,HEALTH Q LIFESCIENCES PRIVATE LIMITED,3311,PR0007213,SKINQ HYDRATE SUN PROTECTION_KC 5ML,Production Released,PM,7101,4001188,SKINQ HYDRATE SUN PROTECTION 5ML PRE PRINTED ROLL ( SACHET ),6000,EI/PO/26-27/643,955,Released,unlinked,501
SO-00067,HEALTH Q LIFESCIENCES PRIVATE LIMITED,3311,PR0007213,SKINQ HYDRATE SUN PROTECTION_KC 5ML,Production Released,PM,7156,5L00055,FRAGILE STICKER,12,DPO-002,1083,Draft,linked:PR,20
SO-00067,HEALTH Q LIFESCIENCES PRIVATE LIMITED,3311,PR0007213,SKINQ HYDRATE SUN PROTECTION_KC 5ML,Production Released,PM,7156,5L00055,FRAGILE STICKER,12,DPO-002,1084,Draft,linked:PR,20
SO-00067,HEALTH Q LIFESCIENCES PRIVATE LIMITED,3311,PR0007213,SKINQ HYDRATE SUN PROTECTION_KC 5ML,Production Released,PM,8937,5S00002,200 ML SHIPPER 500x250x200 mm with printing and 2 pads,12,EI/PO/26-27/809,990,Released,unlinked,3985
SO-00475,DR JAYAS EXULT COSMETICA PRIVATE LIMITED,3302,PR0004196,DR.JAYA'S EXULT ULTRA NOURISHING NIACINAMIDE SERUM 30ML,Production Released,PM,6789,4000518,18/410 OIL PUMP-WHITE-RIBBED WITH WHITE DUST CAP(I),6,EI/PO/26-27/692,940,Released,other-ref,1400
SO-00475,DR JAYAS EXULT COSMETICA PRIVATE LIMITED,3302,PR0004196,DR.JAYA'S EXULT ULTRA NOURISHING NIACINAMIDE SERUM 30ML,Production Released,PM,7156,5L00055,FRAGILE STICKER,0.132,DPO-002,1083,Draft,linked:PR,20
SO-00475,DR JAYAS EXULT COSMETICA PRIVATE LIMITED,3302,PR0004196,DR.JAYA'S EXULT ULTRA NOURISHING NIACINAMIDE SERUM 30ML,Production Released,PM,7156,5L00055,FRAGILE STICKER,0.132,DPO-002,1084,Draft,linked:PR,20
SO-00475,DR JAYAS EXULT COSMETICA PRIVATE LIMITED,3302,PR0004196,DR.JAYA'S EXULT ULTRA NOURISHING NIACINAMIDE SERUM 30ML,Production Released,PM,8937,5S00002,200 ML SHIPPER 500x250x200 mm with printing and 2 pads,0.1332,EI/PO/26-27/809,990,Released,unlinked,3985
SO-00475,DR JAYAS EXULT COSMETICA PRIVATE LIMITED,3302,PR0004196,DR.JAYA'S EXULT ULTRA NOURISHING NIACINAMIDE SERUM 30ML,Production Released,PM,8930,5000127,TRANSPARENT VOID TAMPER STICKER,12,EI/PO/26-27/795,986,Released,unlinked,10000
SO-00601,HEALTH Q LIFESCIENCES PRIVATE LIMITED,3294,PR0007211,SKINQ DETAN SUN PROTECTION_KC 5ML(IND),Production Released,PM,8937,5S00002,200 ML SHIPPER 500x250x200 mm with printing and 2 pads,12,EI/PO/26-27/809,990,Released,unlinked,3985
SO-00601,HEALTH Q LIFESCIENCES PRIVATE LIMITED,3294,PR0007211,SKINQ DETAN SUN PROTECTION_KC 5ML(IND),Production Released,PM,7156,5L00055,FRAGILE STICKER,12,DPO-002,1083,Draft,linked:PR,20
SO-00601,HEALTH Q LIFESCIENCES PRIVATE LIMITED,3294,PR0007211,SKINQ DETAN SUN PROTECTION_KC 5ML(IND),Production Released,PM,7156,5L00055,FRAGILE STICKER,12,DPO-002,1084,Draft,linked:PR,20
SO-00601,HEALTH Q LIFESCIENCES PRIVATE LIMITED,3294,PR0007211,SKINQ DETAN SUN PROTECTION_KC 5ML(IND),Production Released,PM,7100,4001187,SKINQ DETAN SUN PROTECTION 5ML PRE PRINTED ROLL ( SACHET ),1.2,EI/PO/26-27/665,949,Released,unlinked,6000
SO-00051,NEW DERMAPLUS MEDICAL STORE,3346,PR0006810,PRIMARIO HYDRO GLOW OIL FREE MOISTURIZING GEL 50G,Production Released,PM,7156,5L00055,FRAGILE STICKER,20,DPO-002,1083,Draft,linked:PR,20
SO-00051,NEW DERMAPLUS MEDICAL STORE,3346,PR0006810,PRIMARIO HYDRO GLOW OIL FREE MOISTURIZING GEL 50G,Production Released,PM,7156,5L00055,FRAGILE STICKER,20,DPO-002,1084,Draft,linked:PR,20
SO-00051,NEW DERMAPLUS MEDICAL STORE,3346,PR0006810,PRIMARIO HYDRO GLOW OIL FREE MOISTURIZING GEL 50G,Production Released,PM,7013,4001079,50 ml white airless bottle and pump set ( India ),1000,EI/PO/26-27/850,1007,Released,unlinked,5000
SO-00051,NEW DERMAPLUS MEDICAL STORE,3346,PR0006810,PRIMARIO HYDRO GLOW OIL FREE MOISTURIZING GEL 50G,Production Released,PM,7013,4001079,50 ml white airless bottle and pump set ( India ),1000,EI/PO/26-27/891,1032,Released,unlinked,8000
SO-00051,NEW DERMAPLUS MEDICAL STORE,3346,PR0006810,PRIMARIO HYDRO GLOW OIL FREE MOISTURIZING GEL 50G,Production Released,PM,7013,4001079,50 ml white airless bottle and pump set ( India ),1000,EI/PO/26-27/945,1073,Released,unlinked,10000
SO-00051,NEW DERMAPLUS MEDICAL STORE,3346,PR0006810,PRIMARIO HYDRO GLOW OIL FREE MOISTURIZING GEL 50G,Production Released,PM,8739,5M00936,PRIMARIO HYDRO GLOW OIL FREE MOISTURIZING GEL 50G MONOCARTON,1000,EI/PO/26-27/839,1003,Released,unlinked,1050
SO-00051,NEW DERMAPLUS MEDICAL STORE,3346,PR0006810,PRIMARIO HYDRO GLOW OIL FREE MOISTURIZING GEL 50G,Production Released,PM,8930,5000127,TRANSPARENT VOID TAMPER STICKER,2000,EI/PO/26-27/795,986,Released,unlinked,10000
SO-00051,NEW DERMAPLUS MEDICAL STORE,3346,PR0006810,PRIMARIO HYDRO GLOW OIL FREE MOISTURIZING GEL 50G,Production Released,PM,8937,5S00002,200 ML SHIPPER 500x250x200 mm with printing and 2 pads,20,EI/PO/26-27/809,990,Released,unlinked,3985
SO-00053,HEALTH Q LIFESCIENCES PRIVATE LIMITED,3344,PR0007031,SKINQ RX PHOTO DEFENSE GEL SUNSCREEN 50ML,Production Released,PM,7059,4001145,SKINQ RX 30 ML/50 ML AIRLESS PUMP WITH OVERCAP,1350,EI/PO/26-27/950,1076,Released,unlinked,12000
SO-00053,HEALTH Q LIFESCIENCES PRIVATE LIMITED,3344,PR0007031,SKINQ RX PHOTO DEFENSE GEL SUNSCREEN 50ML,Production Released,PM,7156,5L00055,FRAGILE STICKER,4.05,DPO-002,1083,Draft,linked:PR,20
SO-00053,HEALTH Q LIFESCIENCES PRIVATE LIMITED,3344,PR0007031,SKINQ RX PHOTO DEFENSE GEL SUNSCREEN 50ML,Production Released,PM,7156,5L00055,FRAGILE STICKER,4.05,DPO-002,1084,Draft,linked:PR,20
SO-00081,HEALTH Q LIFESCIENCES PRIVATE LIMITED,3313,PR0007031,SKINQ RX PHOTO DEFENSE GEL SUNSCREEN 50ML,Production Released,PM,7059,4001145,SKINQ RX 30 ML/50 ML AIRLESS PUMP WITH OVERCAP,2783,EI/PO/26-27/950,1076,Released,unlinked,12000
SO-00081,HEALTH Q LIFESCIENCES PRIVATE LIMITED,3313,PR0007031,SKINQ RX PHOTO DEFENSE GEL SUNSCREEN 50ML,Production Released,PM,7156,5L00055,FRAGILE STICKER,8.349,DPO-002,1083,Draft,linked:PR,20
SO-00081,HEALTH Q LIFESCIENCES PRIVATE LIMITED,3313,PR0007031,SKINQ RX PHOTO DEFENSE GEL SUNSCREEN 50ML,Production Released,PM,7156,5L00055,FRAGILE STICKER,8.349,DPO-002,1084,Draft,linked:PR,20
SO-00178,KOSMODERMA HEALTHCARE PRIVATE LIMITED,3466,PR0003760,KOSMODERMA PHOTO PROTECT SUNSCREEN GEL SPF 40 PA+++ 50ML,Production Released,PM,7013,4001079,50 ml white airless bottle and pump set ( India ),1000,EI/PO/26-27/850,1007,Released,unlinked,5000
SO-00178,KOSMODERMA HEALTHCARE PRIVATE LIMITED,3466,PR0003760,KOSMODERMA PHOTO PROTECT SUNSCREEN GEL SPF 40 PA+++ 50ML,Production Released,PM,7013,4001079,50 ml white airless bottle and pump set ( India ),1000,EI/PO/26-27/891,1032,Released,unlinked,8000
SO-00178,KOSMODERMA HEALTHCARE PRIVATE LIMITED,3466,PR0003760,KOSMODERMA PHOTO PROTECT SUNSCREEN GEL SPF 40 PA+++ 50ML,Production Released,PM,7013,4001079,50 ml white airless bottle and pump set ( India ),1000,EI/PO/26-27/945,1073,Released,unlinked,10000
SO-00178,KOSMODERMA HEALTHCARE PRIVATE LIMITED,3466,PR0003760,KOSMODERMA PHOTO PROTECT SUNSCREEN GEL SPF 40 PA+++ 50ML,Production Released,PM,7992,5L01591,KOSMODERMA PHOTO PROTECT SUNSCREEN GEL 50ML LABEL ( INDIAN AIRLESS ),1000,EI/PO/26-27/829,997,Released,unlinked,1000
SO-00178,KOSMODERMA HEALTHCARE PRIVATE LIMITED,3466,PR0003760,KOSMODERMA PHOTO PROTECT SUNSCREEN GEL SPF 40 PA+++ 50ML,Production Released,PM,7156,5L00055,FRAGILE STICKER,7.8,DPO-002,1083,Draft,linked:PR,20
SO-00178,KOSMODERMA HEALTHCARE PRIVATE LIMITED,3466,PR0003760,KOSMODERMA PHOTO PROTECT SUNSCREEN GEL SPF 40 PA+++ 50ML,Production Released,PM,7156,5L00055,FRAGILE STICKER,7.8,DPO-002,1084,Draft,linked:PR,20
SO-00108,KOSMODERMA HEALTHCARE PRIVATE LIMITED,3319,PR0003760,KOSMODERMA PHOTO PROTECT SUNSCREEN GEL SPF 40 PA+++ 50ML,Production Released,PM,7013,4001079,50 ml white airless bottle and pump set ( India ),502,EI/PO/26-27/850,1007,Released,unlinked,5000
SO-00108,KOSMODERMA HEALTHCARE PRIVATE LIMITED,3319,PR0003760,KOSMODERMA PHOTO PROTECT SUNSCREEN GEL SPF 40 PA+++ 50ML,Production Released,PM,7013,4001079,50 ml white airless bottle and pump set ( India ),502,EI/PO/26-27/891,1032,Released,unlinked,8000
SO-00108,KOSMODERMA HEALTHCARE PRIVATE LIMITED,3319,PR0003760,KOSMODERMA PHOTO PROTECT SUNSCREEN GEL SPF 40 PA+++ 50ML,Production Released,PM,7013,4001079,50 ml white airless bottle and pump set ( India ),502,EI/PO/26-27/945,1073,Released,unlinked,10000
SO-00108,KOSMODERMA HEALTHCARE PRIVATE LIMITED,3319,PR0003760,KOSMODERMA PHOTO PROTECT SUNSCREEN GEL SPF 40 PA+++ 50ML,Production Released,PM,7992,5L01591,KOSMODERMA PHOTO PROTECT SUNSCREEN GEL 50ML LABEL ( INDIAN AIRLESS ),502,EI/PO/26-27/829,997,Released,unlinked,1000
SO-00108,KOSMODERMA HEALTHCARE PRIVATE LIMITED,3319,PR0003760,KOSMODERMA PHOTO PROTECT SUNSCREEN GEL SPF 40 PA+++ 50ML,Production Released,PM,7156,5L00055,FRAGILE STICKER,3.9156,DPO-002,1083,Draft,linked:PR,20
SO-00108,KOSMODERMA HEALTHCARE PRIVATE LIMITED,3319,PR0003760,KOSMODERMA PHOTO PROTECT SUNSCREEN GEL SPF 40 PA+++ 50ML,Production Released,PM,7156,5L00055,FRAGILE STICKER,3.9156,DPO-002,1084,Draft,linked:PR,20
SO-00657,HEALTH Q LIFESCIENCES PRIVATE LIMITED,3380,PR0006916,SKINQ SUN PROTECT ULTRA LIGHT GEL (SUNSCREEN) 10ML_Sample pack,Production Released,PM,7156,5L00055,FRAGILE STICKER,200,DPO-002,1083,Draft,linked:PR,20
SO-00657,HEALTH Q LIFESCIENCES PRIVATE LIMITED,3380,PR0006916,SKINQ SUN PROTECT ULTRA LIGHT GEL (SUNSCREEN) 10ML_Sample pack,Production Released,PM,7156,5L00055,FRAGILE STICKER,200,DPO-002,1084,Draft,linked:PR,20
SO-00657,HEALTH Q LIFESCIENCES PRIVATE LIMITED,3380,PR0006916,SKINQ SUN PROTECT ULTRA LIGHT GEL (SUNSCREEN) 10ML_Sample pack,Production Released,PM,9062,5P00001,30GB SHIPPER WITH PARTITION 370x370x120 5ply with printing & partion 10x10,200,EI/PO/26-27/687,943,Released,unlinked,2000
SO-00602,HEALTH Q LIFESCIENCES PRIVATE LIMITED,3285,PR0007065,SKINQ RX POST FACIAL CARE_KC 5ML,Production Released,PM,7156,5L00055,FRAGILE STICKER,12,DPO-002,1083,Draft,linked:PR,20
SO-00602,HEALTH Q LIFESCIENCES PRIVATE LIMITED,3285,PR0007065,SKINQ RX POST FACIAL CARE_KC 5ML,Production Released,PM,7156,5L00055,FRAGILE STICKER,12,DPO-002,1084,Draft,linked:PR,20
SO-00602,HEALTH Q LIFESCIENCES PRIVATE LIMITED,3285,PR0007065,SKINQ RX POST FACIAL CARE_KC 5ML,Production Released,PM,8937,5S00002,200 ML SHIPPER 500x250x200 mm with printing and 2 pads,12,EI/PO/26-27/809,990,Released,unlinked,3985
SO-00067,HEALTH Q LIFESCIENCES PRIVATE LIMITED,3310,PR0007212,SKINQ HYDRATE POST FACIAL CARE_KC 5ML,Production Released,PM,7099,4001186,SKINQ HYDRATE POST FACIAL CARE 5ML PRE PRINTED ROLL ( SACHET ),3785,EI/PO/26-27/665,949,Released,unlinked,6000
SO-00067,HEALTH Q LIFESCIENCES PRIVATE LIMITED,3310,PR0007212,SKINQ HYDRATE POST FACIAL CARE_KC 5ML,Production Released,PM,7099,4001186,SKINQ HYDRATE POST FACIAL CARE 5ML PRE PRINTED ROLL ( SACHET ),3785,EI/PO/26-27/643,955,Released,unlinked,4180
SO-00067,HEALTH Q LIFESCIENCES PRIVATE LIMITED,3310,PR0007212,SKINQ HYDRATE POST FACIAL CARE_KC 5ML,Production Released,PM,7156,5L00055,FRAGILE STICKER,7.57,DPO-002,1083,Draft,linked:PR,20
SO-00067,HEALTH Q LIFESCIENCES PRIVATE LIMITED,3310,PR0007212,SKINQ HYDRATE POST FACIAL CARE_KC 5ML,Production Released,PM,7156,5L00055,FRAGILE STICKER,7.57,DPO-002,1084,Draft,linked:PR,20
SO-00067,HEALTH Q LIFESCIENCES PRIVATE LIMITED,3310,PR0007212,SKINQ HYDRATE POST FACIAL CARE_KC 5ML,Production Released,PM,8937,5S00002,200 ML SHIPPER 500x250x200 mm with printing and 2 pads,7.57,EI/PO/26-27/809,990,Released,unlinked,3985
SO-00088,HEALTH Q LIFESCIENCES PRIVATE LIMITED,3314,PR0006908,SKINQ MOISTURE BALM 50 ML,Production Released,PM,7050,4001135,SKINQ 30/50 ML SILVER AND WHITE AIRLESS PUMP,5350,EI/PO/26-27/950,1076,Released,unlinked,99958
SO-00088,HEALTH Q LIFESCIENCES PRIVATE LIMITED,3314,PR0006908,SKINQ MOISTURE BALM 50 ML,Production Released,PM,7156,5L00055,FRAGILE STICKER,535,DPO-002,1083,Draft,linked:PR,20
SO-00088,HEALTH Q LIFESCIENCES PRIVATE LIMITED,3314,PR0006908,SKINQ MOISTURE BALM 50 ML,Production Released,PM,7156,5L00055,FRAGILE STICKER,535,DPO-002,1084,Draft,linked:PR,20
SO-00088,HEALTH Q LIFESCIENCES PRIVATE LIMITED,3314,PR0006908,SKINQ MOISTURE BALM 50 ML,Production Released,PM,9068,5P00043,SKINQ 50 ML OUTER SHIPPER - (590x350x170),535,EI/PO/26-27/673,946,Released,unlinked,500
SO-00012,HEALTH Q LIFESCIENCES PRIVATE LIMITED,3265,PR0006906,SKINQ SUN PROTECT ULTRA LIGHT GEL SPF 50+ 50ML,Production Released,PM,7156,5L00055,FRAGILE STICKER,109.35,DPO-002,1083,Draft,linked:PR,20
SO-00012,HEALTH Q LIFESCIENCES PRIVATE LIMITED,3265,PR0006906,SKINQ SUN PROTECT ULTRA LIGHT GEL SPF 50+ 50ML,Production Released,PM,7156,5L00055,FRAGILE STICKER,109.35,DPO-002,1084,Draft,linked:PR,20
SO-00012,HEALTH Q LIFESCIENCES PRIVATE LIMITED,3265,PR0006906,SKINQ SUN PROTECT ULTRA LIGHT GEL SPF 50+ 50ML,Production Released,PM,7050,4001135,SKINQ 30/50 ML SILVER AND WHITE AIRLESS PUMP,4374,EI/PO/26-27/950,1076,Released,unlinked,99958
SO-00012,HEALTH Q LIFESCIENCES PRIVATE LIMITED,3265,PR0006906,SKINQ SUN PROTECT ULTRA LIGHT GEL SPF 50+ 50ML,Production Released,PM,9068,5P00043,SKINQ 50 ML OUTER SHIPPER - (590x350x170),109.35,EI/PO/26-27/673,946,Released,unlinked,500
SO-00468,HEALTH Q LIFESCIENCES PRIVATE LIMITED,3245,PR0006906,SKINQ SUN PROTECT ULTRA LIGHT GEL SPF 50+ 50ML,Production Released,PM,7156,5L00055,FRAGILE STICKER,72.675,DPO-002,1083,Draft,linked:PR,20
SO-00468,HEALTH Q LIFESCIENCES PRIVATE LIMITED,3245,PR0006906,SKINQ SUN PROTECT ULTRA LIGHT GEL SPF 50+ 50ML,Production Released,PM,7156,5L00055,FRAGILE STICKER,72.675,DPO-002,1084,Draft,linked:PR,20
SO-00468,HEALTH Q LIFESCIENCES PRIVATE LIMITED,3245,PR0006906,SKINQ SUN PROTECT ULTRA LIGHT GEL SPF 50+ 50ML,Production Released,PM,7050,4001135,SKINQ 30/50 ML SILVER AND WHITE AIRLESS PUMP,2907,EI/PO/26-27/950,1076,Released,unlinked,99958
SO-00468,HEALTH Q LIFESCIENCES PRIVATE LIMITED,3245,PR0006906,SKINQ SUN PROTECT ULTRA LIGHT GEL SPF 50+ 50ML,Production Released,PM,9068,5P00043,SKINQ 50 ML OUTER SHIPPER - (590x350x170),72.675,EI/PO/26-27/673,946,Released,unlinked,500
SO-00090,HEALTH Q LIFESCIENCES PRIVATE LIMITED,3315,PR0006906,SKINQ SUN PROTECT ULTRA LIGHT GEL SPF 50+ 50ML,Production Released,PM,7156,5L00055,FRAGILE STICKER,476.85,DPO-002,1083,Draft,linked:PR,20
SO-00090,HEALTH Q LIFESCIENCES PRIVATE LIMITED,3315,PR0006906,SKINQ SUN PROTECT ULTRA LIGHT GEL SPF 50+ 50ML,Production Released,PM,7156,5L00055,FRAGILE STICKER,476.85,DPO-002,1084,Draft,linked:PR,20
SO-00090,HEALTH Q LIFESCIENCES PRIVATE LIMITED,3315,PR0006906,SKINQ SUN PROTECT ULTRA LIGHT GEL SPF 50+ 50ML,Production Released,PM,7050,4001135,SKINQ 30/50 ML SILVER AND WHITE AIRLESS PUMP,19074,EI/PO/26-27/950,1076,Released,unlinked,99958
SO-00090,HEALTH Q LIFESCIENCES PRIVATE LIMITED,3315,PR0006906,SKINQ SUN PROTECT ULTRA LIGHT GEL SPF 50+ 50ML,Production Released,PM,9068,5P00043,SKINQ 50 ML OUTER SHIPPER - (590x350x170),476.85,EI/PO/26-27/673,946,Released,unlinked,500
SO-00082,HEALTH Q LIFESCIENCES PRIVATE LIMITED,3405,PR0007032,SKINQ RX HYDRA FIX BALM 50ML,Production Released,PM,7059,4001145,SKINQ RX 30 ML/50 ML AIRLESS PUMP WITH OVERCAP,4000,EI/PO/26-27/950,1076,Released,unlinked,12000
SO-00082,HEALTH Q LIFESCIENCES PRIVATE LIMITED,3405,PR0007032,SKINQ RX HYDRA FIX BALM 50ML,Production Released,PM,7156,5L00055,FRAGILE STICKER,100,DPO-002,1083,Draft,linked:PR,20
SO-00082,HEALTH Q LIFESCIENCES PRIVATE LIMITED,3405,PR0007032,SKINQ RX HYDRA FIX BALM 50ML,Production Released,PM,7156,5L00055,FRAGILE STICKER,100,DPO-002,1084,Draft,linked:PR,20
SO-00089,HEALTH Q LIFESCIENCES PRIVATE LIMITED,3411,PR0006913,SKINQ 15% VITAMIN C GLOW SERUM 30ML,Production Released,PM,7050,4001135,SKINQ 30/50 ML SILVER AND WHITE AIRLESS PUMP,18000,EI/PO/26-27/950,1076,Released,unlinked,99958
SO-00089,HEALTH Q LIFESCIENCES PRIVATE LIMITED,3411,PR0006913,SKINQ 15% VITAMIN C GLOW SERUM 30ML,Production Released,PM,8763,5M00973,SKINQ 15% VITAMIN C GLOW SERUM 30ML MONOCARTON,18000,EI/PO/26-27/665,949,Released,unlinked,8868
SO-00089,HEALTH Q LIFESCIENCES PRIVATE LIMITED,3411,PR0006913,SKINQ 15% VITAMIN C GLOW SERUM 30ML,Production Released,PM,7156,5L00055,FRAGILE STICKER,1800,DPO-002,1083,Draft,linked:PR,20
SO-00089,HEALTH Q LIFESCIENCES PRIVATE LIMITED,3411,PR0006913,SKINQ 15% VITAMIN C GLOW SERUM 30ML,Production Released,PM,7156,5L00055,FRAGILE STICKER,1800,DPO-002,1084,Draft,linked:PR,20
SO-00494,HEALTH Q LIFESCIENCES PRIVATE LIMITED,3246,PR0006913,SKINQ 15% VITAMIN C GLOW SERUM 30ML,Production Released,PM,7050,4001135,SKINQ 30/50 ML SILVER AND WHITE AIRLESS PUMP,432,EI/PO/26-27/950,1076,Released,unlinked,99958
SO-00494,HEALTH Q LIFESCIENCES PRIVATE LIMITED,3246,PR0006913,SKINQ 15% VITAMIN C GLOW SERUM 30ML,Production Released,PM,8763,5M00973,SKINQ 15% VITAMIN C GLOW SERUM 30ML MONOCARTON,432,EI/PO/26-27/665,949,Released,unlinked,8868
SO-00494,HEALTH Q LIFESCIENCES PRIVATE LIMITED,3246,PR0006913,SKINQ 15% VITAMIN C GLOW SERUM 30ML,Production Released,PM,7156,5L00055,FRAGILE STICKER,43.2,DPO-002,1083,Draft,linked:PR,20
SO-00494,HEALTH Q LIFESCIENCES PRIVATE LIMITED,3246,PR0006913,SKINQ 15% VITAMIN C GLOW SERUM 30ML,Production Released,PM,7156,5L00055,FRAGILE STICKER,43.2,DPO-002,1084,Draft,linked:PR,20
SO-00067,HEALTH Q LIFESCIENCES PRIVATE LIMITED,3306,PR0007196,SKINQ HYDRATE EXFOLIATE_KC 10ML,Production Released,PM,7156,5L00055,FRAGILE STICKER,30,DPO-002,1083,Draft,linked:PR,20
SO-00067,HEALTH Q LIFESCIENCES PRIVATE LIMITED,3306,PR0007196,SKINQ HYDRATE EXFOLIATE_KC 10ML,Production Released,PM,7156,5L00055,FRAGILE STICKER,30,DPO-002,1084,Draft,linked:PR,20
SO-00067,HEALTH Q LIFESCIENCES PRIVATE LIMITED,3306,PR0007196,SKINQ HYDRATE EXFOLIATE_KC 10ML,Production Released,PM,9062,5P00001,30GB SHIPPER WITH PARTITION 370x370x120 5ply with printing & partion 10x10,30,EI/PO/26-27/687,943,Released,unlinked,2000
SO-00180,Dr. MAYA,3468,PR0006953,SKIN VIRTUE HYDRA OATS BODY WASH 200 ML,Production Released,PM,7156,5L00055,FRAGILE STICKER,48,DPO-002,1083,Draft,linked:PR,20
SO-00180,Dr. MAYA,3468,PR0006953,SKIN VIRTUE HYDRA OATS BODY WASH 200 ML,Production Released,PM,7156,5L00055,FRAGILE STICKER,48,DPO-002,1084,Draft,linked:PR,20
SO-00180,Dr. MAYA,3468,PR0006953,SKIN VIRTUE HYDRA OATS BODY WASH 200 ML,Production Released,PM,8937,5S00002,200 ML SHIPPER 500x250x200 mm with printing and 2 pads,47.6,EI/PO/26-27/809,990,Released,unlinked,3985
SO-00180,Dr. MAYA,3468,PR0006953,SKIN VIRTUE HYDRA OATS BODY WASH 200 ML,Production Released,PM,8930,5000127,TRANSPARENT VOID TAMPER STICKER,2000,EI/PO/26-27/795,986,Released,unlinked,10000
SO-00601,HEALTH Q LIFESCIENCES PRIVATE LIMITED,3291,PR0007192,SKINQ DETAN PRE-MASK SERUM_KC 10ML(IND),Production Released,PM,7156,5L00055,FRAGILE STICKER,30,DPO-002,1083,Draft,linked:PR,20
SO-00601,HEALTH Q LIFESCIENCES PRIVATE LIMITED,3291,PR0007192,SKINQ DETAN PRE-MASK SERUM_KC 10ML(IND),Production Released,PM,7156,5L00055,FRAGILE STICKER,30,DPO-002,1084,Draft,linked:PR,20
SO-00601,HEALTH Q LIFESCIENCES PRIVATE LIMITED,3291,PR0007192,SKINQ DETAN PRE-MASK SERUM_KC 10ML(IND),Production Released,PM,9062,5P00001,30GB SHIPPER WITH PARTITION 370x370x120 5ply with printing & partion 10x10,30,EI/PO/26-27/687,943,Released,unlinked,2000
SO-00065,HEALTH Q LIFESCIENCES PRIVATE LIMITED,3250,PR0006911,SKINQ ACNE & OIL CONTROL SERUM 30ML,Production Released,PM,7050,4001135,SKINQ 30/50 ML SILVER AND WHITE AIRLESS PUMP,3853,EI/PO/26-27/950,1076,Released,unlinked,99958
SO-00065,HEALTH Q LIFESCIENCES PRIVATE LIMITED,3250,PR0006911,SKINQ ACNE & OIL CONTROL SERUM 30ML,Production Released,PM,7156,5L00055,FRAGILE STICKER,385.3,DPO-002,1083,Draft,linked:PR,20
SO-00065,HEALTH Q LIFESCIENCES PRIVATE LIMITED,3250,PR0006911,SKINQ ACNE & OIL CONTROL SERUM 30ML,Production Released,PM,7156,5L00055,FRAGILE STICKER,385.3,DPO-002,1084,Draft,linked:PR,20
SO-00065,HEALTH Q LIFESCIENCES PRIVATE LIMITED,3250,PR0006911,SKINQ ACNE & OIL CONTROL SERUM 30ML,Production Released,PM,8761,5M00969,SKINQ ACNE & OIL CONTROL SERUM 30ML MONOCARTON,3853,EI/PO/26-27/665,949,Released,unlinked,12571
SO-00085,HEALTH Q LIFESCIENCES PRIVATE LIMITED,3408,PR0006911,SKINQ ACNE & OIL CONTROL SERUM 30ML,Production Released,PM,7050,4001135,SKINQ 30/50 ML SILVER AND WHITE AIRLESS PUMP,14000,EI/PO/26-27/950,1076,Released,unlinked,99958
SO-00085,HEALTH Q LIFESCIENCES PRIVATE LIMITED,3408,PR0006911,SKINQ ACNE & OIL CONTROL SERUM 30ML,Production Released,PM,7156,5L00055,FRAGILE STICKER,1400,DPO-002,1083,Draft,linked:PR,20
SO-00085,HEALTH Q LIFESCIENCES PRIVATE LIMITED,3408,PR0006911,SKINQ ACNE & OIL CONTROL SERUM 30ML,Production Released,PM,7156,5L00055,FRAGILE STICKER,1400,DPO-002,1084,Draft,linked:PR,20
SO-00085,HEALTH Q LIFESCIENCES PRIVATE LIMITED,3408,PR0006911,SKINQ ACNE & OIL CONTROL SERUM 30ML,Production Released,PM,8761,5M00969,SKINQ ACNE & OIL CONTROL SERUM 30ML MONOCARTON,14000,EI/PO/26-27/665,949,Released,unlinked,12571
SO-00179,KOSMODERMA HEALTHCARE PRIVATE LIMITED,3467,PR0003759,KOSMODERMA DAILY GENTLE SKIN CLEANSER - 100ML,Production Released,PM,6516,4000011,100 ML PET SLEEK BOTTLE - WHITE,1000,EI/PO/26-27/853,1010,Released,unlinked,675
SO-00179,KOSMODERMA HEALTHCARE PRIVATE LIMITED,3467,PR0003759,KOSMODERMA DAILY GENTLE SKIN CLEANSER - 100ML,Production Released,PM,6539,4000068,24/410 ON OFF DISPENSER WHITE RIBBED,1000,EI/PO/26-27/659,950,Released,unlinked,5000
SO-00179,KOSMODERMA HEALTHCARE PRIVATE LIMITED,3467,PR0003759,KOSMODERMA DAILY GENTLE SKIN CLEANSER - 100ML,Production Released,PM,6590,4000148,LOCK UP CLIP - WHITE,1000,EI/PO/26-27/818,993,Released,unlinked,10000
SO-00179,KOSMODERMA HEALTHCARE PRIVATE LIMITED,3467,PR0003759,KOSMODERMA DAILY GENTLE SKIN CLEANSER - 100ML,Production Released,PM,7698,5L01103,KOSMODERMA DAILY GENTLE SKIN CLEANSER 100ML LABEL,1000,EI/PO/26-27/933,1064,Released,unlinked,2000
SO-00179,KOSMODERMA HEALTHCARE PRIVATE LIMITED,3467,PR0003759,KOSMODERMA DAILY GENTLE SKIN CLEANSER - 100ML,Production Released,PM,7156,5L00055,FRAGILE STICKER,20,DPO-002,1083,Draft,linked:PR,20
SO-00179,KOSMODERMA HEALTHCARE PRIVATE LIMITED,3467,PR0003759,KOSMODERMA DAILY GENTLE SKIN CLEANSER - 100ML,Production Released,PM,7156,5L00055,FRAGILE STICKER,20,DPO-002,1084,Draft,linked:PR,20
SO-00179,KOSMODERMA HEALTHCARE PRIVATE LIMITED,3467,PR0003759,KOSMODERMA DAILY GENTLE SKIN CLEANSER - 100ML,Production Released,PM,8931,5P00015,100ML SHIPPERS PRINTED 430*220*175 MM 5PLY(120GSM)PARTITION  5*10,20,EI/PO/26-27/912,1050,Released,unlinked,1000
SO-00084,HEALTH Q LIFESCIENCES PRIVATE LIMITED,3407,PR0007034,SKINQ RX DERMA BRIGHT AHA SERUM 30ML,Production Released,PM,7059,4001145,SKINQ RX 30 ML/50 ML AIRLESS PUMP WITH OVERCAP,2000,EI/PO/26-27/950,1076,Released,unlinked,12000
SO-00084,HEALTH Q LIFESCIENCES PRIVATE LIMITED,3407,PR0007034,SKINQ RX DERMA BRIGHT AHA SERUM 30ML,Production Released,PM,8796,5M01048,SKINQ RX DERMA  BRIGHT AHA SERUM 30 ML MONOCARTON,2000,EI/PO/26-27/679,945,Released,unlinked,1890
SO-00084,HEALTH Q LIFESCIENCES PRIVATE LIMITED,3407,PR0007034,SKINQ RX DERMA BRIGHT AHA SERUM 30ML,Production Released,PM,7156,5L00055,FRAGILE STICKER,50,DPO-002,1083,Draft,linked:PR,20
SO-00084,HEALTH Q LIFESCIENCES PRIVATE LIMITED,3407,PR0007034,SKINQ RX DERMA BRIGHT AHA SERUM 30ML,Production Released,PM,7156,5L00055,FRAGILE STICKER,50,DPO-002,1084,Draft,linked:PR,20
SO-03599,Spinbest Innovations LLP,3303,PR0007315,SKINNABLE ULTRA PROTECTIVE HYDRA MOISTURISER 200ML,Production Released,PM,7156,5L00055,FRAGILE STICKER,41.6,DPO-002,1083,Draft,linked:PR,20
SO-03599,Spinbest Innovations LLP,3303,PR0007315,SKINNABLE ULTRA PROTECTIVE HYDRA MOISTURISER 200ML,Production Released,PM,7156,5L00055,FRAGILE STICKER,41.6,DPO-002,1084,Draft,linked:PR,20
SO-03599,Spinbest Innovations LLP,3303,PR0007315,SKINNABLE ULTRA PROTECTIVE HYDRA MOISTURISER 200ML,Production Released,PM,8937,5S00002,200 ML SHIPPER 500x250x200 mm with printing and 2 pads,41.6,EI/PO/26-27/809,990,Released,unlinked,3985
SO-00526,QUALITAS PHARMA,3299,PR0007216,QUALITAS PHARMA QUALI BLOCK SUNSCREEN GEL 50ML,Production Released,PM,7013,4001079,50 ml white airless bottle and pump set ( India ),277,EI/PO/26-27/850,1007,Released,unlinked,5000
SO-00526,QUALITAS PHARMA,3299,PR0007216,QUALITAS PHARMA QUALI BLOCK SUNSCREEN GEL 50ML,Production Released,PM,7013,4001079,50 ml white airless bottle and pump set ( India ),277,EI/PO/26-27/891,1032,Released,unlinked,8000
SO-00526,QUALITAS PHARMA,3299,PR0007216,QUALITAS PHARMA QUALI BLOCK SUNSCREEN GEL 50ML,Production Released,PM,7013,4001079,50 ml white airless bottle and pump set ( India ),277,EI/PO/26-27/945,1073,Released,unlinked,10000
SO-00526,QUALITAS PHARMA,3299,PR0007216,QUALITAS PHARMA QUALI BLOCK SUNSCREEN GEL 50ML,Production Released,PM,7156,5L00055,FRAGILE STICKER,6.094,DPO-002,1083,Draft,linked:PR,20
SO-00526,QUALITAS PHARMA,3299,PR0007216,QUALITAS PHARMA QUALI BLOCK SUNSCREEN GEL 50ML,Production Released,PM,7156,5L00055,FRAGILE STICKER,6.094,DPO-002,1084,Draft,linked:PR,20
SO-00526,QUALITAS PHARMA,3299,PR0007216,QUALITAS PHARMA QUALI BLOCK SUNSCREEN GEL 50ML,Production Released,PM,8937,5S00002,200 ML SHIPPER 500x250x200 mm with printing and 2 pads,6.1494,EI/PO/26-27/809,990,Released,unlinked,3985
SO-00526,QUALITAS PHARMA,3299,PR0007216,QUALITAS PHARMA QUALI BLOCK SUNSCREEN GEL 50ML,Production Released,PM,8930,5000127,TRANSPARENT VOID TAMPER STICKER,554,EI/PO/26-27/795,986,Released,unlinked,10000
SO-00029,ARCHEESH LABORATORIES,3260,PR0006597,SKINVEST CLEAR WIN pH 5.5 CLEANSER 100ML,Production Released,PM,7156,5L00055,FRAGILE STICKER,2.759,DPO-002,1083,Draft,linked:PR,20
SO-00029,ARCHEESH LABORATORIES,3260,PR0006597,SKINVEST CLEAR WIN pH 5.5 CLEANSER 100ML,Production Released,PM,7156,5L00055,FRAGILE STICKER,2.759,DPO-002,1084,Draft,linked:PR,20
SO-00029,ARCHEESH LABORATORIES,3260,PR0006597,SKINVEST CLEAR WIN pH 5.5 CLEANSER 100ML,Production Released,PM,8937,5S00002,200 ML SHIPPER 500x250x200 mm with printing and 2 pads,2.7768,EI/PO/26-27/809,990,Released,unlinked,3985
SO-00063,HEALTH Q LIFESCIENCES PRIVATE LIMITED,3337,PR0006922,SKINQ HYDRATE SERUM 7.5ML_Sample pack,Production Released,PM,7156,5L00055,FRAGILE STICKER,6.6,DPO-002,1083,Draft,linked:PR,20
SO-00063,HEALTH Q LIFESCIENCES PRIVATE LIMITED,3337,PR0006922,SKINQ HYDRATE SERUM 7.5ML_Sample pack,Production Released,PM,7156,5L00055,FRAGILE STICKER,6.6,DPO-002,1084,Draft,linked:PR,20
SO-00063,HEALTH Q LIFESCIENCES PRIVATE LIMITED,3337,PR0006922,SKINQ HYDRATE SERUM 7.5ML_Sample pack,Production Released,PM,9062,5P00001,30GB SHIPPER WITH PARTITION 370x370x120 5ply with printing & partion 10x10,6.6,EI/PO/26-27/687,943,Released,unlinked,2000
SO-00603,HEALTH Q LIFESCIENCES PRIVATE LIMITED,3274,PR0007044,SKINQ RX HYDRATE MOISTURIZE_KC 10ML,Production Released,PM,7156,5L00055,FRAGILE STICKER,30,DPO-002,1083,Draft,linked:PR,20
SO-00603,HEALTH Q LIFESCIENCES PRIVATE LIMITED,3274,PR0007044,SKINQ RX HYDRATE MOISTURIZE_KC 10ML,Production Released,PM,7156,5L00055,FRAGILE STICKER,30,DPO-002,1084,Draft,linked:PR,20
SO-00603,HEALTH Q LIFESCIENCES PRIVATE LIMITED,3274,PR0007044,SKINQ RX HYDRATE MOISTURIZE_KC 10ML,Production Released,PM,9062,5P00001,30GB SHIPPER WITH PARTITION 370x370x120 5ply with printing & partion 10x10,30,EI/PO/26-27/687,943,Released,unlinked,2000
SO-00030,ARCHEESH LABORATORIES,3259,PR0006740,SKINVEST BYE BYE BUMPS 50 ML,Production Released,PM,7156,5L00055,FRAGILE STICKER,10.788,DPO-002,1083,Draft,linked:PR,20
SO-00030,ARCHEESH LABORATORIES,3259,PR0006740,SKINVEST BYE BYE BUMPS 50 ML,Production Released,PM,7156,5L00055,FRAGILE STICKER,10.788,DPO-002,1084,Draft,linked:PR,20
SO-00030,ARCHEESH LABORATORIES,3259,PR0006740,SKINVEST BYE BYE BUMPS 50 ML,Production Released,PM,8937,5S00002,200 ML SHIPPER 500x250x200 mm with printing and 2 pads,10.8576,EI/PO/26-27/809,990,Released,unlinked,3985
SO-00067,HEALTH Q LIFESCIENCES PRIVATE LIMITED,3305,PR0007195,SKINQ HYDRATE CLEANSE_KC 10ML,Production Released,PM,7156,5L00055,FRAGILE STICKER,30,DPO-002,1083,Draft,linked:PR,20
SO-00067,HEALTH Q LIFESCIENCES PRIVATE LIMITED,3305,PR0007195,SKINQ HYDRATE CLEANSE_KC 10ML,Production Released,PM,7156,5L00055,FRAGILE STICKER,30,DPO-002,1084,Draft,linked:PR,20
SO-00067,HEALTH Q LIFESCIENCES PRIVATE LIMITED,3305,PR0007195,SKINQ HYDRATE CLEANSE_KC 10ML,Production Released,PM,9062,5P00001,30GB SHIPPER WITH PARTITION 370x370x120 5ply with printing & partion 10x10,30,EI/PO/26-27/687,943,Released,unlinked,2000
SO-00059,M/s R K Pharmacy,3342,PR0004225-KC,PERSONIKS MOISTURISING CREAM GEL 50 ML,Production Released,PM,6594,4000152,PET MILKY ALPHA BOTTLE 60 ML 20 MM NECK,500,EI/PO/26-27/864,1016,Released,unlinked,15000
SO-00059,M/s R K Pharmacy,3342,PR0004225-KC,PERSONIKS MOISTURISING CREAM GEL 50 ML,Production Released,PM,6552,4000093,LW D201 WHITE PUMP,500,EI/PO/26-27/909,1047,Released,unlinked,14000
SO-00059,M/s R K Pharmacy,3342,PR0004225-KC,PERSONIKS MOISTURISING CREAM GEL 50 ML,Production Released,PM,6552,4000093,LW D201 WHITE PUMP,500,EI/PO/26-27/944,1072,Released,unlinked,50000
SO-00059,M/s R K Pharmacy,3342,PR0004225-KC,PERSONIKS MOISTURISING CREAM GEL 50 ML,Production Released,PM,7529,5L00717,PERSONIKS MOISTURIZING GEL CREAM FOR NORMAL SKIN 50ML LABEL,500,EI/PO/26-27/829,997,Released,unlinked,500
SO-00023,HEALTH Q LIFESCIENCES PRIVATE LIMITED,3263,PR0006909,SKINQ DAILY GENTLE CLEANSER 100ML,Production Released,PM,7156,5L00055,FRAGILE STICKER,974.8,DPO-002,1083,Draft,linked:PR,20
SO-00023,HEALTH Q LIFESCIENCES PRIVATE LIMITED,3263,PR0006909,SKINQ DAILY GENTLE CLEANSER 100ML,Production Released,PM,7156,5L00055,FRAGILE STICKER,974.8,DPO-002,1084,Draft,linked:PR,20
SO-00008,INCNUT LIFESTYLE RETAIL PRIVATE LIMITED,3369,PR0006408,SKINKRAFT PRO MOISTURE CONDITIONER FOR DRY HAIR + MORE DAMAGE 100 ML,Production Released,PM,7156,5L00055,FRAGILE STICKER,200,DPO-002,1083,Draft,linked:PR,20
SO-00008,INCNUT LIFESTYLE RETAIL PRIVATE LIMITED,3369,PR0006408,SKINKRAFT PRO MOISTURE CONDITIONER FOR DRY HAIR + MORE DAMAGE 100 ML,Production Released,PM,7156,5L00055,FRAGILE STICKER,200,DPO-002,1084,Draft,linked:PR,20
SO-00008,INCNUT LIFESTYLE RETAIL PRIVATE LIMITED,3369,PR0006408,SKINKRAFT PRO MOISTURE CONDITIONER FOR DRY HAIR + MORE DAMAGE 100 ML,Production Released,PM,8931,5P00015,100ML SHIPPERS PRINTED 430*220*175 MM 5PLY(120GSM)PARTITION  5*10,200,EI/PO/26-27/912,1050,Released,unlinked,1000
SO-00173,INCNUT LIFESTYLE RETAIL PRIVATE LIMITED,3332,PR0006408,SKINKRAFT PRO MOISTURE CONDITIONER FOR DRY HAIR + MORE DAMAGE 100 ML,Production Released,PM,7156,5L00055,FRAGILE STICKER,63.5,DPO-002,1083,Draft,linked:PR,20
SO-00173,INCNUT LIFESTYLE RETAIL PRIVATE LIMITED,3332,PR0006408,SKINKRAFT PRO MOISTURE CONDITIONER FOR DRY HAIR + MORE DAMAGE 100 ML,Production Released,PM,7156,5L00055,FRAGILE STICKER,63.5,DPO-002,1084,Draft,linked:PR,20
SO-00173,INCNUT LIFESTYLE RETAIL PRIVATE LIMITED,3332,PR0006408,SKINKRAFT PRO MOISTURE CONDITIONER FOR DRY HAIR + MORE DAMAGE 100 ML,Production Released,PM,8931,5P00015,100ML SHIPPERS PRINTED 430*220*175 MM 5PLY(120GSM)PARTITION  5*10,63.5,EI/PO/26-27/912,1050,Released,unlinked,1000
SO-00095,HEALTH Q LIFESCIENCES PRIVATE LIMITED,3317,PR0007383,SKINQ 15% VITAMIN C GLOW SERUM 15ML,Production Released,PM,7156,5L00055,FRAGILE STICKER,44.94,DPO-002,1083,Draft,linked:PR,20
SO-00095,HEALTH Q LIFESCIENCES PRIVATE LIMITED,3317,PR0007383,SKINQ 15% VITAMIN C GLOW SERUM 15ML,Production Released,PM,7156,5L00055,FRAGILE STICKER,44.94,DPO-002,1084,Draft,linked:PR,20
SO-00095,HEALTH Q LIFESCIENCES PRIVATE LIMITED,3317,PR0007383,SKINQ 15% VITAMIN C GLOW SERUM 15ML,Production Released,PM,8930,5000127,TRANSPARENT VOID TAMPER STICKER,6420,EI/PO/26-27/795,986,Released,unlinked,10000
SO-00095,HEALTH Q LIFESCIENCES PRIVATE LIMITED,3317,PR0007383,SKINQ 15% VITAMIN C GLOW SERUM 15ML,Production Released,PM,9069,5P00056,SKINQ 15 ML INNER SHIPPER - (500x300x130),321,EI/PO/26-27/932,1063,Released,unlinked,4000
SO-00095,HEALTH Q LIFESCIENCES PRIVATE LIMITED,3317,PR0007383,SKINQ 15% VITAMIN C GLOW SERUM 15ML,Production Released,PM,9070,5P00055,SKINQ 15 ML OUTER SHIPPER ( 4 INNER SHIPPERS ) (4x10) - (275x115x95),80.25,EI/PO/26-27/932,1063,Released,unlinked,1000
SO-00061,HEALTH Q LIFESCIENCES PRIVATE LIMITED,3339,PR0006918,SKINQ BRIGHTENING SERUM 7.5ML_Sample pack,Production Released,PM,7156,5L00055,FRAGILE STICKER,6.35,DPO-002,1083,Draft,linked:PR,20
SO-00061,HEALTH Q LIFESCIENCES PRIVATE LIMITED,3339,PR0006918,SKINQ BRIGHTENING SERUM 7.5ML_Sample pack,Production Released,PM,7156,5L00055,FRAGILE STICKER,6.35,DPO-002,1084,Draft,linked:PR,20
SO-00061,HEALTH Q LIFESCIENCES PRIVATE LIMITED,3339,PR0006918,SKINQ BRIGHTENING SERUM 7.5ML_Sample pack,Production Released,PM,9062,5P00001,30GB SHIPPER WITH PARTITION 370x370x120 5ply with printing & partion 10x10,6.35,EI/PO/26-27/687,943,Released,unlinked,2000
SO-00064,HEALTH Q LIFESCIENCES PRIVATE LIMITED,3336,PR0006925,SKINQ ACNE & OIL CONTROL SERUM 7.5ML_Sample pack,Production Released,PM,7156,5L00055,FRAGILE STICKER,6.94,DPO-002,1083,Draft,linked:PR,20
SO-00064,HEALTH Q LIFESCIENCES PRIVATE LIMITED,3336,PR0006925,SKINQ ACNE & OIL CONTROL SERUM 7.5ML_Sample pack,Production Released,PM,7156,5L00055,FRAGILE STICKER,6.94,DPO-002,1084,Draft,linked:PR,20
SO-00064,HEALTH Q LIFESCIENCES PRIVATE LIMITED,3336,PR0006925,SKINQ ACNE & OIL CONTROL SERUM 7.5ML_Sample pack,Production Released,PM,9062,5P00001,30GB SHIPPER WITH PARTITION 370x370x120 5ply with printing & partion 10x10,6.94,EI/PO/26-27/687,943,Released,unlinked,2000
SO-00602,HEALTH Q LIFESCIENCES PRIVATE LIMITED,3284,PR0007064,SKINQ RX DETAN MASK POWDER_KC 10GM,Production Released,PM,8937,5S00002,200 ML SHIPPER 500x250x200 mm with printing and 2 pads,12,EI/PO/26-27/809,990,Released,unlinked,3985
SO-00602,HEALTH Q LIFESCIENCES PRIVATE LIMITED,3284,PR0007064,SKINQ RX DETAN MASK POWDER_KC 10GM,Production Released,PM,7156,5L00055,FRAGILE STICKER,12,DPO-002,1083,Draft,linked:PR,20
SO-00602,HEALTH Q LIFESCIENCES PRIVATE LIMITED,3284,PR0007064,SKINQ RX DETAN MASK POWDER_KC 10GM,Production Released,PM,7156,5L00055,FRAGILE STICKER,12,DPO-002,1084,Draft,linked:PR,20
SO-00602,HEALTH Q LIFESCIENCES PRIVATE LIMITED,3284,PR0007064,SKINQ RX DETAN MASK POWDER_KC 10GM,Production Released,PM,7094,4001181,SKINQ RX DETAN MASK POWDER 10GM PRE PRINTED ROLL (SACHET ),1.2,EI/PO/26-27/643,955,Released,unlinked,2302
SO-00601,HEALTH Q LIFESCIENCES PRIVATE LIMITED,3292,PR0007193,SKINQ DETAN MASK POWDER_KC 10GM(IND),Production Released,PM,7080,4001167,SKINQ DETAN MASK POWDER 10 GM PRINTED SACHET ( YELLOW ),6000,EI/PO/26-27/643,955,Released,unlinked,612
SO-00601,HEALTH Q LIFESCIENCES PRIVATE LIMITED,3292,PR0007193,SKINQ DETAN MASK POWDER_KC 10GM(IND),Production Released,PM,8937,5S00002,200 ML SHIPPER 500x250x200 mm with printing and 2 pads,6,EI/PO/26-27/809,990,Released,unlinked,3985
SO-00601,HEALTH Q LIFESCIENCES PRIVATE LIMITED,3292,PR0007193,SKINQ DETAN MASK POWDER_KC 10GM(IND),Production Released,PM,7156,5L00055,FRAGILE STICKER,6,DPO-002,1083,Draft,linked:PR,20
SO-00601,HEALTH Q LIFESCIENCES PRIVATE LIMITED,3292,PR0007193,SKINQ DETAN MASK POWDER_KC 10GM(IND),Production Released,PM,7156,5L00055,FRAGILE STICKER,6,DPO-002,1084,Draft,linked:PR,20
SO-00022,HEALTH Q LIFESCIENCES PRIVATE LIMITED,3264,PR0006915,SKINQ DAILY GENTLE CLEANSER 50ML,Production Released,PM,7156,5L00055,FRAGILE STICKER,772.96,DPO-002,1083,Draft,linked:PR,20
SO-00022,HEALTH Q LIFESCIENCES PRIVATE LIMITED,3264,PR0006915,SKINQ DAILY GENTLE CLEANSER 50ML,Production Released,PM,7156,5L00055,FRAGILE STICKER,772.96,DPO-002,1084,Draft,linked:PR,20
SO-00601,HEALTH Q LIFESCIENCES PRIVATE LIMITED,3290,PR0007191,SKINQ DETAN MOISTURIZE_KC 10ML(IND),Production Released,PM,7156,5L00055,FRAGILE STICKER,30,DPO-002,1083,Draft,linked:PR,20
SO-00601,HEALTH Q LIFESCIENCES PRIVATE LIMITED,3290,PR0007191,SKINQ DETAN MOISTURIZE_KC 10ML(IND),Production Released,PM,7156,5L00055,FRAGILE STICKER,30,DPO-002,1084,Draft,linked:PR,20
SO-00601,HEALTH Q LIFESCIENCES PRIVATE LIMITED,3290,PR0007191,SKINQ DETAN MOISTURIZE_KC 10ML(IND),Production Released,PM,9062,5P00001,30GB SHIPPER WITH PARTITION 370x370x120 5ply with printing & partion 10x10,30,EI/PO/26-27/687,943,Released,unlinked,2000
SO-00067,HEALTH Q LIFESCIENCES PRIVATE LIMITED,3309,PR0007199,SKINQ HYDRATE MASK POWDER_KC 10GM,Production Released,PM,7098,4001185,SKINQ HYDRATE MASK POWDER 10 GM PRE PRINTED ROLL ( SACHET ),6000,EI/PO/26-27/643,955,Released,unlinked,691
SO-00067,HEALTH Q LIFESCIENCES PRIVATE LIMITED,3309,PR0007199,SKINQ HYDRATE MASK POWDER_KC 10GM,Production Released,PM,7156,5L00055,FRAGILE STICKER,12,DPO-002,1083,Draft,linked:PR,20
SO-00067,HEALTH Q LIFESCIENCES PRIVATE LIMITED,3309,PR0007199,SKINQ HYDRATE MASK POWDER_KC 10GM,Production Released,PM,7156,5L00055,FRAGILE STICKER,12,DPO-002,1084,Draft,linked:PR,20
SO-00067,HEALTH Q LIFESCIENCES PRIVATE LIMITED,3309,PR0007199,SKINQ HYDRATE MASK POWDER_KC 10GM,Production Released,PM,8937,5S00002,200 ML SHIPPER 500x250x200 mm with printing and 2 pads,12,EI/PO/26-27/809,990,Released,unlinked,3985
SO-00066,HEALTH Q LIFESCIENCES PRIVATE LIMITED,3249,PR0006907,SKINQ BRIGHTENING SERUM 30 ML,Production Released,PM,7050,4001135,SKINQ 30/50 ML SILVER AND WHITE AIRLESS PUMP,6421,EI/PO/26-27/950,1076,Released,unlinked,99958
SO-00066,HEALTH Q LIFESCIENCES PRIVATE LIMITED,3249,PR0006907,SKINQ BRIGHTENING SERUM 30 ML,Production Released,PM,7156,5L00055,FRAGILE STICKER,642.1,DPO-002,1083,Draft,linked:PR,20
SO-00066,HEALTH Q LIFESCIENCES PRIVATE LIMITED,3249,PR0006907,SKINQ BRIGHTENING SERUM 30 ML,Production Released,PM,7156,5L00055,FRAGILE STICKER,642.1,DPO-002,1084,Draft,linked:PR,20
SO-00066,HEALTH Q LIFESCIENCES PRIVATE LIMITED,3249,PR0006907,SKINQ BRIGHTENING SERUM 30 ML,Production Released,PM,8759,5M00966,SKINQ BRIGHTENING SERUM 30 ML MONOCARTON,6421,EI/PO/26-27/665,949,Released,unlinked,8922
SO-00086,HEALTH Q LIFESCIENCES PRIVATE LIMITED,3409,PR0006907,SKINQ BRIGHTENING SERUM 30 ML,Production Released,PM,7050,4001135,SKINQ 30/50 ML SILVER AND WHITE AIRLESS PUMP,18000,EI/PO/26-27/950,1076,Released,unlinked,99958
SO-00086,HEALTH Q LIFESCIENCES PRIVATE LIMITED,3409,PR0006907,SKINQ BRIGHTENING SERUM 30 ML,Production Released,PM,7156,5L00055,FRAGILE STICKER,1800,DPO-002,1083,Draft,linked:PR,20
SO-00086,HEALTH Q LIFESCIENCES PRIVATE LIMITED,3409,PR0006907,SKINQ BRIGHTENING SERUM 30 ML,Production Released,PM,7156,5L00055,FRAGILE STICKER,1800,DPO-002,1084,Draft,linked:PR,20
SO-00086,HEALTH Q LIFESCIENCES PRIVATE LIMITED,3409,PR0006907,SKINQ BRIGHTENING SERUM 30 ML,Production Released,PM,8759,5M00966,SKINQ BRIGHTENING SERUM 30 ML MONOCARTON,18000,EI/PO/26-27/665,949,Released,unlinked,8922
SO-00067,HEALTH Q LIFESCIENCES PRIVATE LIMITED,3307,PR0007197,SKINQ HYDRATE MOISTURIZE_KC 10ML,Production Released,PM,7156,5L00055,FRAGILE STICKER,30,DPO-002,1083,Draft,linked:PR,20
SO-00067,HEALTH Q LIFESCIENCES PRIVATE LIMITED,3307,PR0007197,SKINQ HYDRATE MOISTURIZE_KC 10ML,Production Released,PM,7156,5L00055,FRAGILE STICKER,30,DPO-002,1084,Draft,linked:PR,20
SO-00067,HEALTH Q LIFESCIENCES PRIVATE LIMITED,3307,PR0007197,SKINQ HYDRATE MOISTURIZE_KC 10ML,Production Released,PM,9062,5P00001,30GB SHIPPER WITH PARTITION 370x370x120 5ply with printing & partion 10x10,30,EI/PO/26-27/687,943,Released,unlinked,2000
SO-00062,HEALTH Q LIFESCIENCES PRIVATE LIMITED,3338,PR0006919,SKINQ 15% VIT C GLOW SERUM 7.5ML_Sample pack,Production Released,PM,7156,5L00055,FRAGILE STICKER,2.66,DPO-002,1083,Draft,linked:PR,20
SO-00062,HEALTH Q LIFESCIENCES PRIVATE LIMITED,3338,PR0006919,SKINQ 15% VIT C GLOW SERUM 7.5ML_Sample pack,Production Released,PM,7156,5L00055,FRAGILE STICKER,2.66,DPO-002,1084,Draft,linked:PR,20
SO-00062,HEALTH Q LIFESCIENCES PRIVATE LIMITED,3338,PR0006919,SKINQ 15% VIT C GLOW SERUM 7.5ML_Sample pack,Production Released,PM,9062,5P00001,30GB SHIPPER WITH PARTITION 370x370x120 5ply with printing & partion 10x10,2.66,EI/PO/26-27/687,943,Released,unlinked,2000
SO-00025,HEALTH Q LIFESCIENCES PRIVATE LIMITED,3261,PR0007039,SKINQ RX ACNI DERM CLARIFYING MASK 10GM,Production Released,PM,7068,4001154,SKINQ RX ACNI DERM CLARIFYING MASK 10GM PRNITED TUBE WITH NOZZLE SCREW CAP,10000,EI/PO/26-27/759,975,Released,unlinked,7600
SO-00025,HEALTH Q LIFESCIENCES PRIVATE LIMITED,3261,PR0007039,SKINQ RX ACNI DERM CLARIFYING MASK 10GM,Production Released,PM,7156,5L00055,FRAGILE STICKER,50,DPO-002,1083,Draft,linked:PR,20
SO-00025,HEALTH Q LIFESCIENCES PRIVATE LIMITED,3261,PR0007039,SKINQ RX ACNI DERM CLARIFYING MASK 10GM,Production Released,PM,7156,5L00055,FRAGILE STICKER,50,DPO-002,1084,Draft,linked:PR,20
SO-00025,HEALTH Q LIFESCIENCES PRIVATE LIMITED,3261,PR0007039,SKINQ RX ACNI DERM CLARIFYING MASK 10GM,Production Released,PM,9062,5P00001,30GB SHIPPER WITH PARTITION 370x370x120 5ply with printing & partion 10x10,50,EI/PO/26-27/687,943,Released,unlinked,2000
SO-00024,HEALTH Q LIFESCIENCES PRIVATE LIMITED,3359,PR0007104,SKINQ RX HYDRA FIX FACE MASK 10 GM,Production Released,PM,7156,5L00055,FRAGILE STICKER,50,DPO-002,1083,Draft,linked:PR,20
SO-00024,HEALTH Q LIFESCIENCES PRIVATE LIMITED,3359,PR0007104,SKINQ RX HYDRA FIX FACE MASK 10 GM,Production Released,PM,7156,5L00055,FRAGILE STICKER,50,DPO-002,1084,Draft,linked:PR,20
SO-00024,HEALTH Q LIFESCIENCES PRIVATE LIMITED,3359,PR0007104,SKINQ RX HYDRA FIX FACE MASK 10 GM,Production Released,PM,7067,4001153,SKINQ RX HYDRA FIX FACE MASK 10 GM PRINTED TUBE WITH NOZZLE SCREW CAP,10000,EI/PO/26-27/759,975,Released,unlinked,9120
SO-00024,HEALTH Q LIFESCIENCES PRIVATE LIMITED,3359,PR0007104,SKINQ RX HYDRA FIX FACE MASK 10 GM,Production Released,PM,9062,5P00001,30GB SHIPPER WITH PARTITION 370x370x120 5ply with printing & partion 10x10,50,EI/PO/26-27/687,943,Released,unlinked,2000
SO-00583,HEALTH Q LIFESCIENCES PRIVATE LIMITED,3298,PR0007104,SKINQ RX HYDRA FIX FACE MASK 10 GM,Production Released,PM,7156,5L00055,FRAGILE STICKER,51,DPO-002,1083,Draft,linked:PR,20
SO-00583,HEALTH Q LIFESCIENCES PRIVATE LIMITED,3298,PR0007104,SKINQ RX HYDRA FIX FACE MASK 10 GM,Production Released,PM,7156,5L00055,FRAGILE STICKER,51,DPO-002,1084,Draft,linked:PR,20
SO-00583,HEALTH Q LIFESCIENCES PRIVATE LIMITED,3298,PR0007104,SKINQ RX HYDRA FIX FACE MASK 10 GM,Production Released,PM,7067,4001153,SKINQ RX HYDRA FIX FACE MASK 10 GM PRINTED TUBE WITH NOZZLE SCREW CAP,10200,EI/PO/26-27/759,975,Released,unlinked,9120
SO-00583,HEALTH Q LIFESCIENCES PRIVATE LIMITED,3298,PR0007104,SKINQ RX HYDRA FIX FACE MASK 10 GM,Production Released,PM,9062,5P00001,30GB SHIPPER WITH PARTITION 370x370x120 5ply with printing & partion 10x10,51,EI/PO/26-27/687,943,Released,unlinked,2000
SO-00584,HEALTH Q LIFESCIENCES PRIVATE LIMITED,3388,PR0007103,SKINQ RX ACNI DERM CLARIFYING MASK 10ML,Production Released,PM,7156,5L00055,FRAGILE STICKER,50,DPO-002,1083,Draft,linked:PR,20
SO-00584,HEALTH Q LIFESCIENCES PRIVATE LIMITED,3388,PR0007103,SKINQ RX ACNI DERM CLARIFYING MASK 10ML,Production Released,PM,7156,5L00055,FRAGILE STICKER,50,DPO-002,1084,Draft,linked:PR,20
SO-00584,HEALTH Q LIFESCIENCES PRIVATE LIMITED,3388,PR0007103,SKINQ RX ACNI DERM CLARIFYING MASK 10ML,Production Released,PM,9062,5P00001,30GB SHIPPER WITH PARTITION 370x370x120 5ply with printing & partion 10x10,50,EI/PO/26-27/687,943,Released,unlinked,2000
SO-00031,HEALTH Q LIFESCIENCES PRIVATE LIMITED,3258,PR0006917,SKINQ GLOW BRIGHT MASK 10GM_Sample pack,Production Released,PM,7156,5L00055,FRAGILE STICKER,150,DPO-002,1083,Draft,linked:PR,20
SO-00031,HEALTH Q LIFESCIENCES PRIVATE LIMITED,3258,PR0006917,SKINQ GLOW BRIGHT MASK 10GM_Sample pack,Production Released,PM,7156,5L00055,FRAGILE STICKER,150,DPO-002,1084,Draft,linked:PR,20
SO-00031,HEALTH Q LIFESCIENCES PRIVATE LIMITED,3258,PR0006917,SKINQ GLOW BRIGHT MASK 10GM_Sample pack,Production Released,PM,9062,5P00001,30GB SHIPPER WITH PARTITION 370x370x120 5ply with printing & partion 10x10,150,EI/PO/26-27/687,943,Released,unlinked,2000
SO-00124,KOSMODERMA HEALTHCARE PRIVATE LIMITED,3428,PR0005243,KOSMODERMA C - BRITE VITAMIN C SERUM RADIANCE+++ 20 ML,Production Released,PM,7699,5L01104,KOSMODERMA C - BRITE VITAMIN C SERUM RADIANCE+++ 20ML LABEL,500,EI/PO/26-27/772,976,Released,unlinked,439
SO-00124,KOSMODERMA HEALTHCARE PRIVATE LIMITED,3428,PR0005243,KOSMODERMA C - BRITE VITAMIN C SERUM RADIANCE+++ 20 ML,Production Released,PM,8167,5M00072,KOSMODERMA C-BRITE VITAMIN C SERUM 20 ML MONOCARTON,500,EI/PO/26-27/772,976,Released,unlinked,200
SO-00124,KOSMODERMA HEALTHCARE PRIVATE LIMITED,3428,PR0005243,KOSMODERMA C - BRITE VITAMIN C SERUM RADIANCE+++ 20 ML,Production Released,PM,7156,5L00055,FRAGILE STICKER,5,DPO-002,1083,Draft,linked:PR,20
SO-00124,KOSMODERMA HEALTHCARE PRIVATE LIMITED,3428,PR0005243,KOSMODERMA C - BRITE VITAMIN C SERUM RADIANCE+++ 20 ML,Production Released,PM,7156,5L00055,FRAGILE STICKER,5,DPO-002,1084,Draft,linked:PR,20
SO-00124,KOSMODERMA HEALTHCARE PRIVATE LIMITED,3428,PR0005243,KOSMODERMA C - BRITE VITAMIN C SERUM RADIANCE+++ 20 ML,Production Released,PM,7759,5L01241,KOSMODERMA CONSULTATION LABEL  small .,500,EI/PO/26-27/830,998,Released,unlinked,748
SO-00124,KOSMODERMA HEALTHCARE PRIVATE LIMITED,3428,PR0005243,KOSMODERMA C - BRITE VITAMIN C SERUM RADIANCE+++ 20 ML,Production Released,PM,8937,5S00002,200 ML SHIPPER 500x250x200 mm with printing and 2 pads,5,EI/PO/26-27/809,990,Released,unlinked,3985
SO-00019,KOSMODERMA HEALTHCARE PRIVATE LIMITED,3361,PR0005243,KOSMODERMA C - BRITE VITAMIN C SERUM RADIANCE+++ 20 ML,Production Released,PM,7699,5L01104,KOSMODERMA C - BRITE VITAMIN C SERUM RADIANCE+++ 20ML LABEL,500,EI/PO/26-27/772,976,Released,unlinked,439
SO-00019,KOSMODERMA HEALTHCARE PRIVATE LIMITED,3361,PR0005243,KOSMODERMA C - BRITE VITAMIN C SERUM RADIANCE+++ 20 ML,Production Released,PM,8167,5M00072,KOSMODERMA C-BRITE VITAMIN C SERUM 20 ML MONOCARTON,500,EI/PO/26-27/772,976,Released,unlinked,200
SO-00019,KOSMODERMA HEALTHCARE PRIVATE LIMITED,3361,PR0005243,KOSMODERMA C - BRITE VITAMIN C SERUM RADIANCE+++ 20 ML,Production Released,PM,7156,5L00055,FRAGILE STICKER,5,DPO-002,1083,Draft,linked:PR,20
SO-00019,KOSMODERMA HEALTHCARE PRIVATE LIMITED,3361,PR0005243,KOSMODERMA C - BRITE VITAMIN C SERUM RADIANCE+++ 20 ML,Production Released,PM,7156,5L00055,FRAGILE STICKER,5,DPO-002,1084,Draft,linked:PR,20
SO-00019,KOSMODERMA HEALTHCARE PRIVATE LIMITED,3361,PR0005243,KOSMODERMA C - BRITE VITAMIN C SERUM RADIANCE+++ 20 ML,Production Released,PM,7759,5L01241,KOSMODERMA CONSULTATION LABEL  small .,500,EI/PO/26-27/830,998,Released,unlinked,748
SO-00019,KOSMODERMA HEALTHCARE PRIVATE LIMITED,3361,PR0005243,KOSMODERMA C - BRITE VITAMIN C SERUM RADIANCE+++ 20 ML,Production Released,PM,8937,5S00002,200 ML SHIPPER 500x250x200 mm with printing and 2 pads,5,EI/PO/26-27/809,990,Released,unlinked,3985
SO-00032,HEALTH Q LIFESCIENCES PRIVATE LIMITED,3255,PR0007343,SKINQ ACNE CONTROL MASK 10GM_Sample pack(KIT),Production Released,PM,7156,5L00055,FRAGILE STICKER,40.02,DPO-002,1083,Draft,linked:PR,20
SO-00032,HEALTH Q LIFESCIENCES PRIVATE LIMITED,3255,PR0007343,SKINQ ACNE CONTROL MASK 10GM_Sample pack(KIT),Production Released,PM,7156,5L00055,FRAGILE STICKER,40.02,DPO-002,1084,Draft,linked:PR,20
SO-00032,HEALTH Q LIFESCIENCES PRIVATE LIMITED,3255,PR0007343,SKINQ ACNE CONTROL MASK 10GM_Sample pack(KIT),Production Released,PM,9062,5P00001,30GB SHIPPER WITH PARTITION 370x370x120 5ply with printing & partion 10x10,40.02,EI/PO/26-27/687,943,Released,unlinked,2000
SO-00011,HEALTH Q LIFESCIENCES PRIVATE LIMITED,3266,PR0007343,SKINQ ACNE CONTROL MASK 10GM_Sample pack(KIT),Production Released,PM,7156,5L00055,FRAGILE STICKER,2.735,DPO-002,1083,Draft,linked:PR,20
SO-00011,HEALTH Q LIFESCIENCES PRIVATE LIMITED,3266,PR0007343,SKINQ ACNE CONTROL MASK 10GM_Sample pack(KIT),Production Released,PM,7156,5L00055,FRAGILE STICKER,2.735,DPO-002,1084,Draft,linked:PR,20
SO-00011,HEALTH Q LIFESCIENCES PRIVATE LIMITED,3266,PR0007343,SKINQ ACNE CONTROL MASK 10GM_Sample pack(KIT),Production Released,PM,9062,5P00001,30GB SHIPPER WITH PARTITION 370x370x120 5ply with printing & partion 10x10,2.735,EI/PO/26-27/687,943,Released,unlinked,2000
SO-00058,HEALTH Q LIFESCIENCES PRIVATE LIMITED,3251,PR0007035,SKINQ RX ACNI DERM RETINOL ACTIVE SERUM 30ML,Production Released,PM,7059,4001145,SKINQ RX 30 ML/50 ML AIRLESS PUMP WITH OVERCAP,756,EI/PO/26-27/950,1076,Released,unlinked,12000
SO-00058,HEALTH Q LIFESCIENCES PRIVATE LIMITED,3251,PR0007035,SKINQ RX ACNI DERM RETINOL ACTIVE SERUM 30ML,Production Released,PM,7156,5L00055,FRAGILE STICKER,18.9,DPO-002,1083,Draft,linked:PR,20
SO-00058,HEALTH Q LIFESCIENCES PRIVATE LIMITED,3251,PR0007035,SKINQ RX ACNI DERM RETINOL ACTIVE SERUM 30ML,Production Released,PM,7156,5L00055,FRAGILE STICKER,18.9,DPO-002,1084,Draft,linked:PR,20
SO-00058,HEALTH Q LIFESCIENCES PRIVATE LIMITED,3251,PR0007035,SKINQ RX ACNI DERM RETINOL ACTIVE SERUM 30ML,Production Released,PM,8795,5M01047,SKINQ RX ACNI DERM RETINOL ACTIVE SERUM 30 ML MONOCARTON,756,EI/PO/26-27/679,945,Released,unlinked,2000
SO-00603,HEALTH Q LIFESCIENCES PRIVATE LIMITED,3275,PR0007045,SKINQ RX HYDRATE PRE-MASK SERUM_KC 10ML,Production Released,PM,7156,5L00055,FRAGILE STICKER,30,DPO-002,1083,Draft,linked:PR,20
SO-00603,HEALTH Q LIFESCIENCES PRIVATE LIMITED,3275,PR0007045,SKINQ RX HYDRATE PRE-MASK SERUM_KC 10ML,Production Released,PM,7156,5L00055,FRAGILE STICKER,30,DPO-002,1084,Draft,linked:PR,20
SO-00603,HEALTH Q LIFESCIENCES PRIVATE LIMITED,3275,PR0007045,SKINQ RX HYDRATE PRE-MASK SERUM_KC 10ML,Production Released,PM,9062,5P00001,30GB SHIPPER WITH PARTITION 370x370x120 5ply with printing & partion 10x10,30,EI/PO/26-27/687,943,Released,unlinked,2000
SO-00026,HEALTH Q LIFESCIENCES PRIVATE LIMITED,3357,PR0007105,SKINQ RX DERMA BRIGHT MASK 10 GM,Production Released,PM,7156,5L00055,FRAGILE STICKER,50,DPO-002,1083,Draft,linked:PR,20
SO-00026,HEALTH Q LIFESCIENCES PRIVATE LIMITED,3357,PR0007105,SKINQ RX DERMA BRIGHT MASK 10 GM,Production Released,PM,7156,5L00055,FRAGILE STICKER,50,DPO-002,1084,Draft,linked:PR,20
SO-00026,HEALTH Q LIFESCIENCES PRIVATE LIMITED,3357,PR0007105,SKINQ RX DERMA BRIGHT MASK 10 GM,Production Released,PM,7065,4001151,SKINQ RX DERMA BRIGHT MASK 10 GM PRINTED TUBE WITH NOZZLE SCREW CAP,10000,EI/PO/26-27/759,975,Released,unlinked,9880
SO-00026,HEALTH Q LIFESCIENCES PRIVATE LIMITED,3357,PR0007105,SKINQ RX DERMA BRIGHT MASK 10 GM,Production Released,PM,9062,5P00001,30GB SHIPPER WITH PARTITION 370x370x120 5ply with printing & partion 10x10,50,EI/PO/26-27/687,943,Released,unlinked,2000
SO-00651,ENVEE SKIN SPECIALIST LLP,3381,PR0005763,THE SKIN SPECIALIST TRICOREVIVE HAIR STRENGTHENING SHAMPOO 150ML,Production Released,PM,7156,5L00055,FRAGILE STICKER,330,DPO-002,1083,Draft,linked:PR,20
SO-00651,ENVEE SKIN SPECIALIST LLP,3381,PR0005763,THE SKIN SPECIALIST TRICOREVIVE HAIR STRENGTHENING SHAMPOO 150ML,Production Released,PM,7156,5L00055,FRAGILE STICKER,330,DPO-002,1084,Draft,linked:PR,20
SO-00651,ENVEE SKIN SPECIALIST LLP,3381,PR0005763,THE SKIN SPECIALIST TRICOREVIVE HAIR STRENGTHENING SHAMPOO 150ML,Production Released,PM,7043,4001125,THE SKIN SPECIALIST TRICOREVIVE HAIR STRENGTHENING SHAMPOO 150ML PRINTED TUBE WITH WHITE FLIPTOP CAP,10000,EI/PO/26-27/741,969,Released,unlinked,15000
SO-00177,KOSMODERMA HEALTHCARE PRIVATE LIMITED,3465,PR0006036,KOSMODERMA ULTRA MOISTURE BLAST 120ML,Production Released,PM,7845,5L01357,KOSMODERMA ULTRA MOISTURE BLAST 120ML LABEL,105,EI/PO/26-27/940,1068,Released,unlinked,120
SO-00177,KOSMODERMA HEALTHCARE PRIVATE LIMITED,3465,PR0006036,KOSMODERMA ULTRA MOISTURE BLAST 120ML,Production Released,PM,7845,5L01357,KOSMODERMA ULTRA MOISTURE BLAST 120ML LABEL,105,EI/PO/26-27/902,1042,Released,unlinked,750
SO-00177,KOSMODERMA HEALTHCARE PRIVATE LIMITED,3465,PR0006036,KOSMODERMA ULTRA MOISTURE BLAST 120ML,Production Released,PM,6628,4000202,120 ML CYLINDER BOTTLE WHITE,105,EI/PO/26-27/882,1027,Released,unlinked,700
SO-00177,KOSMODERMA HEALTHCARE PRIVATE LIMITED,3465,PR0006036,KOSMODERMA ULTRA MOISTURE BLAST 120ML,Production Released,PM,7156,5L00055,FRAGILE STICKER,3.255,DPO-002,1083,Draft,linked:PR,20
SO-00177,KOSMODERMA HEALTHCARE PRIVATE LIMITED,3465,PR0006036,KOSMODERMA ULTRA MOISTURE BLAST 120ML,Production Released,PM,7156,5L00055,FRAGILE STICKER,3.255,DPO-002,1084,Draft,linked:PR,20
SO-00177,KOSMODERMA HEALTHCARE PRIVATE LIMITED,3465,PR0006036,KOSMODERMA ULTRA MOISTURE BLAST 120ML,Production Released,PM,8627,5M00803,KOSMODERMA ULTRA MOISTURE BLAST 120ML MONOCARTON,105,EI/PO/26-27/902,1042,Released,unlinked,750
SO-00177,KOSMODERMA HEALTHCARE PRIVATE LIMITED,3465,PR0006036,KOSMODERMA ULTRA MOISTURE BLAST 120ML,Production Released,PM,8937,5S00002,200 ML SHIPPER 500x250x200 mm with printing and 2 pads,3.276,EI/PO/26-27/809,990,Released,unlinked,3985
SO-00067,HEALTH Q LIFESCIENCES PRIVATE LIMITED,3308,PR0007198,SKINQ HYDRATE PRE-MASK SERUM_KC 10ML,Production Released,PM,7156,5L00055,FRAGILE STICKER,30,DPO-002,1083,Draft,linked:PR,20
SO-00067,HEALTH Q LIFESCIENCES PRIVATE LIMITED,3308,PR0007198,SKINQ HYDRATE PRE-MASK SERUM_KC 10ML,Production Released,PM,7156,5L00055,FRAGILE STICKER,30,DPO-002,1084,Draft,linked:PR,20
SO-00067,HEALTH Q LIFESCIENCES PRIVATE LIMITED,3308,PR0007198,SKINQ HYDRATE PRE-MASK SERUM_KC 10ML,Production Released,PM,9062,5P00001,30GB SHIPPER WITH PARTITION 370x370x120 5ply with printing & partion 10x10,30,EI/PO/26-27/687,943,Released,unlinked,2000
SO-00091,SRINIDHI ENTERPRISES,3412,PR0007380,DR NIDHI'S FORMULA ANTI DANDRUFF SHAMPOO 100ML,Production Released,PM,8905,4001204,120 ML HDPE WHITE BOTTLE,2000,EI/PO/26-27/746,971,Released,unlinked,10000
SO-00091,SRINIDHI ENTERPRISES,3412,PR0007380,DR NIDHI'S FORMULA ANTI DANDRUFF SHAMPOO 100ML,Production Released,PM,8906,4001205,WHITE FLIPTOP CAP FOR 120 ML HDPE BOTTLE,2000,EI/PO/26-27/746,971,Released,unlinked,10000
SO-00091,SRINIDHI ENTERPRISES,3412,PR0007380,DR NIDHI'S FORMULA ANTI DANDRUFF SHAMPOO 100ML,Production Released,PM,7156,5L00055,FRAGILE STICKER,44,DPO-002,1083,Draft,linked:PR,20
SO-00091,SRINIDHI ENTERPRISES,3412,PR0007380,DR NIDHI'S FORMULA ANTI DANDRUFF SHAMPOO 100ML,Production Released,PM,7156,5L00055,FRAGILE STICKER,44,DPO-002,1084,Draft,linked:PR,20
SO-00091,SRINIDHI ENTERPRISES,3412,PR0007380,DR NIDHI'S FORMULA ANTI DANDRUFF SHAMPOO 100ML,Production Released,PM,8937,5S00002,200 ML SHIPPER 500x250x200 mm with printing and 2 pads,44,EI/PO/26-27/809,990,Released,unlinked,3985
SO-00091,SRINIDHI ENTERPRISES,3412,PR0007380,DR NIDHI'S FORMULA ANTI DANDRUFF SHAMPOO 100ML,Production Released,PM,8930,5000127,TRANSPARENT VOID TAMPER STICKER,4000,EI/PO/26-27/795,986,Released,unlinked,10000
SO-00491,M/s. AVIOTHIC,3396,PR0006524,DERMASONIQUE ANTI WASH HAIR SERUM 50ML,Production Released,PM,7156,5L00055,FRAGILE STICKER,500,DPO-002,1083,Draft,linked:PR,20
SO-00491,M/s. AVIOTHIC,3396,PR0006524,DERMASONIQUE ANTI WASH HAIR SERUM 50ML,Production Released,PM,7156,5L00055,FRAGILE STICKER,500,DPO-002,1084,Draft,linked:PR,20
SO-00491,M/s. AVIOTHIC,3396,PR0006524,DERMASONIQUE ANTI WASH HAIR SERUM 50ML,Production Released,PM,6789,4000518,18/410 OIL PUMP-WHITE-RIBBED WITH WHITE DUST CAP(I),500,EI/PO/26-27/692,940,Released,other-ref,1400
SO-00491,M/s. AVIOTHIC,3396,PR0006524,DERMASONIQUE ANTI WASH HAIR SERUM 50ML,Production Released,PM,8769,5M00996,DERMASONIQUE ANTI WASH HAIR SERUM 50ML MONOCARTON,500,EI/PO/26-27/381,966,Released,other-ref,520
SO-00491,M/s. AVIOTHIC,3396,PR0006524,DERMASONIQUE ANTI WASH HAIR SERUM 50ML,Production Released,PM,8937,5S00002,200 ML SHIPPER 500x250x200 mm with printing and 2 pads,10,EI/PO/26-27/809,990,Released,unlinked,3985
SO-00491,M/s. AVIOTHIC,3396,PR0006524,DERMASONIQUE ANTI WASH HAIR SERUM 50ML,Production Released,PM,8930,5000127,TRANSPARENT VOID TAMPER STICKER,1000,EI/PO/26-27/795,986,Released,unlinked,10000
SO-00511,MYSKINN,3393,PR0007221,MYSKINN INVISIBLE SHIELD SPF 50PA++++ 50ML,Production Released,PM,7156,5L00055,FRAGILE STICKER,88,DPO-002,1083,Draft,linked:PR,20
SO-00511,MYSKINN,3393,PR0007221,MYSKINN INVISIBLE SHIELD SPF 50PA++++ 50ML,Production Released,PM,7156,5L00055,FRAGILE STICKER,88,DPO-002,1084,Draft,linked:PR,20
SO-00511,MYSKINN,3393,PR0007221,MYSKINN INVISIBLE SHIELD SPF 50PA++++ 50ML,Production Released,PM,8766,5M00992,MYSKINN INVISIBLE SHIELD 50ML TUBE MONOCARTON (AMAZON),4000,EI/PO/26-27/381,966,Released,other-ref,4100
SO-00511,MYSKINN,3393,PR0007221,MYSKINN INVISIBLE SHIELD SPF 50PA++++ 50ML,Production Released,PM,7082,4001169,MYSKINN INVISIBLE SHIELD SPF 50 PA +++ SUNSCREEN 50 ML PRINTED TUBE WITH FLIP TOP CAP ( new ),4000,EI/PO/26-27/656,951,Released,unlinked,10000
SO-00511,MYSKINN,3393,PR0007221,MYSKINN INVISIBLE SHIELD SPF 50PA++++ 50ML,Production Released,PM,8937,5S00002,200 ML SHIPPER 500x250x200 mm with printing and 2 pads,88.8,EI/PO/26-27/809,990,Released,unlinked,3985
SO-00511,MYSKINN,3393,PR0007221,MYSKINN INVISIBLE SHIELD SPF 50PA++++ 50ML,Production Released,PM,8930,5000127,TRANSPARENT VOID TAMPER STICKER,8000,EI/PO/26-27/795,986,Released,unlinked,10000
SO-00452,ENVEE SKIN SPECIALIST LLP,3399,PR0006216,THE SKIN SPECIALIST HYDRALITE GEL MOISTURIZER 60ML PR0006216,Production Released,PM,7156,5L00055,FRAGILE STICKER,200,DPO-002,1083,Draft,linked:PR,20
SO-00452,ENVEE SKIN SPECIALIST LLP,3399,PR0006216,THE SKIN SPECIALIST HYDRALITE GEL MOISTURIZER 60ML PR0006216,Production Released,PM,7156,5L00055,FRAGILE STICKER,200,DPO-002,1084,Draft,linked:PR,20
SO-00452,ENVEE SKIN SPECIALIST LLP,3399,PR0006216,THE SKIN SPECIALIST HYDRALITE GEL MOISTURIZER 60ML PR0006216,Production Released,PM,8639,5M00818,THE  SKIN SPECIALIST HYDRALITE GEL MOISTURIZER 60 ML  MONOCARTON,10000,EI/PO/26-27/641,956,Released,unlinked,10000
SO-00452,ENVEE SKIN SPECIALIST LLP,3399,PR0006216,THE SKIN SPECIALIST HYDRALITE GEL MOISTURIZER 60ML PR0006216,Production Released,PM,6915,4000904,THE SKIN SPECIALIST HYDRALITE GEL MOISTURIZER 60 ML TUBE - 35 DIA,10000,EI/PO/26-27/734,968,Released,unlinked,10000
SO-00452,ENVEE SKIN SPECIALIST LLP,3399,PR0006216,THE SKIN SPECIALIST HYDRALITE GEL MOISTURIZER 60ML PR0006216,Production Released,PM,8937,5S00002,200 ML SHIPPER 500x250x200 mm with printing and 2 pads,200,EI/PO/26-27/809,990,Released,unlinked,3985
SO-00452,ENVEE SKIN SPECIALIST LLP,3399,PR0006216,THE SKIN SPECIALIST HYDRALITE GEL MOISTURIZER 60ML PR0006216,Production Released,PM,8930,5000127,TRANSPARENT VOID TAMPER STICKER,20000,EI/PO/26-27/795,986,Released,unlinked,10000
SO-00093,CIRCLE SKINCARE PRIVATE LIMITED,3414,PR0005048,CIRCLE SKIN CARE CERAMIDE FACE MOISTURIZER 50ML,Production Released,PM,6594,4000152,PET MILKY ALPHA BOTTLE 60 ML 20 MM NECK,3000,EI/PO/26-27/864,1016,Released,unlinked,15000
SO-00093,CIRCLE SKINCARE PRIVATE LIMITED,3414,PR0005048,CIRCLE SKIN CARE CERAMIDE FACE MOISTURIZER 50ML,Production Released,PM,8559,5M00705,CIRCLE SKINCARE  CERAMIDE  FACE MOISTURIZER 50 ml MONOCARTON,3000,EI/PO/26-27/839,1003,Released,unlinked,3100
SO-00093,CIRCLE SKINCARE PRIVATE LIMITED,3414,PR0005048,CIRCLE SKIN CARE CERAMIDE FACE MOISTURIZER 50ML,Production Released,PM,7156,5L00055,FRAGILE STICKER,93,DPO-002,1083,Draft,linked:PR,20
SO-00093,CIRCLE SKINCARE PRIVATE LIMITED,3414,PR0005048,CIRCLE SKIN CARE CERAMIDE FACE MOISTURIZER 50ML,Production Released,PM,7156,5L00055,FRAGILE STICKER,93,DPO-002,1084,Draft,linked:PR,20
SO-00093,CIRCLE SKINCARE PRIVATE LIMITED,3414,PR0005048,CIRCLE SKIN CARE CERAMIDE FACE MOISTURIZER 50ML,Production Released,PM,6552,4000093,LW D201 WHITE PUMP,3000,EI/PO/26-27/909,1047,Released,unlinked,14000
SO-00093,CIRCLE SKINCARE PRIVATE LIMITED,3414,PR0005048,CIRCLE SKIN CARE CERAMIDE FACE MOISTURIZER 50ML,Production Released,PM,6552,4000093,LW D201 WHITE PUMP,3000,EI/PO/26-27/944,1072,Released,unlinked,50000
SO-00093,CIRCLE SKINCARE PRIVATE LIMITED,3414,PR0005048,CIRCLE SKIN CARE CERAMIDE FACE MOISTURIZER 50ML,Production Released,PM,8937,5S00002,200 ML SHIPPER 500x250x200 mm with printing and 2 pads,93.6,EI/PO/26-27/809,990,Released,unlinked,3985
SO-00093,CIRCLE SKINCARE PRIVATE LIMITED,3414,PR0005048,CIRCLE SKIN CARE CERAMIDE FACE MOISTURIZER 50ML,Production Released,PM,8930,5000127,TRANSPARENT VOID TAMPER STICKER,6000,EI/PO/26-27/795,986,Released,unlinked,10000